{
  "type": "FeatureCollection",
  "features": [
    {
      "type": "Feature",
      "id": "st-de3f48f0",
      "properties": {
        "geostripe": "street",
        "name": "Street 1",
        "visible": true,
        "sectionName": "1+1 + planted median + bike both",
        "anchorOffsetMeters": null,
        "components": [
          {
            "componentType": "sidewalk",
            "widthMeters": 1.8,
            "direction": "none"
          },
          {
            "componentType": "bikeLaneBuffered",
            "widthMeters": 2.4,
            "direction": "backward"
          },
          {
            "componentType": "travelLane",
            "widthMeters": 3,
            "direction": "backward"
          },
          {
            "componentType": "median",
            "widthMeters": 1.8,
            "direction": "none"
          },
          {
            "componentType": "travelLane",
            "widthMeters": 3,
            "direction": "forward"
          },
          {
            "componentType": "bikeLaneBuffered",
            "widthMeters": 2.4,
            "direction": "forward"
          },
          {
            "componentType": "sidewalk",
            "widthMeters": 1.8,
            "direction": "none"
          }
        ]
      },
      "geometry": {
        "type": "LineString",
        "coordinates": [
          [
            -84.52043143202326,
            39.109863520437216
          ],
          [
            -84.51689415622155,
            39.11038367139986
          ]
        ]
      }
    },
    {
      "type": "Feature",
      "id": "st-654626d6",
      "properties": {
        "geostripe": "street",
        "name": "Street 2",
        "visible": true,
        "sectionName": "1+1 + turn + protected bike both",
        "anchorOffsetMeters": null,
        "components": [
          {
            "componentType": "sidewalk",
            "widthMeters": 1.8,
            "direction": "none"
          },
          {
            "componentType": "travelLane",
            "widthMeters": 3,
            "direction": "forward"
          },
          {
            "componentType": "travelLane",
            "widthMeters": 3,
            "direction": "forward"
          },
          {
            "componentType": "bikeLaneProtected",
            "widthMeters": 2.7,
            "direction": "forward"
          },
          {
            "componentType": "sidewalk",
            "widthMeters": 1.8,
            "direction": "none"
          }
        ]
      },
      "geometry": {
        "type": "LineString",
        "coordinates": [
          [
            -84.51762277567904,
            39.1063068435578
          ],
          [
            -84.51876187157309,
            39.110789321058576
          ]
        ]
      }
    },
    {
      "type": "Feature",
      "id": "st-e5ff3277",
      "properties": {
        "geostripe": "street",
        "name": "Street 3",
        "visible": true,
        "sectionName": "1+1 + turn + protected bike both",
        "anchorOffsetMeters": null,
        "components": [
          {
            "componentType": "sidewalk",
            "widthMeters": 1.8,
            "direction": "none"
          },
          {
            "componentType": "travelLane",
            "widthMeters": 3,
            "direction": "backward"
          },
          {
            "componentType": "travelLane",
            "widthMeters": 3,
            "direction": "backward"
          },
          {
            "componentType": "bikeLaneProtected",
            "widthMeters": 2.7,
            "direction": "backward"
          },
          {
            "componentType": "sidewalk",
            "widthMeters": 1.8,
            "direction": "none"
          }
        ]
      },
      "geometry": {
        "type": "LineString",
        "coordinates": [
          [
            -84.51714117948244,
            39.11104469129802
          ],
          [
            -84.515967901411,
            39.10629475223149
          ]
        ]
      }
    },
    {
      "type": "Feature",
      "id": "st-b0917039",
      "properties": {
        "geostripe": "street",
        "name": "Street 4",
        "visible": true,
        "sectionName": "Separated path — walking and cycling apart",
        "anchorOffsetMeters": null,
        "components": [
          {
            "componentType": "verge",
            "widthMeters": 1.2,
            "direction": "none"
          },
          {
            "componentType": "footpath",
            "widthMeters": 2.4,
            "direction": "both"
          },
          {
            "componentType": "plantingStrip",
            "widthMeters": 0.9,
            "direction": "none"
          },
          {
            "componentType": "cycleTrackTwoWay",
            "widthMeters": 3.6,
            "direction": "both"
          },
          {
            "componentType": "pathShoulder",
            "widthMeters": 0.6,
            "direction": "none"
          },
          {
            "componentType": "verge",
            "widthMeters": 1.2,
            "direction": "none"
          }
        ]
      },
      "geometry": {
        "type": "LineString",
        "coordinates": [
          [
            -84.52011604985725,
            39.10747706652273
          ],
          [
            -84.51693343308206,
            39.10796056585659
          ],
          [
            -84.51146140586721,
            39.10880432635773
          ]
        ]
      }
    },
    {
      "type": "Feature",
      "id": "st-df65d7c9",
      "properties": {
        "geostripe": "street",
        "name": "Street 5",
        "visible": true,
        "sectionName": "6 lanes + median",
        "curve": {
          "mode": "smooth",
          "radiusMeters": 12
        },
        "anchorOffsetMeters": null,
        "components": [
          {
            "componentType": "sidewalk",
            "widthMeters": 3,
            "direction": "none"
          },
          {
            "componentType": "travelLane",
            "widthMeters": 3.35,
            "direction": "backward"
          },
          {
            "componentType": "travelLane",
            "widthMeters": 3.35,
            "direction": "backward"
          },
          {
            "componentType": "travelLane",
            "widthMeters": 3.35,
            "direction": "backward"
          },
          {
            "componentType": "median",
            "widthMeters": 2.4,
            "direction": "none"
          },
          {
            "componentType": "travelLane",
            "widthMeters": 3.35,
            "direction": "forward"
          },
          {
            "componentType": "travelLane",
            "widthMeters": 3.35,
            "direction": "forward"
          },
          {
            "componentType": "travelLane",
            "widthMeters": 3.35,
            "direction": "forward"
          },
          {
            "componentType": "sidewalk",
            "widthMeters": 3,
            "direction": "none"
          }
        ]
      },
      "geometry": {
        "type": "LineString",
        "coordinates": [
          [
            -84.50877608363768,
            39.10811286911243
          ],
          [
            -84.51793805019645,
            39.10663541554757
          ],
          [
            -84.51827615809268,
            39.10657919494193
          ],
          [
            -84.51860219070721,
            39.106529221032986
          ],
          [
            -84.51891212294585,
            39.10649174057798
          ],
          [
            -84.51916570386825,
            39.10649174057798
          ],
          [
            -84.5192985319703,
            39.10657294820567
          ],
          [
            -84.51939110913258,
            39.10685092745365
          ],
          [
            -84.51945551063623,
            39.107110165540206
          ],
          [
            -84.5195319874226,
            39.10735378600583
          ],
          [
            -84.51978959343873,
            39.10822206748213
          ]
        ]
      }
    },
    {
      "type": "Feature",
      "id": "st-818e5a2b",
      "properties": {
        "geostripe": "street",
        "name": "Street 6",
        "visible": true,
        "sectionName": "1+1 + turn + protected bike both",
        "anchorOffsetMeters": null,
        "components": [
          {
            "componentType": "sidewalk",
            "widthMeters": 1.8,
            "direction": "none"
          },
          {
            "componentType": "bikeLaneProtected",
            "widthMeters": 2.7,
            "direction": "backward"
          },
          {
            "componentType": "travelLane",
            "widthMeters": 3,
            "direction": "backward"
          },
          {
            "componentType": "travelLane",
            "widthMeters": 3,
            "direction": "forward"
          },
          {
            "componentType": "bikeLaneProtected",
            "widthMeters": 2.7,
            "direction": "forward"
          },
          {
            "componentType": "sidewalk",
            "widthMeters": 1.8,
            "direction": "none"
          }
        ]
      },
      "geometry": {
        "type": "LineString",
        "coordinates": [
          [
            -84.52119202059868,
            39.096229619811965
          ],
          [
            -84.51993316490893,
            39.09649913175974
          ],
          [
            -84.51798355196361,
            39.09693190535717
          ],
          [
            -84.51700593022017,
            39.09718076273484
          ],
          [
            -84.51591881484165,
            39.09735678327709
          ],
          [
            -84.51385557686652,
            39.09769131451162
          ],
          [
            -84.50896637589118,
            39.09842376842175
          ]
        ]
      }
    },
    {
      "type": "Feature",
      "id": "st-fbd4ca26",
      "properties": {
        "geostripe": "street",
        "name": "Street 7",
        "visible": true,
        "sectionName": "2 lanes + center turn",
        "anchorOffsetMeters": null,
        "components": [
          {
            "componentType": "sidewalk",
            "widthMeters": 3,
            "direction": "none"
          },
          {
            "componentType": "travelLane",
            "widthMeters": 3.35,
            "direction": "backward"
          },
          {
            "componentType": "turnLane",
            "widthMeters": 3.35,
            "direction": "both"
          },
          {
            "componentType": "travelLane",
            "widthMeters": 3.35,
            "direction": "forward"
          },
          {
            "componentType": "sidewalk",
            "widthMeters": 3,
            "direction": "none"
          }
        ]
      },
      "geometry": {
        "type": "LineString",
        "coordinates": [
          [
            -84.51695681808167,
            39.1091866427611
          ],
          [
            -84.51440106744627,
            39.10956267806756
          ],
          [
            -84.51183029806191,
            39.109952167664574
          ]
        ]
      }
    },
    {
      "type": "Feature",
      "id": "st-03c9663e",
      "properties": {
        "geostripe": "street",
        "name": "Street 10",
        "visible": true,
        "sectionName": "1+1 + turn + protected bike both",
        "anchorOffsetMeters": null,
        "components": [
          {
            "componentType": "sidewalk",
            "widthMeters": 3,
            "direction": "none"
          },
          {
            "componentType": "bikeLaneProtected",
            "widthMeters": 3,
            "direction": "backward"
          },
          {
            "componentType": "travelLane",
            "widthMeters": 3,
            "direction": "backward"
          },
          {
            "componentType": "turnLane",
            "widthMeters": 3,
            "direction": "both"
          },
          {
            "componentType": "travelLane",
            "widthMeters": 3,
            "direction": "forward"
          },
          {
            "componentType": "bikeLaneProtected",
            "widthMeters": 3,
            "direction": "forward"
          },
          {
            "componentType": "sidewalk",
            "widthMeters": 3,
            "direction": "none"
          }
        ]
      },
      "geometry": {
        "type": "LineString",
        "coordinates": [
          [
            -84.51212122700234,
            39.11113973829163
          ],
          [
            -84.51099008216444,
            39.10694063941489
          ]
        ]
      }
    },
    {
      "type": "Feature",
      "id": "st-8cc855ff",
      "properties": {
        "geostripe": "street",
        "name": "Street 11",
        "visible": true,
        "sectionName": "1+1 + turn + protected bike both",
        "anchorOffsetMeters": null,
        "components": [
          {
            "componentType": "sidewalk",
            "widthMeters": 3,
            "direction": "none"
          },
          {
            "componentType": "bikeLaneProtected",
            "widthMeters": 3,
            "direction": "backward"
          },
          {
            "componentType": "travelLane",
            "widthMeters": 3,
            "direction": "backward"
          },
          {
            "componentType": "turnLane",
            "widthMeters": 3,
            "direction": "both"
          },
          {
            "componentType": "travelLane",
            "widthMeters": 3,
            "direction": "forward"
          },
          {
            "componentType": "bikeLaneProtected",
            "widthMeters": 3,
            "direction": "forward"
          },
          {
            "componentType": "sidewalk",
            "widthMeters": 3,
            "direction": "none"
          }
        ]
      },
      "geometry": {
        "type": "LineString",
        "coordinates": [
          [
            -84.51177480236004,
            39.109818781837646
          ],
          [
            -84.51081749689759,
            39.10995985364053
          ],
          [
            -84.50855906829307,
            39.11029400118849
          ],
          [
            -84.50835952237703,
            39.109542484466544
          ],
          [
            -84.50809548901479,
            39.10861649899627
          ],
          [
            -84.50879074678467,
            39.10849236928527
          ],
          [
            -84.50857170375052,
            39.10777121987263
          ],
          [
            -84.50840585538086,
            39.107560651081286
          ],
          [
            -84.50795557099646,
            39.10727377134015
          ],
          [
            -84.50724459565214,
            39.106839771563756
          ],
          [
            -84.50312970331703,
            39.104430810285265
          ],
          [
            -84.49887727459819,
            39.10199634366617
          ]
        ]
      }
    },
    {
      "type": "Feature",
      "id": "st-23c54ad0",
      "properties": {
        "geostripe": "street",
        "name": "Street 10",
        "visible": true,
        "sectionName": "6 lanes + median",
        "anchorOffsetMeters": null,
        "components": [
          {
            "componentType": "sidewalk",
            "widthMeters": 3,
            "direction": "none"
          },
          {
            "componentType": "travelLane",
            "widthMeters": 3.35,
            "direction": "backward"
          },
          {
            "componentType": "travelLane",
            "widthMeters": 3.35,
            "direction": "backward"
          },
          {
            "componentType": "travelLane",
            "widthMeters": 3.35,
            "direction": "backward"
          },
          {
            "componentType": "median",
            "widthMeters": 2.4,
            "direction": "none"
          },
          {
            "componentType": "travelLane",
            "widthMeters": 3.35,
            "direction": "forward"
          },
          {
            "componentType": "travelLane",
            "widthMeters": 3.35,
            "direction": "forward"
          },
          {
            "componentType": "travelLane",
            "widthMeters": 3.35,
            "direction": "forward"
          },
          {
            "componentType": "sidewalk",
            "widthMeters": 3,
            "direction": "none"
          }
        ]
      },
      "geometry": {
        "type": "LineString",
        "coordinates": [
          [
            -84.50860797837362,
            39.10814982780366
          ],
          [
            -84.50817781128109,
            39.10828663215605
          ],
          [
            -84.50780916344291,
            39.10846621576252
          ],
          [
            -84.50717936971355,
            39.1087585940669
          ],
          [
            -84.50559630830858,
            39.10938206936032
          ],
          [
            -84.50481832997741,
            39.1097730079787
          ],
          [
            -84.50452520316449,
            39.110004446396545
          ],
          [
            -84.5042217912003,
            39.11040347636566
          ],
          [
            -84.5038600926785,
            39.11099465167615
          ]
        ]
      }
    },
    {
      "type": "Feature",
      "id": "st-de3f48f0:0",
      "properties": {
        "featureClass": "band",
        "streetId": "st-de3f48f0",
        "componentId": "cmp-c8f25898",
        "componentIndex": 0,
        "componentType": "sidewalk",
        "direction": "none",
        "widthMeters": 1.8,
        "color": "#8C8578",
        "geostripe": "band",
        "streetName": "Street 1"
      },
      "geometry": {
        "type": "Polygon",
        "coordinates": [
          [
            [
              -84.52044880142029,
              39.109935215973955
            ],
            [
              -84.52044494155427,
              39.10991928363246
            ],
            [
              -84.51690766575257,
              39.1104394345951
            ],
            [
              -84.51691152561858,
              39.1104553669366
            ],
            [
              -84.52044880142029,
              39.109935215973955
            ]
          ]
        ]
      }
    },
    {
      "type": "Feature",
      "id": "st-de3f48f0:1",
      "properties": {
        "featureClass": "band",
        "streetId": "st-de3f48f0",
        "componentId": "cmp-dff5cd94",
        "componentIndex": 1,
        "componentType": "bikeLaneBuffered",
        "direction": "backward",
        "widthMeters": 2.4,
        "color": "#2F7A6C",
        "geostripe": "band",
        "streetName": "Street 1"
      },
      "geometry": {
        "type": "Polygon",
        "coordinates": [
          [
            [
              -84.52044494155427,
              39.10991928363246
            ],
            [
              -84.52043979506627,
              39.10989804051046
            ],
            [
              -84.51690251926456,
              39.1104181914731
            ],
            [
              -84.51690766575257,
              39.1104394345951
            ],
            [
              -84.52044494155427,
              39.10991928363246
            ]
          ]
        ]
      }
    },
    {
      "type": "Feature",
      "id": "st-de3f48f0:2",
      "properties": {
        "featureClass": "band",
        "streetId": "st-de3f48f0",
        "componentId": "cmp-6df8fb18",
        "componentIndex": 2,
        "componentType": "travelLane",
        "direction": "backward",
        "widthMeters": 3,
        "color": "#4A5157",
        "geostripe": "band",
        "streetName": "Street 1"
      },
      "geometry": {
        "type": "Polygon",
        "coordinates": [
          [
            [
              -84.52043979506627,
              39.10989804051046
            ],
            [
              -84.52043336195626,
              39.109871486607965
            ],
            [
              -84.51689608615456,
              39.11039163757061
            ],
            [
              -84.51690251926456,
              39.1104181914731
            ],
            [
              -84.52043979506627,
              39.10989804051046
            ]
          ]
        ]
      }
    },
    {
      "type": "Feature",
      "id": "st-de3f48f0:3",
      "properties": {
        "featureClass": "band",
        "streetId": "st-de3f48f0",
        "componentId": "cmp-8ac4c95a",
        "componentIndex": 3,
        "componentType": "median",
        "direction": "none",
        "widthMeters": 1.8,
        "color": "#5E7A4A",
        "geostripe": "band",
        "streetName": "Street 1"
      },
      "geometry": {
        "type": "Polygon",
        "coordinates": [
          [
            [
              -84.52043336195626,
              39.109871486607965
            ],
            [
              -84.52042950209025,
              39.10985555426647
            ],
            [
              -84.51689222628855,
              39.11037570522911
            ],
            [
              -84.51689608615456,
              39.11039163757061
            ],
            [
              -84.52043336195626,
              39.109871486607965
            ]
          ]
        ]
      }
    },
    {
      "type": "Feature",
      "id": "st-de3f48f0:4",
      "properties": {
        "featureClass": "band",
        "streetId": "st-de3f48f0",
        "componentId": "cmp-e8ffd3e6",
        "componentIndex": 4,
        "componentType": "travelLane",
        "direction": "forward",
        "widthMeters": 3,
        "color": "#4A5157",
        "geostripe": "band",
        "streetName": "Street 1"
      },
      "geometry": {
        "type": "Polygon",
        "coordinates": [
          [
            [
              -84.52042950209025,
              39.10985555426647
            ],
            [
              -84.52042306898025,
              39.10982900036397
            ],
            [
              -84.51688579317855,
              39.110349151326616
            ],
            [
              -84.51689222628855,
              39.11037570522911
            ],
            [
              -84.52042950209025,
              39.10985555426647
            ]
          ]
        ]
      }
    },
    {
      "type": "Feature",
      "id": "st-de3f48f0:5",
      "properties": {
        "featureClass": "band",
        "streetId": "st-de3f48f0",
        "componentId": "cmp-7cab64ed",
        "componentIndex": 5,
        "componentType": "bikeLaneBuffered",
        "direction": "forward",
        "widthMeters": 2.4,
        "color": "#2F7A6C",
        "geostripe": "band",
        "streetName": "Street 1"
      },
      "geometry": {
        "type": "Polygon",
        "coordinates": [
          [
            [
              -84.52042306898025,
              39.10982900036397
            ],
            [
              -84.52041792249224,
              39.109807757241974
            ],
            [
              -84.51688064669054,
              39.11032790820462
            ],
            [
              -84.51688579317855,
              39.110349151326616
            ],
            [
              -84.52042306898025,
              39.10982900036397
            ]
          ]
        ]
      }
    },
    {
      "type": "Feature",
      "id": "st-de3f48f0:6",
      "properties": {
        "featureClass": "band",
        "streetId": "st-de3f48f0",
        "componentId": "cmp-0fb2c817",
        "componentIndex": 6,
        "componentType": "sidewalk",
        "direction": "none",
        "widthMeters": 1.8,
        "color": "#8C8578",
        "geostripe": "band",
        "streetName": "Street 1"
      },
      "geometry": {
        "type": "Polygon",
        "coordinates": [
          [
            [
              -84.52041792249224,
              39.109807757241974
            ],
            [
              -84.52041406262623,
              39.109791824900476
            ],
            [
              -84.51687678682453,
              39.11031197586312
            ],
            [
              -84.51688064669054,
              39.11032790820462
            ],
            [
              -84.52041792249224,
              39.109807757241974
            ]
          ]
        ]
      }
    },
    {
      "type": "Feature",
      "id": "st-654626d6:0",
      "properties": {
        "featureClass": "band",
        "streetId": "st-654626d6",
        "componentId": "cmp-3c71a5d3",
        "componentIndex": 0,
        "componentType": "sidewalk",
        "direction": "none",
        "widthMeters": 1.8,
        "color": "#8C8578",
        "geostripe": "band",
        "streetName": "Street 2"
      },
      "geometry": {
        "type": "Polygon",
        "coordinates": [
          [
            [
              -84.51883162098503,
              39.11077856210202
            ],
            [
              -84.51769252509098,
              39.10629608460125
            ],
            [
              -84.51767211062895,
              39.106299233564144
            ],
            [
              -84.518811206523,
              39.11078171106492
            ],
            [
              -84.51883162098503,
              39.11077856210202
            ]
          ]
        ]
      }
    },
    {
      "type": "Feature",
      "id": "st-654626d6:1",
      "properties": {
        "featureClass": "band",
        "streetId": "st-654626d6",
        "componentId": "cmp-d076e3e6",
        "componentIndex": 1,
        "componentType": "travelLane",
        "direction": "forward",
        "widthMeters": 3,
        "color": "#4A5157",
        "geostripe": "band",
        "streetName": "Street 2"
      },
      "geometry": {
        "type": "Polygon",
        "coordinates": [
          [
            [
              -84.518811206523,
              39.11078171106492
            ],
            [
              -84.51767211062895,
              39.106299233564144
            ],
            [
              -84.51763808652557,
              39.106304481835636
            ],
            [
              -84.51877718241961,
              39.11078695933641
            ],
            [
              -84.518811206523,
              39.11078171106492
            ]
          ]
        ]
      }
    },
    {
      "type": "Feature",
      "id": "st-654626d6:2",
      "properties": {
        "featureClass": "band",
        "streetId": "st-654626d6",
        "componentId": "cmp-0479d4ca",
        "componentIndex": 2,
        "componentType": "travelLane",
        "direction": "forward",
        "widthMeters": 3,
        "color": "#4A5157",
        "geostripe": "band",
        "streetName": "Street 2"
      },
      "geometry": {
        "type": "Polygon",
        "coordinates": [
          [
            [
              -84.51877718241961,
              39.11078695933641
            ],
            [
              -84.51763808652557,
              39.106304481835636
            ],
            [
              -84.51760406242218,
              39.10630973010712
            ],
            [
              -84.51874315831623,
              39.11079220760789
            ],
            [
              -84.51877718241961,
              39.11078695933641
            ]
          ]
        ]
      }
    },
    {
      "type": "Feature",
      "id": "st-654626d6:3",
      "properties": {
        "featureClass": "band",
        "streetId": "st-654626d6",
        "componentId": "cmp-1c5f0a3b",
        "componentIndex": 3,
        "componentType": "bikeLaneProtected",
        "direction": "forward",
        "widthMeters": 2.7,
        "color": "#2F8A72",
        "geostripe": "band",
        "streetName": "Street 2"
      },
      "geometry": {
        "type": "Polygon",
        "coordinates": [
          [
            [
              -84.51874315831623,
              39.11079220760789
            ],
            [
              -84.51760406242218,
              39.10630973010712
            ],
            [
              -84.51757344072914,
              39.10631445355146
            ],
            [
              -84.51871253662318,
              39.110796931052235
            ],
            [
              -84.51874315831623,
              39.11079220760789
            ]
          ]
        ]
      }
    },
    {
      "type": "Feature",
      "id": "st-654626d6:4",
      "properties": {
        "featureClass": "band",
        "streetId": "st-654626d6",
        "componentId": "cmp-c71ec322",
        "componentIndex": 4,
        "componentType": "sidewalk",
        "direction": "none",
        "widthMeters": 1.8,
        "color": "#8C8578",
        "geostripe": "band",
        "streetName": "Street 2"
      },
      "geometry": {
        "type": "Polygon",
        "coordinates": [
          [
            [
              -84.51871253662318,
              39.110796931052235
            ],
            [
              -84.51757344072914,
              39.10631445355146
            ],
            [
              -84.51755302626711,
              39.10631760251436
            ],
            [
              -84.51869212216116,
              39.11080008001513
            ],
            [
              -84.51871253662318,
              39.110796931052235
            ]
          ]
        ]
      }
    },
    {
      "type": "Feature",
      "id": "st-e5ff3277:0",
      "properties": {
        "featureClass": "band",
        "streetId": "st-e5ff3277",
        "componentId": "cmp-e2e1c18d",
        "componentIndex": 0,
        "componentType": "sidewalk",
        "direction": "none",
        "widthMeters": 1.8,
        "color": "#8C8578",
        "geostripe": "band",
        "streetName": "Street 3"
      },
      "geometry": {
        "type": "Polygon",
        "coordinates": [
          [
            [
              -84.51709179300609,
              39.11105209598801
            ],
            [
              -84.51591851493465,
              39.10630215692148
            ],
            [
              -84.51589807915133,
              39.10630522093113
            ],
            [
              -84.51707135722276,
              39.111055159997655
            ],
            [
              -84.51709179300609,
              39.11105209598801
            ]
          ]
        ]
      }
    },
    {
      "type": "Feature",
      "id": "st-e5ff3277:1",
      "properties": {
        "featureClass": "band",
        "streetId": "st-e5ff3277",
        "componentId": "cmp-0e63b1af",
        "componentIndex": 1,
        "componentType": "travelLane",
        "direction": "backward",
        "widthMeters": 3,
        "color": "#4A5157",
        "geostripe": "band",
        "streetName": "Street 3"
      },
      "geometry": {
        "type": "Polygon",
        "coordinates": [
          [
            [
              -84.51712585264495,
              39.11104698930526
            ],
            [
              -84.51595257457352,
              39.10629705023873
            ],
            [
              -84.51591851493465,
              39.10630215692148
            ],
            [
              -84.51709179300609,
              39.11105209598801
            ],
            [
              -84.51712585264495,
              39.11104698930526
            ]
          ]
        ]
      }
    },
    {
      "type": "Feature",
      "id": "st-e5ff3277:2",
      "properties": {
        "featureClass": "band",
        "streetId": "st-e5ff3277",
        "componentId": "cmp-eed40118",
        "componentIndex": 2,
        "componentType": "travelLane",
        "direction": "backward",
        "widthMeters": 3,
        "color": "#4A5157",
        "geostripe": "band",
        "streetName": "Street 3"
      },
      "geometry": {
        "type": "Polygon",
        "coordinates": [
          [
            [
              -84.51715991228382,
              39.11104188262251
            ],
            [
              -84.51598663421238,
              39.10629194355598
            ],
            [
              -84.51595257457352,
              39.10629705023873
            ],
            [
              -84.51712585264495,
              39.11104698930526
            ],
            [
              -84.51715991228382,
              39.11104188262251
            ]
          ]
        ]
      }
    },
    {
      "type": "Feature",
      "id": "st-e5ff3277:3",
      "properties": {
        "featureClass": "band",
        "streetId": "st-e5ff3277",
        "componentId": "cmp-1963e744",
        "componentIndex": 3,
        "componentType": "bikeLaneProtected",
        "direction": "backward",
        "widthMeters": 2.7,
        "color": "#2F8A72",
        "geostripe": "band",
        "streetName": "Street 3"
      },
      "geometry": {
        "type": "Polygon",
        "coordinates": [
          [
            [
              -84.51719056595878,
              39.11103728660803
            ],
            [
              -84.51601728788735,
              39.1062873475415
            ],
            [
              -84.51598663421238,
              39.10629194355598
            ],
            [
              -84.51715991228382,
              39.11104188262251
            ],
            [
              -84.51719056595878,
              39.11103728660803
            ]
          ]
        ]
      }
    },
    {
      "type": "Feature",
      "id": "st-e5ff3277:4",
      "properties": {
        "featureClass": "band",
        "streetId": "st-e5ff3277",
        "componentId": "cmp-d4ea599b",
        "componentIndex": 4,
        "componentType": "sidewalk",
        "direction": "none",
        "widthMeters": 1.8,
        "color": "#8C8578",
        "geostripe": "band",
        "streetName": "Street 3"
      },
      "geometry": {
        "type": "Polygon",
        "coordinates": [
          [
            [
              -84.51721100174211,
              39.111034222598384
            ],
            [
              -84.51603772367068,
              39.106284283531856
            ],
            [
              -84.51601728788735,
              39.1062873475415
            ],
            [
              -84.51719056595878,
              39.11103728660803
            ],
            [
              -84.51721100174211,
              39.111034222598384
            ]
          ]
        ]
      }
    },
    {
      "type": "Feature",
      "id": "st-b0917039:0",
      "properties": {
        "featureClass": "band",
        "streetId": "st-b0917039",
        "componentId": "cmp-845fc091",
        "componentIndex": 0,
        "componentType": "verge",
        "direction": "none",
        "widthMeters": 1.2,
        "color": "#6B7A52",
        "geostripe": "band",
        "streetName": "Street 4"
      },
      "geometry": {
        "type": "Polygon",
        "coordinates": [
          [
            [
              -84.5201299899245,
              39.107532765322
            ],
            [
              -84.5201273346736,
              39.107522156026896
            ],
            [
              -84.51694479930529,
              39.10800564299351
            ],
            [
              -84.51147285345236,
              39.10884939094904
            ],
            [
              -84.51147554700181,
              39.108859994382286
            ],
            [
              -84.51694747371077,
              39.10801624937867
            ],
            [
              -84.5201299899245,
              39.107532765322
            ]
          ]
        ]
      }
    },
    {
      "type": "Feature",
      "id": "st-b0917039:1",
      "properties": {
        "featureClass": "band",
        "streetId": "st-b0917039",
        "componentId": "cmp-3b487eba",
        "componentIndex": 1,
        "componentType": "footpath",
        "direction": "both",
        "widthMeters": 2.4,
        "color": "#8E9080",
        "geostripe": "band",
        "streetName": "Street 4"
      },
      "geometry": {
        "type": "Polygon",
        "coordinates": [
          [
            [
              -84.5201273346736,
              39.107522156026896
            ],
            [
              -84.52012202417178,
              39.107500937436704
            ],
            [
              -84.51693945049436,
              39.1079844302232
            ],
            [
              -84.51146746635347,
              39.10882818408254
            ],
            [
              -84.51147285345236,
              39.10884939094904
            ],
            [
              -84.51694479930529,
              39.10800564299351
            ],
            [
              -84.5201273346736,
              39.107522156026896
            ]
          ]
        ]
      }
    },
    {
      "type": "Feature",
      "id": "st-b0917039:2",
      "properties": {
        "featureClass": "band",
        "streetId": "st-b0917039",
        "componentId": "cmp-44aec1ba",
        "componentIndex": 2,
        "componentType": "plantingStrip",
        "direction": "none",
        "widthMeters": 0.9,
        "color": "#6B8450",
        "geostripe": "band",
        "streetName": "Street 4"
      },
      "geometry": {
        "type": "Polygon",
        "coordinates": [
          [
            [
              -84.52012202417178,
              39.107500937436704
            ],
            [
              -84.52012003273362,
              39.10749298046538
            ],
            [
              -84.51693744469026,
              39.10797647543433
            ],
            [
              -84.51146544619138,
              39.1088202315076
            ],
            [
              -84.51146746635347,
              39.10882818408254
            ],
            [
              -84.51693945049436,
              39.1079844302232
            ],
            [
              -84.52012202417178,
              39.107500937436704
            ]
          ]
        ]
      }
    },
    {
      "type": "Feature",
      "id": "st-b0917039:3",
      "properties": {
        "featureClass": "band",
        "streetId": "st-b0917039",
        "componentId": "cmp-11f519fc",
        "componentIndex": 3,
        "componentType": "cycleTrackTwoWay",
        "direction": "both",
        "widthMeters": 3.6,
        "color": "#27997A",
        "geostripe": "band",
        "streetName": "Street 4"
      },
      "geometry": {
        "type": "Polygon",
        "coordinates": [
          [
            [
              -84.52012003273362,
              39.10749298046538
            ],
            [
              -84.52011206698089,
              39.107461152580086
            ],
            [
              -84.51692942147386,
              39.107944656278846
            ],
            [
              -84.51145736554304,
              39.108788421207855
            ],
            [
              -84.51146544619138,
              39.1088202315076
            ],
            [
              -84.51693744469026,
              39.10797647543433
            ],
            [
              -84.52012003273362,
              39.10749298046538
            ]
          ]
        ]
      }
    },
    {
      "type": "Feature",
      "id": "st-b0917039:4",
      "properties": {
        "featureClass": "band",
        "streetId": "st-b0917039",
        "componentId": "cmp-c222ab47",
        "componentIndex": 4,
        "componentType": "pathShoulder",
        "direction": "none",
        "widthMeters": 0.6,
        "color": "#7E8464",
        "geostripe": "band",
        "streetName": "Street 4"
      },
      "geometry": {
        "type": "Polygon",
        "coordinates": [
          [
            [
              -84.52011206698089,
              39.107461152580086
            ],
            [
              -84.52011073935545,
              39.107455847932535
            ],
            [
              -84.51692808427113,
              39.107939353086266
            ],
            [
              -84.51145601876831,
              39.10878311949123
            ],
            [
              -84.51145736554304,
              39.108788421207855
            ],
            [
              -84.51692942147386,
              39.107944656278846
            ],
            [
              -84.52011206698089,
              39.107461152580086
            ]
          ]
        ]
      }
    },
    {
      "type": "Feature",
      "id": "st-b0917039:5",
      "properties": {
        "featureClass": "band",
        "streetId": "st-b0917039",
        "componentId": "cmp-9645e0e0",
        "componentIndex": 5,
        "componentType": "verge",
        "direction": "none",
        "widthMeters": 1.2,
        "color": "#6B7A52",
        "geostripe": "band",
        "streetName": "Street 4"
      },
      "geometry": {
        "type": "Polygon",
        "coordinates": [
          [
            [
              -84.52011073935545,
              39.107455847932535
            ],
            [
              -84.52010808410454,
              39.10744523863744
            ],
            [
              -84.51692540986565,
              39.107928746701106
            ],
            [
              -84.51145332521887,
              39.10877251605798
            ],
            [
              -84.51145601876831,
              39.10878311949123
            ],
            [
              -84.51692808427113,
              39.107939353086266
            ],
            [
              -84.52011073935545,
              39.107455847932535
            ]
          ]
        ]
      }
    },
    {
      "type": "Feature",
      "id": "st-df65d7c9:0",
      "properties": {
        "featureClass": "band",
        "streetId": "st-df65d7c9",
        "componentId": "cmp-a0344db2",
        "componentIndex": 0,
        "componentType": "sidewalk",
        "direction": "none",
        "widthMeters": 3,
        "color": "#8C8578",
        "geostripe": "band",
        "streetName": "Street 5"
      },
      "geometry": {
        "type": "Polygon",
        "coordinates": [
          [
            [
              -84.51995017983586,
              39.10819339675442
            ],
            [
              -84.51995003689386,
              39.10819291075899
            ],
            [
              -84.51994961341441,
              39.108191471068146
            ],
            [
              -84.51994891730183,
              39.10818910473208
            ],
            [
              -84.51994795617831,
              39.10818583784187
            ],
            [
              -84.51994673763957,
              39.10818169639849
            ],
            [
              -84.51994526927842,
              39.108176706393024
            ],
            [
              -84.51994355868699,
              39.10817089381423
            ],
            [
              -84.51994161345704,
              39.10816428464974
            ],
            [
              -84.51993944118028,
              39.10815690488688
            ],
            [
              -84.51993704944822,
              39.108148780512195
            ],
            [
              -84.51993444585219,
              39.108139937512036
            ],
            [
              -84.51993163798363,
              39.10813040187272
            ],
            [
              -84.51992863343372,
              39.10812019957976
            ],
            [
              -84.51992543979354,
              39.10810935661853
            ],
            [
              -84.51992206465417,
              39.1080978989742
            ],
            [
              -84.51991851560645,
              39.108085852631255
            ],
            [
              -84.51991480024114,
              39.10807324357385
            ],
            [
              -84.51991092614891,
              39.10806009778589
            ],
            [
              -84.51990690092023,
              39.108046441250465
            ],
            [
              -84.51990273214541,
              39.10803229995036
            ],
            [
              -84.51989842741462,
              39.108017699867744
            ],
            [
              -84.5198939943178,
              39.10800266698398
            ],
            [
              -84.51988944044469,
              39.10798722727995
            ],
            [
              -84.51988477338485,
              39.10797140673565
            ],
            [
              -84.51988000072748,
              39.10795523133017
            ],
            [
              -84.51987513006158,
              39.10793872704177
            ],
            [
              -84.51987016897586,
              39.10792191984775
            ],
            [
              -84.51986512505864,
              39.1079048357241
            ],
            [
              -84.51986000589788,
              39.107887500645624
            ],
            [
              -84.5198548190811,
              39.107869940585715
            ],
            [
              -84.5198495721954,
              39.107852181516286
            ],
            [
              -84.51984427282731,
              39.10783424940747
            ],
            [
              -84.51983892856282,
              39.1078161702274
            ],
            [
              -84.51983354698721,
              39.10779796994211
            ],
            [
              -84.51982813568512,
              39.10777967451513
            ],
            [
              -84.5198227022402,
              39.107761309907254
            ],
            [
              -84.51981725423535,
              39.107742902076254
            ],
            [
              -84.51981179925227,
              39.107724476976216
            ],
            [
              -84.5198063448715,
              39.107706060557305
            ],
            [
              -84.5198008986722,
              39.10768767876509
            ],
            [
              -84.5197954682319,
              39.1076693575398
            ],
            [
              -84.51979006112634,
              39.10765112281575
            ],
            [
              -84.51978468492912,
              39.10763300052009
            ],
            [
              -84.51977934721137,
              39.10761501657205
            ],
            [
              -84.5197740555414,
              39.107597196881365
            ],
            [
              -84.51976881748413,
              39.107579567346605
            ],
            [
              -84.51976364060052,
              39.107562153853515
            ],
            [
              -84.51975853244683,
              39.107544982272266
            ],
            [
              -84.51975350057374,
              39.10752807845483
            ],
            [
              -84.51974855252523,
              39.107511468231266
            ],
            [
              -84.51974369583719,
              39.1074951774051
            ],
            [
              -84.51973893803557,
              39.10747923174767
            ],
            [
              -84.5197342866343,
              39.107463656991
            ],
            [
              -84.51972974913228,
              39.10744847881855
            ],
            [
              -84.51972533300976,
              39.10743372285312
            ],
            [
              -84.51972104572324,
              39.107419414641086
            ],
            [
              -84.5197168946991,
              39.10740557963164
            ],
            [
              -84.51971288732463,
              39.107392243148446
            ],
            [
              -84.51970903093584,
              39.10737943035115
            ],
            [
              -84.51970533280044,
              39.107367166181646
            ],
            [
              -84.5197018000934,
              39.10735547528729
            ],
            [
              -84.51969843986132,
              39.10734438190992
            ],
            [
              -84.519695258969,
              39.10733390971998
            ],
            [
              -84.51969225032471,
              39.107324036630494
            ],
            [
              -84.51968817983837,
              39.107310772349244
            ],
            [
              -84.51968421175894,
              39.10729797232533
            ],
            [
              -84.51968035643671,
              39.107285655233895
            ],
            [
              -84.51967660914514,
              39.10727379048671
            ],
            [
              -84.51967296528184,
              39.10726234777562
            ],
            [
              -84.51966942033735,
              39.10725129699351
            ],
            [
              -84.51966596985116,
              39.107240608128066
            ],
            [
              -84.51966260935444,
              39.10723025112791
            ],
            [
              -84.5196593343015,
              39.10722019574568
            ],
            [
              -84.5196561399926,
              39.10721041136224
            ],
            [
              -84.51965302149306,
              39.10720086680177
            ],
            [
              -84.51964997355515,
              39.10719153015022
            ],
            [
              -84.51964699055003,
              39.1071823685902
            ],
            [
              -84.51964406641747,
              39.10717334826762
            ],
            [
              -84.51964119463928,
              39.10716443420323
            ],
            [
              -84.51963836824122,
              39.107155590259076
            ],
            [
              -84.51963557982442,
              39.10714677916725
            ],
            [
              -84.51963282162468,
              39.1071379626195
            ],
            [
              -84.51963008559355,
              39.10712910141207
            ],
            [
              -84.51962736349414,
              39.10712015563459
            ],
            [
              -84.51962464700237,
              39.10711108488742
            ],
            [
              -84.51962192780483,
              39.10710184851038
            ],
            [
              -84.51961919768537,
              39.10709240580554
            ],
            [
              -84.51961646827127,
              39.10708278559057
            ],
            [
              -84.51961384108792,
              39.107073292700605
            ],
            [
              -84.51961128875567,
              39.10706379641863
            ],
            [
              -84.51960878252707,
              39.107054214034505
            ],
            [
              -84.51960631643857,
              39.10704454571264
            ],
            [
              -84.51960388439502,
              39.10703479169794
            ],
            [
              -84.51960148016646,
              39.10702495230791
            ],
            [
              -84.5195990973855,
              39.10701502792564
            ],
            [
              -84.51959672954582,
              39.10700501899388
            ],
            [
              -84.51959437000122,
              39.10699492600955
            ],
            [
              -84.51959201196509,
              39.10698474951922
            ],
            [
              -84.51958964851089,
              39.106974490116116
            ],
            [
              -84.51958727257275,
              39.106964148437015
            ],
            [
              -84.51958487694661,
              39.10695372516075
            ],
            [
              -84.51958245429196,
              39.10694322100725
            ],
            [
              -84.51957999713372,
              39.106932636737426
            ],
            [
              -84.51957749786484,
              39.106921973154364
            ],
            [
              -84.51957494874915,
              39.10691123110457
            ],
            [
              -84.51957234192456,
              39.106900411480154
            ],
            [
              -84.51956966940683,
              39.106889515222264
            ],
            [
              -84.51956692309402,
              39.10687854332454
            ],
            [
              -84.51956409477094,
              39.106867496837346
            ],
            [
              -84.51956117611495,
              39.106856376873026
            ],
            [
              -84.5195581587016,
              39.10684518461065
            ],
            [
              -84.51955503401149,
              39.10683392130197
            ],
            [
              -84.51955196715274,
              39.10682319579862
            ],
            [
              -84.51954930896677,
              39.10681377217096
            ],
            [
              -84.51954682305661,
              39.10680447747325
            ],
            [
              -84.51954432932101,
              39.1067947210669
            ],
            [
              -84.5195418250425,
              39.10678455133138
            ],
            [
              -84.51953930425236,
              39.10677401271582
            ],
            [
              -84.51953675837093,
              39.1067631462278
            ],
            [
              -84.51953417665442,
              39.1067519898114
            ],
            [
              -84.51953154649337,
              39.10674057862891
            ],
            [
              -84.51952885359249,
              39.106728945258155
            ],
            [
              -84.51952608205028,
              39.106717119815
            ],
            [
              -84.51952321434813,
              39.10670513000809
            ],
            [
              -84.51952023125098,
              39.1066930011314
            ],
            [
              -84.51951711161486,
              39.1066807559971
            ],
            [
              -84.51951383208866,
              39.10666841481103
            ],
            [
              -84.51951036669115,
              39.10665599499375
            ],
            [
              -84.51950668623334,
              39.1066435109502
            ],
            [
              -84.51950275754588,
              39.106630973794175
            ],
            [
              -84.51949854245704,
              39.10661839104328
            ],
            [
              -84.51949399645001,
              39.10660576630938
            ],
            [
              -84.51948906690896,
              39.10659309903479
            ],
            [
              -84.51948369084484,
              39.10658038436038
            ],
            [
              -84.51947779197756,
              39.10656761327208
            ],
            [
              -84.51947127705967,
              39.106554773270716
            ],
            [
              -84.51946403137947,
              39.106541849953935
            ],
            [
              -84.51945591354026,
              39.10652883011131
            ],
            [
              -84.51944674996616,
              39.10651570720785
            ],
            [
              -84.51943670665695,
              39.1065029678211
            ],
            [
              -84.51942396026391,
              39.10648851414447
            ],
            [
              -84.51941071966488,
              39.1064749075293
            ],
            [
              -84.51939662890163,
              39.10646181688889
            ],
            [
              -84.51938168901559,
              39.10644930095626
            ],
            [
              -84.51936592534948,
              39.10643742325858
            ],
            [
              -84.51934938848011,
              39.1064262466299
            ],
            [
              -84.51933215235081,
              39.106415827152844
            ],
            [
              -84.51931430951815,
              39.10640620847458
            ],
            [
              -84.51929596406283,
              39.10639741745463
            ],
            [
              -84.51927722325732,
              39.10638946184214
            ],
            [
              -84.51925818932634,
              39.106382330224314
            ],
            [
              -84.51923895251596,
              39.10637599400078
            ],
            [
              -84.51921859674464,
              39.1063701255016
            ],
            [
              -84.51919838919184,
              39.10636527235142
            ],
            [
              -84.51917759760249,
              39.10636136167295
            ],
            [
              -84.51915738706784,
              39.1063584660262
            ],
            [
              -84.51913775997184,
              39.10635641301401
            ],
            [
              -84.51911869397064,
              39.10635505564331
            ],
            [
              -84.51910015551496,
              39.10635427040405
            ],
            [
              -84.51908210878172,
              39.10635395386732
            ],
            [
              -84.51906452112516,
              39.10635401898442
            ],
            [
              -84.51904736612211,
              39.106354391678906
            ],
            [
              -84.51903062507071,
              39.106355007965334
            ],
            [
              -84.51901428756176,
              39.106355811636895
            ],
            [
              -84.51899835153992,
              39.1063567524773
            ],
            [
              -84.51898282312573,
              39.10635778492237
            ],
            [
              -84.51896771636699,
              39.10635886709618
            ],
            [
              -84.51895305302249,
              39.106359960158805
            ],
            [
              -84.51893886243883,
              39.10636102791986
            ],
            [
              -84.51892518155468,
              39.10636203669075
            ],
            [
              -84.51891205504901,
              39.106362955367345
            ],
            [
              -84.5188985606881,
              39.10636381808493
            ],
            [
              -84.51888465662961,
              39.10636471878749
            ],
            [
              -84.51886988719616,
              39.1063658070481
            ],
            [
              -84.51885516481609,
              39.10636701364411
            ],
            [
              -84.51884048978094,
              39.10636832886168
            ],
            [
              -84.51882586274785,
              39.10636974333784
            ],
            [
              -84.5188112847435,
              39.10637124801886
            ],
            [
              -84.51879675716418,
              39.106372834123185
            ],
            [
              -84.51878228177259,
              39.1063744931089
            ],
            [
              -84.5187678606934,
              39.10637621664507
            ],
            [
              -84.51875349640642,
              39.106377996586865
            ],
            [
              -84.51873919174,
              39.1063798249541
            ],
            [
              -84.5187249498641,
              39.10638169391263
            ],
            [
              -84.51871077428335,
              39.1063835957587
            ],
            [
              -84.51869666883086,
              39.106385522905725
            ],
            [
              -84.5186826376625,
              39.10638746787342
            ],
            [
              -84.51866868525212,
              39.10638942327912
            ],
            [
              -84.51865481638814,
              39.106391381831045
            ],
            [
              -84.5186410361706,
              39.10639333632349
            ],
            [
              -84.51862735001018,
              39.1063952796338
            ],
            [
              -84.51861376362764,
              39.10639720472119
            ],
            [
              -84.51860028305558,
              39.10639910462718
            ],
            [
              -84.51858691464017,
              39.10640097247793
            ],
            [
              -84.51857344087573,
              39.10640283243334
            ],
            [
              -84.51855978099577,
              39.10640471908907
            ],
            [
              -84.51854591593784,
              39.10640666274478
            ],
            [
              -84.51853205782751,
              39.106408632621374
            ],
            [
              -84.51851820686666,
              39.106410627217926
            ],
            [
              -84.51850436326433,
              39.10641264504031
            ],
            [
              -84.51849052723665,
              39.106414684601006
            ],
            [
              -84.51847669900724,
              39.106416744418866
            ],
            [
              -84.51846287880724,
              39.10641882301889
            ],
            [
              -84.51844906687515,
              39.106420918932095
            ],
            [
              -84.51843526345709,
              39.106423030695304
            ],
            [
              -84.5184214688071,
              39.10642515685096
            ],
            [
              -84.5184076831867,
              39.106427295947014
            ],
            [
              -84.51839390686511,
              39.10642944653677
            ],
            [
              -84.51838014011946,
              39.10643160717876
            ],
            [
              -84.51836638323469,
              39.1064337764366
            ],
            [
              -84.51835263650345,
              39.10643595287889
            ],
            [
              -84.5183389002262,
              39.10643813507916
            ],
            [
              -84.51832517471134,
              39.106440321615686
            ],
            [
              -84.51831146027475,
              39.10644251107156
            ],
            [
              -84.51829775724039,
              39.106444702034494
            ],
            [
              -84.51828406593985,
              39.106446893096795
            ],
            [
              -84.51827038671232,
              39.1064490828554
            ],
            [
              -84.51825671990497,
              39.10645126991171
            ],
            [
              -84.51824300021445,
              39.106453463368844
            ],
            [
              -84.51822978376674,
              39.10645558182067
            ],
            [
              -84.51821712834311,
              39.106457623958164
            ],
            [
              -84.51820501243951,
              39.10645959237516
            ],
            [
              -84.51819335369655,
              39.10646149940007
            ],
            [
              -84.51818207042297,
              39.10646335723039
            ],
            [
              -84.51817108129255,
              39.10646517798066
            ],
            [
              -84.51816030493497,
              39.10646697375183
            ],
            [
              -84.51814965946836,
              39.106468756714435
            ],
            [
              -84.51813906204525,
              39.10647053919301
            ],
            [
              -84.51812842848835,
              39.106472333736924
            ],
            [
              -84.51811767308061,
              39.10647415316444
            ],
            [
              -84.51810670854138,
              39.10647601057264
            ],
            [
              -84.51809544617797,
              39.106477919313775
            ],
            [
              -84.5180837961719,
              39.10647989294537
            ],
            [
              -84.51807166793637,
              39.10648194516567
            ],
            [
              -84.51805897048145,
              39.106484089746864
            ],
            [
              -84.51804561273934,
              39.10648634047548
            ],
            [
              -84.5180315038184,
              39.10648871110589
            ],
            [
              -84.51801655317672,
              39.10649121532893
            ],
            [
              -84.51800067072128,
              39.106493866754455
            ],
            [
              -84.5179837668452,
              39.10649667890521
            ],
            [
              -84.51796575242003,
              39.10649966521898
            ],
            [
              -84.51794653875997,
              39.106502839055686
            ],
            [
              -84.51792603756964,
              39.10650621370722
            ],
            [
              -84.51790416591854,
              39.10650980158268
            ],
            [
              -84.5178529291906,
              39.10651817590118
            ],
            [
              -84.51779148035827,
              39.106528190049886
            ],
            [
              -84.51772017467533,
              39.10653978687269
            ],
            [
              -84.51763937263402,
              39.10655290837829
            ],
            [
              -84.51754943084143,
              39.10656749721682
            ],
            [
              -84.51745070398105,
              39.106583496354986
            ],
            [
              -84.51734354569305,
              39.10660084893073
            ],
            [
              -84.5172283090109,
              39.106619498181395
            ],
            [
              -84.51710534659556,
              39.10663938740524
            ],
            [
              -84.51697501086868,
              39.106660459939604
            ],
            [
              -84.51683765409255,
              39.10668265914781
            ],
            [
              -84.51669362841989,
              39.10670592841105
            ],
            [
              -84.51654328592608,
              39.10673021112312
            ],
            [
              -84.51638697863065,
              39.106755450686876
            ],
            [
              -84.51622505851195,
              39.10678159051188
            ],
            [
              -84.51605787751747,
              39.106808574012696
            ],
            [
              -84.51588578757115,
              39.106836344607736
            ],
            [
              -84.51570914057869,
              39.10686484571834
            ],
            [
              -84.51552828843167,
              39.106894020768195
            ],
            [
              -84.51534358301022,
              39.10692381318277
            ],
            [
              -84.5151553761856,
              39.10695416638902
            ],
            [
              -84.51496401982169,
              39.1069850238151
            ],
            [
              -84.51476986577646,
              39.10701632889008
            ],
            [
              -84.51457326590295,
              39.10704802504389
            ],
            [
              -84.5143745720502,
              39.10708005570704
            ],
            [
              -84.51417413606386,
              39.107112364310645
            ],
            [
              -84.51397230978678,
              39.107144894286236
            ],
            [
              -84.51376944505935,
              39.10717758906576
            ],
            [
              -84.51356589372004,
              39.10721039208149
            ],
            [
              -84.5133620076055,
              39.10724324676595
            ],
            [
              -84.51315813855095,
              39.107276096551935
            ],
            [
              -84.5129546383903,
              39.10730888487243
            ],
            [
              -84.51275185895639,
              39.10734155516059
            ],
            [
              -84.51255015208106,
              39.10737405084976
            ],
            [
              -84.51234986959537,
              39.10740631537338
            ],
            [
              -84.5121513633296,
              39.10743829216503
            ],
            [
              -84.51195498511338,
              39.107469924658396
            ],
            [
              -84.51176108677582,
              39.10750115628725
            ],
            [
              -84.51157002014551,
              39.10753193048542
            ],
            [
              -84.51138213705056,
              39.10756219068686
            ],
            [
              -84.51119778931874,
              39.10759188032555
            ],
            [
              -84.51101732877746,
              39.107620942835524
            ],
            [
              -84.51084110725378,
              39.10764932165088
            ],
            [
              -84.51066947657446,
              39.10767696020577
            ],
            [
              -84.5105027885661,
              39.10770380193437
            ],
            [
              -84.51034139505501,
              39.10772979027089
            ],
            [
              -84.51018564786727,
              39.10775486864958
            ],
            [
              -84.51003589882883,
              39.10777898050474
            ],
            [
              -84.50989249976548,
              39.10780206927065
            ],
            [
              -84.50975580250271,
              39.107824078381675
            ],
            [
              -84.50962615886606,
              39.10784495127216
            ],
            [
              -84.50950392068091,
              39.10786463137647
            ],
            [
              -84.50938943977233,
              39.10788306212902
            ],
            [
              -84.50928306796561,
              39.1079001869642
            ],
            [
              -84.50918515708558,
              39.10791594931647
            ],
            [
              -84.50909605895727,
              39.10793029262025
            ],
            [
              -84.50901612540535,
              39.10794316031002
            ],
            [
              -84.50894570825464,
              39.10795449582026
            ],
            [
              -84.50888515932962,
              39.10796424258545
            ],
            [
              -84.5088348304546,
              39.10797234404018
            ],
            [
              -84.5087950734533,
              39.107978743619036
            ],
            [
              -84.50876624014748,
              39.107983384757006
            ],
            [
              -84.50874868233932,
              39.10798621089217
            ],
            [
              -84.50874275162327,
              39.10798716549609
            ],
            [
              -84.50874976888946,
              39.10801362941532
            ],
            [
              -84.50875569965619,
              39.10801267480324
            ],
            [
              -84.50877325757267,
              39.108009848650646
            ],
            [
              -84.50880209099576,
              39.108005207493804
            ],
            [
              -84.50884184811902,
              39.10799880789531
            ],
            [
              -84.50889217712027,
              39.10799070642027
            ],
            [
              -84.50895272617585,
              39.107980959634055
            ],
            [
              -84.5090231434614,
              39.10796962410211
            ],
            [
              -84.50910307715273,
              39.107956756389896
            ],
            [
              -84.50919217542516,
              39.107942413062915
            ],
            [
              -84.50929008645439,
              39.10792665068663
            ],
            [
              -84.50939645841558,
              39.10790952582658
            ],
            [
              -84.50951093948403,
              39.10789109504829
            ],
            [
              -84.50963317783498,
              39.107871414917284
            ],
            [
              -84.50976282164349,
              39.10785054199913
            ],
            [
              -84.50989951908466,
              39.107828532859386
            ],
            [
              -84.51004291833327,
              39.107805444063644
            ],
            [
              -84.51019266756418,
              39.10778133217749
            ],
            [
              -84.51034841495212,
              39.10775625376656
            ],
            [
              -84.51050980867159,
              39.1077302653965
            ],
            [
              -84.51067649689695,
              39.10770342363295
            ],
            [
              -84.51084812780249,
              39.10767578504163
            ],
            [
              -84.51102434956225,
              39.107647406188256
            ],
            [
              -84.51120481035008,
              39.10761834363858
            ],
            [
              -84.51138915833961,
              39.10758865395838
            ],
            [
              -84.51157704170426,
              39.107558393713504
            ],
            [
              -84.51176810861708,
              39.10752761946983
            ],
            [
              -84.5119620072509,
              39.107496387793255
            ],
            [
              -84.51215838577816,
              39.10746475524979
            ],
            [
              -84.5123568923709,
              39.10743277840547
            ],
            [
              -84.51255717520074,
              39.107400513826406
            ],
            [
              -84.51275888243879,
              39.1073680180788
            ],
            [
              -84.51296166225549,
              39.10733534772897
            ],
            [
              -84.51316516282077,
              39.10730255934328
            ],
            [
              -84.5133690323037,
              39.107269709488264
            ],
            [
              -84.51357291887254,
              39.1072368547306
            ],
            [
              -84.51377647069447,
              39.107204051637105
            ],
            [
              -84.51397933593555,
              39.10717135677479
            ],
            [
              -84.51418116276047,
              39.107138826710894
            ],
            [
              -84.51438159933231,
              39.10710651801291
            ],
            [
              -84.51458029381227,
              39.10707448724865
            ],
            [
              -84.51477689435934,
              39.107042790986256
            ],
            [
              -84.5149710491298,
              39.10701148579434
            ],
            [
              -84.51516240627677,
              39.106980628241985
            ],
            [
              -84.51535061394952,
              39.10695027489895
            ],
            [
              -84.51553532029263,
              39.10692048233572
            ],
            [
              -84.51571617344484,
              39.10689130712371
            ],
            [
              -84.51589282153792,
              39.106862805835526
            ],
            [
              -84.51606491269455,
              39.10683503504517
            ],
            [
              -84.51623209502633,
              39.10680805132851
            ],
            [
              -84.5163940166304,
              39.10678191126371
            ],
            [
              -84.51655032558534,
              39.106756671431995
            ],
            [
              -84.51670066994537,
              39.1067323884185
            ],
            [
              -84.51684469773217,
              39.10670911881369
            ],
            [
              -84.51698205692334,
              39.106686919215164
            ],
            [
              -84.51711239543546,
              39.106665846230484
            ],
            [
              -84.51723536109857,
              39.10664595648132
            ],
            [
              -84.51735060161687,
              39.10662730660984
            ],
            [
              -84.5174577645057,
              39.10660995328906
            ],
            [
              -84.51755649698626,
              39.10659395324012
            ],
            [
              -84.5176464458008,
              39.1065793632626
            ],
            [
              -84.51772725686793,
              39.10656624029129
            ],
            [
              -84.51779857458753,
              39.106554641510904
            ],
            [
              -84.51786004029235,
              39.10654462461253
            ],
            [
              -84.51791129945073,
              39.10653624662792
            ],
            [
              -84.5179331953774,
              39.106532654770234
            ],
            [
              -84.51795372042096,
              39.10652927619228
            ],
            [
              -84.51797295837541,
              39.10652609834248
            ],
            [
              -84.5179909972702,
              39.10652310797229
            ],
            [
              -84.51800792544299,
              39.1065202917795
            ],
            [
              -84.51802383158089,
              39.10651763640042
            ],
            [
              -84.51803880474876,
              39.106515128404254
            ],
            [
              -84.51805293439519,
              39.10651275429147
            ],
            [
              -84.51806631032322,
              39.106510500498594
            ],
            [
              -84.51807902261199,
              39.10650835341198
            ],
            [
              -84.51809116147965,
              39.10650629939263
            ],
            [
              -84.51810281708295,
              39.1065043248128
            ],
            [
              -84.51811407926031,
              39.1065024161032
            ],
            [
              -84.51812503724365,
              39.106500559805575
            ],
            [
              -84.51813577937605,
              39.106498742623764
            ],
            [
              -84.51814639288587,
              39.10649695146305
            ],
            [
              -84.51815696376698,
              39.10649517344881
            ],
            [
              -84.51816757679774,
              39.10649339591875
            ],
            [
              -84.51817831570659,
              39.10649160638803
            ],
            [
              -84.51818926345967,
              39.10648979249342
            ],
            [
              -84.51820050261928,
              39.10648794192662
            ],
            [
              -84.51821211571287,
              39.1064860423686
            ],
            [
              -84.51822418555612,
              39.10648408143482
            ],
            [
              -84.51823679549216,
              39.106482046637424
            ],
            [
              -84.5182499808204,
              39.1064799331737
            ],
            [
              -84.51826369502594,
              39.10647774059349
            ],
            [
              -84.51827736607063,
              39.10647555285909
            ],
            [
              -84.51829104543022,
              39.106473363079346
            ],
            [
              -84.51830473275103,
              39.10647117265393
            ],
            [
              -84.51831842768574,
              39.106468982986044
            ],
            [
              -84.51833212989298,
              39.10646679548254
            ],
            [
              -84.51834583903747,
              39.10646461155388
            ],
            [
              -84.51835955479025,
              39.106462432614215
            ],
            [
              -84.51837327682829,
              39.10646026008146
            ],
            [
              -84.51838700483482,
              39.1064580953773
            ],
            [
              -84.51840073849925,
              39.10645593992729
            ],
            [
              -84.51841447751706,
              39.10645379516093
            ],
            [
              -84.51842822158991,
              39.10645166251176
            ],
            [
              -84.5184419704257,
              39.1064495434174
            ],
            [
              -84.5184557237384,
              39.10644743931973
            ],
            [
              -84.51846948124788,
              39.106445351664966
            ],
            [
              -84.5184832426803,
              39.106443281903765
            ],
            [
              -84.51849700776782,
              39.10644123149136
            ],
            [
              -84.51851077624835,
              39.10643920188775
            ],
            [
              -84.51852454786585,
              39.10643719455776
            ],
            [
              -84.51853832237009,
              39.10643521097129
            ],
            [
              -84.51855209951647,
              39.10643325260341
            ],
            [
              -84.5185658790661,
              39.10643132093456
            ],
            [
              -84.51857949347183,
              39.10642944055958
            ],
            [
              -84.51859300132125,
              39.10642757589899
            ],
            [
              -84.51860643116915,
              39.10642569946482
            ],
            [
              -84.51861995355372,
              39.10642379366592
            ],
            [
              -84.51863356228802,
              39.106421865411455
            ],
            [
              -84.51864725143264,
              39.106419921677414
            ],
            [
              -84.51866101529436,
              39.10641796950477
            ],
            [
              -84.51867484842481,
              39.10641601599911
            ],
            [
              -84.51868874562076,
              39.1064140683316
            ],
            [
              -84.51870270192514,
              39.10641213374138
            ],
            [
              -84.51871671262909,
              39.10641021953931
            ],
            [
              -84.51873077327485,
              39.10640833311333
            ],
            [
              -84.51874487965947,
              39.10640648193529
            ],
            [
              -84.51875902783931,
              39.106404673569564
            ],
            [
              -84.51877321413495,
              39.106402915683454
            ],
            [
              -84.51878743513667,
              39.10640121605956
            ],
            [
              -84.51880168770991,
              39.10639958261046
            ],
            [
              -84.51881596900049,
              39.10639802339565
            ],
            [
              -84.51883027643993,
              39.106396546641214
            ],
            [
              -84.51884460774913,
              39.1063951607624
            ],
            [
              -84.51885896094073,
              39.106393874389354
            ],
            [
              -84.51887333431911,
              39.10639269639633
            ],
            [
              -84.51888772647727,
              39.10639163593461
            ],
            [
              -84.51890141590026,
              39.1063907491361
            ],
            [
              -84.51891502490605,
              39.10638987908907
            ],
            [
              -84.5189283670763,
              39.10638894531889
            ],
            [
              -84.51894216347084,
              39.106387928030756
            ],
            [
              -84.5189563717974,
              39.10638685893464
            ],
            [
              -84.51897095587442,
              39.10638577178092
            ],
            [
              -84.51898588551414,
              39.10638470229505
            ],
            [
              -84.51900113651911,
              39.10638368829422
            ],
            [
              -84.51901669077957,
              39.10638276999247
            ],
            [
              -84.51903253644407,
              39.10638199051562
            ],
            [
              -84.51904866811584,
              39.10638139666222
            ],
            [
              -84.51906508699324,
              39.10638103996015
            ],
            [
              -84.51908180082148,
              39.10638097807834
            ],
            [
              -84.51909882344154,
              39.10638127665229
            ],
            [
              -84.51911617360695,
              39.10638201155877
            ],
            [
              -84.51913387257967,
              39.10638327160626
            ],
            [
              -84.51915193982656,
              39.10638516145681
            ],
            [
              -84.51917038596808,
              39.10638780431167
            ],
            [
              -84.51918920210275,
              39.106391343427966
            ],
            [
              -84.51920746140225,
              39.10639572867557
            ],
            [
              -84.51922617475144,
              39.106401123670075
            ],
            [
              -84.51924391224757,
              39.106406966049256
            ],
            [
              -84.51926139996912,
              39.10641351833459
            ],
            [
              -84.51927856952538,
              39.10642080693999
            ],
            [
              -84.51929534306876,
              39.106428844710216
            ],
            [
              -84.51931163876668,
              39.1064376293622
            ],
            [
              -84.51932737730633,
              39.10644714352573
            ],
            [
              -84.51934248847289,
              39.106457356577174
            ],
            [
              -84.51935691674626,
              39.10646822807546
            ],
            [
              -84.51937062505354,
              39.106479712249424
            ],
            [
              -84.51938359624349,
              39.106491762780706
            ],
            [
              -84.51939583235011,
              39.10650433713582
            ],
            [
              -84.51940761724923,
              39.10651770053364
            ],
            [
              -84.51941671871518,
              39.10652924524388
            ],
            [
              -84.51942506485513,
              39.10654119752229
            ],
            [
              -84.51943252775223,
              39.106553166932265
            ],
            [
              -84.51943924757563,
              39.10656515233658
            ],
            [
              -84.51944533908994,
              39.106577157868074
            ],
            [
              -84.51945089599259,
              39.10658918860061
            ],
            [
              -84.5194559950356,
              39.106601248105505
            ],
            [
              -84.51946069957567,
              39.106613337202695
            ],
            [
              -84.51946506247658,
              39.1066254534319
            ],
            [
              -84.51946912841278,
              39.106637590936984
            ],
            [
              -84.51947293566467,
              39.10664974057001
            ],
            [
              -84.51947651750343,
              39.106661890099616
            ],
            [
              -84.51947990325098,
              39.1066740244553
            ],
            [
              -84.51948311908686,
              39.10668612596831
            ],
            [
              -84.51948618865816,
              39.10669817458914
            ],
            [
              -84.51948913353554,
              39.10671014806938
            ],
            [
              -84.51949197354723,
              39.106722022102986
            ],
            [
              -84.51949472701438,
              39.10673377042459
            ],
            [
              -84.51949741090306,
              39.10674536486251
            ],
            [
              -84.51950004090268,
              39.106756775344635
            ],
            [
              -84.5195026314346,
              39.1067679698552
            ],
            [
              -84.51950519558923,
              39.106778914338044
            ],
            [
              -84.51950774498411,
              39.1067895725409
            ],
            [
              -84.51951028952827,
              39.10679990579292
            ],
            [
              -84.51951283706943,
              39.10680987270625
            ],
            [
              -84.51951539288854,
              39.10681942879014
            ],
            [
              -84.51951810230639,
              39.10682903404178
            ],
            [
              -84.51952115610963,
              39.106839713887034
            ],
            [
              -84.51952423623749,
              39.106850816565895
            ],
            [
              -84.51952721388177,
              39.10686186131593
            ],
            [
              -84.51953009730867,
              39.106872847058774
            ],
            [
              -84.51953289470937,
              39.10688377277348
            ],
            [
              -84.51953561419472,
              39.106894637491756
            ],
            [
              -84.51953826379071,
              39.10690544029426
            ],
            [
              -84.51954085143394,
              39.106916180306435
            ],
            [
              -84.51954338496809,
              39.10692685669514
            ],
            [
              -84.51954587214037,
              39.10693746866597
            ],
            [
              -84.51954832059866,
              39.10694801546051
            ],
            [
              -84.51955073788882,
              39.106958496354636
            ],
            [
              -84.51955313145257,
              39.10696891065751
            ],
            [
              -84.51955550862537,
              39.10697925771065
            ],
            [
              -84.51955787663496,
              39.10698953688802
            ],
            [
              -84.51956024259998,
              39.106999747596795
            ],
            [
              -84.5195626135291,
              39.10700988927852
            ],
            [
              -84.51956499632047,
              39.107019961411574
            ],
            [
              -84.51956739776143,
              39.10702996351353
            ],
            [
              -84.51956982452889,
              39.107039895144766
            ],
            [
              -84.51957228319003,
              39.10704975591268
            ],
            [
              -84.5195747802036,
              39.10705954547653
            ],
            [
              -84.51957732192186,
              39.107069263552845
            ],
            [
              -84.51957991459322,
              39.10707890992171
            ],
            [
              -84.51958258245337,
              39.1070885497905
            ],
            [
              -84.51958534627522,
              39.10709829128057
            ],
            [
              -84.5195881065871,
              39.10710783841232
            ],
            [
              -84.51959085549723,
              39.10711717571501
            ],
            [
              -84.51959360077979,
              39.10712634259869
            ],
            [
              -84.5195963502857,
              39.10713537844359
            ],
            [
              -84.51959911187431,
              39.107144322424226
            ],
            [
              -84.51960189333613,
              39.1071532133289
            ],
            [
              -84.5196047023129,
              39.10716208938801
            ],
            [
              -84.51960754622198,
              39.107170988125
            ],
            [
              -84.51961043219227,
              39.107179946242
            ],
            [
              -84.51961336701746,
              39.107188999549045
            ],
            [
              -84.51961635713118,
              39.107198182941424
            ],
            [
              -84.51961940860558,
              39.10720753042613
            ],
            [
              -84.51962252717213,
              39.10721707519173
            ],
            [
              -84.51962571826151,
              39.1072268497136
            ],
            [
              -84.51962898705725,
              39.10723688588431
            ],
            [
              -84.51963233855733,
              39.10724721515696
            ],
            [
              -84.51963577763819,
              39.10725786869112
            ],
            [
              -84.51963930911555,
              39.107268877491656
            ],
            [
              -84.51964293779855,
              39.107280272532584
            ],
            [
              -84.51964666853505,
              39.10729208486276
            ],
            [
              -84.5196505062462,
              39.10730434568977
            ],
            [
              -84.51965445595116,
              39.10731708644229
            ],
            [
              -84.51965851076638,
              39.10733029965688
            ],
            [
              -84.51966151016725,
              39.1073401424135
            ],
            [
              -84.51966468567502,
              39.10735059687627
            ],
            [
              -84.51966804128992,
              39.10736167501058
            ],
            [
              -84.5196715699939,
              39.10737335265752
            ],
            [
              -84.51967526462542,
              39.107385605207085
            ],
            [
              -84.51967911792158,
              39.107398407729114
            ],
            [
              -84.51968312254623,
              39.10741173506093
            ],
            [
              -84.51968727110932,
              39.10742556186795
            ],
            [
              -84.51969155618035,
              39.10743986268609
            ],
            [
              -84.51969597029792,
              39.107454611952164
            ],
            [
              -84.51970050597684,
              39.107469784026286
            ],
            [
              -84.51970515571321,
              39.10748535320819
            ],
            [
              -84.51970991198837,
              39.10750129374976
            ],
            [
              -84.51971476727184,
              39.10751757986455
            ],
            [
              -84.5197197140236,
              39.10753418573501
            ],
            [
              -84.51972474469581,
              39.10755108551827
            ],
            [
              -84.51972985173423,
              39.10756825335042
            ],
            [
              -84.51973502757934,
              39.10758566335034
            ],
            [
              -84.51974026466722,
              39.10760328962245
            ],
            [
              -84.51974555543022,
              39.10762110625897
            ],
            [
              -84.51975089229761,
              39.107639087341916
            ],
            [
              -84.51975626769591,
              39.10765720694454
            ],
            [
              -84.51976167404946,
              39.107675439132564
            ],
            [
              -84.51976710378067,
              39.107693757965485
            ],
            [
              -84.5197725493102,
              39.10771213749713
            ],
            [
              -84.51977800305735,
              39.10773055177665
            ],
            [
              -84.5197834574401,
              39.10774897484899
            ],
            [
              -84.51978890487537,
              39.10776738075547
            ],
            [
              -84.51979433777913,
              39.107785743534315
            ],
            [
              -84.51979974856646,
              39.10780403722082
            ],
            [
              -84.51980512965174,
              39.10782223584792
            ],
            [
              -84.5198104734487,
              39.10784031344637
            ],
            [
              -84.51981577237048,
              39.107858244044955
            ],
            [
              -84.5198210188297,
              39.107876001670824
            ],
            [
              -84.5198262052385,
              39.107893560349495
            ],
            [
              -84.51983132400862,
              39.10791089410517
            ],
            [
              -84.51983636755146,
              39.10792797696076
            ],
            [
              -84.51984132827806,
              39.10794478293817
            ],
            [
              -84.51984619859918,
              39.107961286058305
            ],
            [
              -84.51985097092529,
              39.107977460341075
            ],
            [
              -84.51985563766661,
              39.107993279805605
            ],
            [
              -84.51986019123318,
              39.10800871847039
            ],
            [
              -84.51986462403482,
              39.108023750353155
            ],
            [
              -84.51986892848116,
              39.10803834947101
            ],
            [
              -84.51987309698168,
              39.10805248984063
            ],
            [
              -84.51987712194567,
              39.10806614547801
            ],
            [
              -84.51988099578233,
              39.1080792903988
            ],
            [
              -84.51988471090074,
              39.10809189861826
            ],
            [
              -84.51988825970977,
              39.10810394415109
            ],
            [
              -84.5198916346183,
              39.10811540101178
            ],
            [
              -84.51989482803509,
              39.108126243214514
            ],
            [
              -84.5198978323687,
              39.108136444773
            ],
            [
              -84.51990064002773,
              39.108145979700765
            ],
            [
              -84.51990324342069,
              39.108154822011215
            ],
            [
              -84.51990563495588,
              39.10816294571709
            ],
            [
              -84.51990780704165,
              39.10817032483116
            ],
            [
              -84.51990975208629,
              39.10817693336604
            ],
            [
              -84.51991146249786,
              39.10818274533365
            ],
            [
              -84.51991293068441,
              39.108187734745776
            ],
            [
              -84.51991414905372,
              39.10819187561329
            ],
            [
              -84.51991511001296,
              39.1081951419451
            ],
            [
              -84.51991580596709,
              39.10819750774251
            ],
            [
              -84.51991622930011,
              39.108198946935566
            ],
            [
              -84.51991637217331,
              39.1081994326971
            ],
            [
              -84.51995017983586,
              39.10819339675442
            ]
          ]
        ]
      }
    },
    {
      "type": "Feature",
      "id": "st-df65d7c9:1",
      "properties": {
        "featureClass": "band",
        "streetId": "st-df65d7c9",
        "componentId": "cmp-dd6e1fc0",
        "componentIndex": 1,
        "componentType": "travelLane",
        "direction": "backward",
        "widthMeters": 3.35,
        "color": "#4A5157",
        "geostripe": "band",
        "streetName": "Street 5"
      },
      "geometry": {
        "type": "Polygon",
        "coordinates": [
          [
            [
              -84.51991637217331,
              39.1081994326971
            ],
            [
              -84.51991622930011,
              39.108198946935566
            ],
            [
              -84.51991580596709,
              39.10819750774251
            ],
            [
              -84.51991511001296,
              39.1081951419451
            ],
            [
              -84.51991414905372,
              39.10819187561329
            ],
            [
              -84.51991293068441,
              39.108187734745776
            ],
            [
              -84.51991146249786,
              39.10818274533365
            ],
            [
              -84.51990975208629,
              39.10817693336604
            ],
            [
              -84.51990780704165,
              39.10817032483116
            ],
            [
              -84.51990563495588,
              39.10816294571709
            ],
            [
              -84.51990324342069,
              39.108154822011215
            ],
            [
              -84.51990064002773,
              39.108145979700765
            ],
            [
              -84.5198978323687,
              39.108136444773
            ],
            [
              -84.51989482803509,
              39.108126243214514
            ],
            [
              -84.5198916346183,
              39.10811540101178
            ],
            [
              -84.51988825970977,
              39.10810394415109
            ],
            [
              -84.51988471090074,
              39.10809189861826
            ],
            [
              -84.51988099578233,
              39.1080792903988
            ],
            [
              -84.51987712194567,
              39.10806614547801
            ],
            [
              -84.51987309698168,
              39.10805248984063
            ],
            [
              -84.51986892848116,
              39.10803834947101
            ],
            [
              -84.51986462403482,
              39.108023750353155
            ],
            [
              -84.51986019123318,
              39.10800871847039
            ],
            [
              -84.51985563766661,
              39.107993279805605
            ],
            [
              -84.51985097092529,
              39.107977460341075
            ],
            [
              -84.51984619859918,
              39.107961286058305
            ],
            [
              -84.51984132827806,
              39.10794478293817
            ],
            [
              -84.51983636755146,
              39.10792797696076
            ],
            [
              -84.51983132400862,
              39.10791089410517
            ],
            [
              -84.5198262052385,
              39.107893560349495
            ],
            [
              -84.5198210188297,
              39.107876001670824
            ],
            [
              -84.51981577237048,
              39.107858244044955
            ],
            [
              -84.5198104734487,
              39.10784031344637
            ],
            [
              -84.51980512965174,
              39.10782223584792
            ],
            [
              -84.51979974856646,
              39.10780403722082
            ],
            [
              -84.51979433777913,
              39.107785743534315
            ],
            [
              -84.51978890487537,
              39.10776738075547
            ],
            [
              -84.5197834574401,
              39.10774897484899
            ],
            [
              -84.51977800305735,
              39.10773055177665
            ],
            [
              -84.5197725493102,
              39.10771213749713
            ],
            [
              -84.51976710378067,
              39.107693757965485
            ],
            [
              -84.51976167404946,
              39.107675439132564
            ],
            [
              -84.51975626769591,
              39.10765720694454
            ],
            [
              -84.51975089229761,
              39.107639087341916
            ],
            [
              -84.51974555543022,
              39.10762110625897
            ],
            [
              -84.51974026466722,
              39.10760328962245
            ],
            [
              -84.51973502757934,
              39.10758566335034
            ],
            [
              -84.51972985173423,
              39.10756825335042
            ],
            [
              -84.51972474469581,
              39.10755108551827
            ],
            [
              -84.5197197140236,
              39.10753418573501
            ],
            [
              -84.51971476727184,
              39.10751757986455
            ],
            [
              -84.51970991198837,
              39.10750129374976
            ],
            [
              -84.51970515571321,
              39.10748535320819
            ],
            [
              -84.51970050597684,
              39.107469784026286
            ],
            [
              -84.51969597029792,
              39.107454611952164
            ],
            [
              -84.51969155618035,
              39.10743986268609
            ],
            [
              -84.51968727110932,
              39.10742556186795
            ],
            [
              -84.51968312254623,
              39.10741173506093
            ],
            [
              -84.51967911792158,
              39.107398407729114
            ],
            [
              -84.51967526462542,
              39.107385605207085
            ],
            [
              -84.5196715699939,
              39.10737335265752
            ],
            [
              -84.51966804128992,
              39.10736167501058
            ],
            [
              -84.51966468567502,
              39.10735059687627
            ],
            [
              -84.51966151016725,
              39.1073401424135
            ],
            [
              -84.51965851076638,
              39.10733029965688
            ],
            [
              -84.51965445595116,
              39.10731708644229
            ],
            [
              -84.5196505062462,
              39.10730434568977
            ],
            [
              -84.51964666853505,
              39.10729208486276
            ],
            [
              -84.51964293779855,
              39.107280272532584
            ],
            [
              -84.51963930911555,
              39.107268877491656
            ],
            [
              -84.51963577763819,
              39.10725786869112
            ],
            [
              -84.51963233855733,
              39.10724721515696
            ],
            [
              -84.51962898705725,
              39.10723688588431
            ],
            [
              -84.51962571826151,
              39.1072268497136
            ],
            [
              -84.51962252717213,
              39.10721707519173
            ],
            [
              -84.51961940860558,
              39.10720753042613
            ],
            [
              -84.51961635713118,
              39.107198182941424
            ],
            [
              -84.51961336701746,
              39.107188999549045
            ],
            [
              -84.51961043219227,
              39.107179946242
            ],
            [
              -84.51960754622198,
              39.107170988125
            ],
            [
              -84.5196047023129,
              39.10716208938801
            ],
            [
              -84.51960189333613,
              39.1071532133289
            ],
            [
              -84.51959911187431,
              39.107144322424226
            ],
            [
              -84.5195963502857,
              39.10713537844359
            ],
            [
              -84.51959360077979,
              39.10712634259869
            ],
            [
              -84.51959085549723,
              39.10711717571501
            ],
            [
              -84.5195881065871,
              39.10710783841232
            ],
            [
              -84.51958534627522,
              39.10709829128057
            ],
            [
              -84.51958258245337,
              39.1070885497905
            ],
            [
              -84.51957991459322,
              39.10707890992171
            ],
            [
              -84.51957732192186,
              39.107069263552845
            ],
            [
              -84.5195747802036,
              39.10705954547653
            ],
            [
              -84.51957228319003,
              39.10704975591268
            ],
            [
              -84.51956982452889,
              39.107039895144766
            ],
            [
              -84.51956739776143,
              39.10702996351353
            ],
            [
              -84.51956499632047,
              39.107019961411574
            ],
            [
              -84.5195626135291,
              39.10700988927852
            ],
            [
              -84.51956024259998,
              39.106999747596795
            ],
            [
              -84.51955787663496,
              39.10698953688802
            ],
            [
              -84.51955550862537,
              39.10697925771065
            ],
            [
              -84.51955313145257,
              39.10696891065751
            ],
            [
              -84.51955073788882,
              39.106958496354636
            ],
            [
              -84.51954832059866,
              39.10694801546051
            ],
            [
              -84.51954587214037,
              39.10693746866597
            ],
            [
              -84.51954338496809,
              39.10692685669514
            ],
            [
              -84.51954085143394,
              39.106916180306435
            ],
            [
              -84.51953826379071,
              39.10690544029426
            ],
            [
              -84.51953561419472,
              39.106894637491756
            ],
            [
              -84.51953289470937,
              39.10688377277348
            ],
            [
              -84.51953009730867,
              39.106872847058774
            ],
            [
              -84.51952721388177,
              39.10686186131593
            ],
            [
              -84.51952423623749,
              39.106850816565895
            ],
            [
              -84.51952115610963,
              39.106839713887034
            ],
            [
              -84.51951810230639,
              39.10682903404178
            ],
            [
              -84.51951539288854,
              39.10681942879014
            ],
            [
              -84.51951283706943,
              39.10680987270625
            ],
            [
              -84.51951028952827,
              39.10679990579292
            ],
            [
              -84.51950774498411,
              39.1067895725409
            ],
            [
              -84.51950519558923,
              39.106778914338044
            ],
            [
              -84.5195026314346,
              39.1067679698552
            ],
            [
              -84.51950004090268,
              39.106756775344635
            ],
            [
              -84.51949741090306,
              39.10674536486251
            ],
            [
              -84.51949472701438,
              39.10673377042459
            ],
            [
              -84.51949197354723,
              39.106722022102986
            ],
            [
              -84.51948913353554,
              39.10671014806938
            ],
            [
              -84.51948618865816,
              39.10669817458914
            ],
            [
              -84.51948311908686,
              39.10668612596831
            ],
            [
              -84.51947990325098,
              39.1066740244553
            ],
            [
              -84.51947651750343,
              39.106661890099616
            ],
            [
              -84.51947293566467,
              39.10664974057001
            ],
            [
              -84.51946912841278,
              39.106637590936984
            ],
            [
              -84.51946506247658,
              39.1066254534319
            ],
            [
              -84.51946069957567,
              39.106613337202695
            ],
            [
              -84.5194559950356,
              39.106601248105505
            ],
            [
              -84.51945089599259,
              39.10658918860061
            ],
            [
              -84.51944533908994,
              39.106577157868074
            ],
            [
              -84.51943924757563,
              39.10656515233658
            ],
            [
              -84.51943252775223,
              39.106553166932265
            ],
            [
              -84.51942506485513,
              39.10654119752229
            ],
            [
              -84.51941671871518,
              39.10652924524388
            ],
            [
              -84.51940761724923,
              39.10651770053364
            ],
            [
              -84.51939583235011,
              39.10650433713582
            ],
            [
              -84.51938359624349,
              39.106491762780706
            ],
            [
              -84.51937062505354,
              39.106479712249424
            ],
            [
              -84.51935691674626,
              39.10646822807546
            ],
            [
              -84.51934248847289,
              39.106457356577174
            ],
            [
              -84.51932737730633,
              39.10644714352573
            ],
            [
              -84.51931163876668,
              39.1064376293622
            ],
            [
              -84.51929534306876,
              39.106428844710216
            ],
            [
              -84.51927856952538,
              39.10642080693999
            ],
            [
              -84.51926139996912,
              39.10641351833459
            ],
            [
              -84.51924391224757,
              39.106406966049256
            ],
            [
              -84.51922617475144,
              39.106401123670075
            ],
            [
              -84.51920746140225,
              39.10639572867557
            ],
            [
              -84.51918920210275,
              39.106391343427966
            ],
            [
              -84.51917038596808,
              39.10638780431167
            ],
            [
              -84.51915193982656,
              39.10638516145681
            ],
            [
              -84.51913387257967,
              39.10638327160626
            ],
            [
              -84.51911617360695,
              39.10638201155877
            ],
            [
              -84.51909882344154,
              39.10638127665229
            ],
            [
              -84.51908180082148,
              39.10638097807834
            ],
            [
              -84.51906508699324,
              39.10638103996015
            ],
            [
              -84.51904866811584,
              39.10638139666222
            ],
            [
              -84.51903253644407,
              39.10638199051562
            ],
            [
              -84.51901669077957,
              39.10638276999247
            ],
            [
              -84.51900113651911,
              39.10638368829422
            ],
            [
              -84.51898588551414,
              39.10638470229505
            ],
            [
              -84.51897095587442,
              39.10638577178092
            ],
            [
              -84.5189563717974,
              39.10638685893464
            ],
            [
              -84.51894216347084,
              39.106387928030756
            ],
            [
              -84.5189283670763,
              39.10638894531889
            ],
            [
              -84.51891502490605,
              39.10638987908907
            ],
            [
              -84.51890141590026,
              39.1063907491361
            ],
            [
              -84.51888772647727,
              39.10639163593461
            ],
            [
              -84.51887333431911,
              39.10639269639633
            ],
            [
              -84.51885896094073,
              39.106393874389354
            ],
            [
              -84.51884460774913,
              39.1063951607624
            ],
            [
              -84.51883027643993,
              39.106396546641214
            ],
            [
              -84.51881596900049,
              39.10639802339565
            ],
            [
              -84.51880168770991,
              39.10639958261046
            ],
            [
              -84.51878743513667,
              39.10640121605956
            ],
            [
              -84.51877321413495,
              39.106402915683454
            ],
            [
              -84.51875902783931,
              39.106404673569564
            ],
            [
              -84.51874487965947,
              39.10640648193529
            ],
            [
              -84.51873077327485,
              39.10640833311333
            ],
            [
              -84.51871671262909,
              39.10641021953931
            ],
            [
              -84.51870270192514,
              39.10641213374138
            ],
            [
              -84.51868874562076,
              39.1064140683316
            ],
            [
              -84.51867484842481,
              39.10641601599911
            ],
            [
              -84.51866101529436,
              39.10641796950477
            ],
            [
              -84.51864725143264,
              39.106419921677414
            ],
            [
              -84.51863356228802,
              39.106421865411455
            ],
            [
              -84.51861995355372,
              39.10642379366592
            ],
            [
              -84.51860643116915,
              39.10642569946482
            ],
            [
              -84.51859300132125,
              39.10642757589899
            ],
            [
              -84.51857949347183,
              39.10642944055958
            ],
            [
              -84.5185658790661,
              39.10643132093456
            ],
            [
              -84.51855209951647,
              39.10643325260341
            ],
            [
              -84.51853832237009,
              39.10643521097129
            ],
            [
              -84.51852454786585,
              39.10643719455776
            ],
            [
              -84.51851077624835,
              39.10643920188775
            ],
            [
              -84.51849700776782,
              39.10644123149136
            ],
            [
              -84.5184832426803,
              39.106443281903765
            ],
            [
              -84.51846948124788,
              39.106445351664966
            ],
            [
              -84.5184557237384,
              39.10644743931973
            ],
            [
              -84.5184419704257,
              39.1064495434174
            ],
            [
              -84.51842822158991,
              39.10645166251176
            ],
            [
              -84.51841447751706,
              39.10645379516093
            ],
            [
              -84.51840073849925,
              39.10645593992729
            ],
            [
              -84.51838700483482,
              39.1064580953773
            ],
            [
              -84.51837327682829,
              39.10646026008146
            ],
            [
              -84.51835955479025,
              39.106462432614215
            ],
            [
              -84.51834583903747,
              39.10646461155388
            ],
            [
              -84.51833212989298,
              39.10646679548254
            ],
            [
              -84.51831842768574,
              39.106468982986044
            ],
            [
              -84.51830473275103,
              39.10647117265393
            ],
            [
              -84.51829104543022,
              39.106473363079346
            ],
            [
              -84.51827736607063,
              39.10647555285909
            ],
            [
              -84.51826369502594,
              39.10647774059349
            ],
            [
              -84.5182499808204,
              39.1064799331737
            ],
            [
              -84.51823679549216,
              39.106482046637424
            ],
            [
              -84.51822418555612,
              39.10648408143482
            ],
            [
              -84.51821211571287,
              39.1064860423686
            ],
            [
              -84.51820050261928,
              39.10648794192662
            ],
            [
              -84.51818926345967,
              39.10648979249342
            ],
            [
              -84.51817831570659,
              39.10649160638803
            ],
            [
              -84.51816757679774,
              39.10649339591875
            ],
            [
              -84.51815696376698,
              39.10649517344881
            ],
            [
              -84.51814639288587,
              39.10649695146305
            ],
            [
              -84.51813577937605,
              39.106498742623764
            ],
            [
              -84.51812503724365,
              39.106500559805575
            ],
            [
              -84.51811407926031,
              39.1065024161032
            ],
            [
              -84.51810281708295,
              39.1065043248128
            ],
            [
              -84.51809116147965,
              39.10650629939263
            ],
            [
              -84.51807902261199,
              39.10650835341198
            ],
            [
              -84.51806631032322,
              39.106510500498594
            ],
            [
              -84.51805293439519,
              39.10651275429147
            ],
            [
              -84.51803880474876,
              39.106515128404254
            ],
            [
              -84.51802383158089,
              39.10651763640042
            ],
            [
              -84.51800792544299,
              39.1065202917795
            ],
            [
              -84.5179909972702,
              39.10652310797229
            ],
            [
              -84.51797295837541,
              39.10652609834248
            ],
            [
              -84.51795372042096,
              39.10652927619228
            ],
            [
              -84.5179331953774,
              39.106532654770234
            ],
            [
              -84.51791129945073,
              39.10653624662792
            ],
            [
              -84.51786004029235,
              39.10654462461253
            ],
            [
              -84.51779857458753,
              39.106554641510904
            ],
            [
              -84.51772725686793,
              39.10656624029129
            ],
            [
              -84.5176464458008,
              39.1065793632626
            ],
            [
              -84.51755649698626,
              39.10659395324012
            ],
            [
              -84.5174577645057,
              39.10660995328906
            ],
            [
              -84.51735060161687,
              39.10662730660984
            ],
            [
              -84.51723536109857,
              39.10664595648132
            ],
            [
              -84.51711239543546,
              39.106665846230484
            ],
            [
              -84.51698205692334,
              39.106686919215164
            ],
            [
              -84.51684469773217,
              39.10670911881369
            ],
            [
              -84.51670066994537,
              39.1067323884185
            ],
            [
              -84.51655032558534,
              39.106756671431995
            ],
            [
              -84.5163940166304,
              39.10678191126371
            ],
            [
              -84.51623209502633,
              39.10680805132851
            ],
            [
              -84.51606491269455,
              39.10683503504517
            ],
            [
              -84.51589282153792,
              39.106862805835526
            ],
            [
              -84.51571617344484,
              39.10689130712371
            ],
            [
              -84.51553532029263,
              39.10692048233572
            ],
            [
              -84.51535061394952,
              39.10695027489895
            ],
            [
              -84.51516240627677,
              39.106980628241985
            ],
            [
              -84.5149710491298,
              39.10701148579434
            ],
            [
              -84.51477689435934,
              39.107042790986256
            ],
            [
              -84.51458029381227,
              39.10707448724865
            ],
            [
              -84.51438159933231,
              39.10710651801291
            ],
            [
              -84.51418116276047,
              39.107138826710894
            ],
            [
              -84.51397933593555,
              39.10717135677479
            ],
            [
              -84.51377647069447,
              39.107204051637105
            ],
            [
              -84.51357291887254,
              39.1072368547306
            ],
            [
              -84.5133690323037,
              39.107269709488264
            ],
            [
              -84.51316516282077,
              39.10730255934328
            ],
            [
              -84.51296166225549,
              39.10733534772897
            ],
            [
              -84.51275888243879,
              39.1073680180788
            ],
            [
              -84.51255717520074,
              39.107400513826406
            ],
            [
              -84.5123568923709,
              39.10743277840547
            ],
            [
              -84.51215838577816,
              39.10746475524979
            ],
            [
              -84.5119620072509,
              39.107496387793255
            ],
            [
              -84.51176810861708,
              39.10752761946983
            ],
            [
              -84.51157704170426,
              39.107558393713504
            ],
            [
              -84.51138915833961,
              39.10758865395838
            ],
            [
              -84.51120481035008,
              39.10761834363858
            ],
            [
              -84.51102434956225,
              39.107647406188256
            ],
            [
              -84.51084812780249,
              39.10767578504163
            ],
            [
              -84.51067649689695,
              39.10770342363295
            ],
            [
              -84.51050980867159,
              39.1077302653965
            ],
            [
              -84.51034841495212,
              39.10775625376656
            ],
            [
              -84.51019266756418,
              39.10778133217749
            ],
            [
              -84.51004291833327,
              39.107805444063644
            ],
            [
              -84.50989951908466,
              39.107828532859386
            ],
            [
              -84.50976282164349,
              39.10785054199913
            ],
            [
              -84.50963317783498,
              39.107871414917284
            ],
            [
              -84.50951093948403,
              39.10789109504829
            ],
            [
              -84.50939645841558,
              39.10790952582658
            ],
            [
              -84.50929008645439,
              39.10792665068663
            ],
            [
              -84.50919217542516,
              39.107942413062915
            ],
            [
              -84.50910307715273,
              39.107956756389896
            ],
            [
              -84.5090231434614,
              39.10796962410211
            ],
            [
              -84.50895272617585,
              39.107980959634055
            ],
            [
              -84.50889217712027,
              39.10799070642027
            ],
            [
              -84.50884184811902,
              39.10799880789531
            ],
            [
              -84.50880209099576,
              39.108005207493804
            ],
            [
              -84.50877325757267,
              39.108009848650646
            ],
            [
              -84.50875569965619,
              39.10801267480324
            ],
            [
              -84.50874976888946,
              39.10801362941532
            ],
            [
              -84.5087576048367,
              39.108043180791796
            ],
            [
              -84.50876353566015,
              39.10804222617059
            ],
            [
              -84.50878109369731,
              39.10803939999856
            ],
            [
              -84.50880992725148,
              39.10803475882062
            ],
            [
              -84.50884968451105,
              39.10802835920018
            ],
            [
              -84.50890001365323,
              39.10802025770246
            ],
            [
              -84.50896056285447,
              39.108010510892804
            ],
            [
              -84.50903098029067,
              39.10799917533661
            ],
            [
              -84.5091109141376,
              39.10798630759935
            ],
            [
              -84.50920001257113,
              39.10797196424643
            ],
            [
              -84.50929792376687,
              39.107956201843336
            ],
            [
              -84.50940429590047,
              39.10793907695553
            ],
            [
              -84.50951877714753,
              39.107920646148486
            ],
            [
              -84.5096410156836,
              39.10790096598768
            ],
            [
              -84.50977065968408,
              39.10788009303862
            ],
            [
              -84.50990735732438,
              39.10785808386681
            ],
            [
              -84.51005075677988,
              39.107834995037756
            ],
            [
              -84.51020050622577,
              39.10781088311699
            ],
            [
              -84.51035625383723,
              39.107785804670065
            ],
            [
              -84.51051764778936,
              39.107759816262536
            ],
            [
              -84.51068433625706,
              39.10773297445997
            ],
            [
              -84.51085596741524,
              39.107705335827966
            ],
            [
              -84.51103218943861,
              39.10767695693214
            ],
            [
              -84.51121265050172,
              39.10764789433813
            ],
            [
              -84.51139699877906,
              39.10761820461158
            ],
            [
              -84.51158488244485,
              39.1075879443182
            ],
            [
              -84.51177594967314,
              39.10755717002371
            ],
            [
              -84.51196984863779,
              39.107525938293854
            ],
            [
              -84.5121662275124,
              39.10749430569443
            ],
            [
              -84.51236473447025,
              39.10746232879129
            ],
            [
              -84.51256501768438,
              39.10743006415033
            ],
            [
              -84.51276672532744,
              39.107397568337475
            ],
            [
              -84.51296950557162,
              39.10736489791877
            ],
            [
              -84.51317300658876,
              39.10733210946028
            ],
            [
              -84.51337687655004,
              39.10729925952819
            ],
            [
              -84.51358076362615,
              39.10726640468878
            ],
            [
              -84.513784315987,
              39.10723360150843
            ],
            [
              -84.51398718180168,
              39.10720090655368
            ],
            [
              -84.51418900923832,
              39.107168376391186
            ],
            [
              -84.514389446464,
              39.10713606758781
            ],
            [
              -84.51458814164437,
              39.10710403671064
            ],
            [
              -84.51478474294355,
              39.10707234032699
            ],
            [
              -84.51497889852384,
              39.107041035004485
            ],
            [
              -84.51517025654525,
              39.10701017731113
            ],
            [
              -84.51535846516508,
              39.10697982381535
            ],
            [
              -84.51554317253736,
              39.106950031086114
            ],
            [
              -84.51572402681204,
              39.10692085569303
            ],
            [
              -84.51590067613414,
              39.10689235420655
            ],
            [
              -84.51607276864229,
              39.1068645831981
            ],
            [
              -84.51623995246739,
              39.106837599240414
            ],
            [
              -84.51640187573012,
              39.10681145890785
            ],
            [
              -84.51655818653819,
              39.1067862187769
            ],
            [
              -84.51670853298215,
              39.10676193542682
            ],
            [
              -84.51685256312973,
              39.10673866544059
            ],
            [
              -84.51698992501773,
              39.106716465406215
            ],
            [
              -84.51712026664003,
              39.106695391918684
            ],
            [
              -84.51724323592978,
              39.106675501582906
            ],
            [
              -84.5173584807318,
              39.106656851018165
            ],
            [
              -84.51746564875822,
              39.10663949686544
            ],
            [
              -84.51756438751465,
              39.10662349579947
            ],
            [
              -84.5176543441704,
              39.10660890455008
            ],
            [
              -84.51773516531632,
              39.10659577994207
            ],
            [
              -84.51780649647688,
              39.10658417897571
            ],
            [
              -84.51786798102263,
              39.106574159006875
            ],
            [
              -84.51791926522834,
              39.10656577692844
            ],
            [
              -84.51794118826274,
              39.10656218062394
            ],
            [
              -84.51796173994241,
              39.106558797661485
            ],
            [
              -84.51798100502559,
              39.10655561533037
            ],
            [
              -84.51799907124479,
              39.10655262043053
            ],
            [
              -84.51801602654888,
              39.10654979972414
            ],
            [
              -84.5180319591322,
              39.10654713993024
            ],
            [
              -84.5180469574543,
              39.106544627720766
            ],
            [
              -84.51806111024422,
              39.10654224971933
            ],
            [
              -84.51807450647988,
              39.1065399925047
            ],
            [
              -84.5180872353331,
              39.10653784262038
            ],
            [
              -84.51809938607332,
              39.10653578659206
            ],
            [
              -84.51811104792684,
              39.10653381095338
            ],
            [
              -84.51812230989647,
              39.10653190227899
            ],
            [
              -84.51813326055904,
              39.10653004722151
            ],
            [
              -84.51814398786732,
              39.10652823254741
            ],
            [
              -84.5181545789912,
              39.10652644516459
            ],
            [
              -84.51816512023379,
              39.106524672135535
            ],
            [
              -84.51817569704451,
              39.106522900671806
            ],
            [
              -84.51818639413561,
              39.1065211181096
            ],
            [
              -84.518197295684,
              39.10651931187048
            ],
            [
              -84.518208485583,
              39.10651746941461
            ],
            [
              -84.51822004770148,
              39.10651557819461
            ],
            [
              -84.51823206611066,
              39.1065136256171
            ],
            [
              -84.5182446252522,
              39.10651159901612
            ],
            [
              -84.51825777583036,
              39.106509491122466
            ],
            [
              -84.51827148391102,
              39.106507299521475
            ],
            [
              -84.51828515968744,
              39.10650511102987
            ],
            [
              -84.51829883919447,
              39.10650292122652
            ],
            [
              -84.51831252207126,
              39.106500731512305
            ],
            [
              -84.51832620796134,
              39.106498543290556
            ],
            [
              -84.51833989651249,
              39.10649635796719
            ],
            [
              -84.51835358737672,
              39.10649417695066
            ],
            [
              -84.5183672802105,
              39.106492001652
            ],
            [
              -84.51838097467446,
              39.10648983348489
            ],
            [
              -84.51839467043364,
              39.10648767386566
            ],
            [
              -84.51840836715736,
              39.10648552421336
            ],
            [
              -84.51842206451929,
              39.10648338594981
            ],
            [
              -84.51843576219738,
              39.10648126049965
            ],
            [
              -84.51844945987398,
              39.1064791492904
            ],
            [
              -84.51846315723569,
              39.106477053752585
            ],
            [
              -84.51847685397327,
              39.106474975319756
            ],
            [
              -84.51849054978189,
              39.10647291542857
            ],
            [
              -84.51850424436094,
              39.10647087551893
            ],
            [
              -84.51851793741385,
              39.10646885703406
            ],
            [
              -84.51853162864826,
              39.106466861420586
            ],
            [
              -84.51854531777596,
              39.10646489012869
            ],
            [
              -84.51855900451262,
              39.106462944612204
            ],
            [
              -84.51857268857798,
              39.1064610263287
            ],
            [
              -84.51858625220414,
              39.10645915296721
            ],
            [
              -84.51859979811512,
              39.10645728305251
            ],
            [
              -84.51861329656263,
              39.106455397033514
            ],
            [
              -84.51862686563786,
              39.106453484654196
            ],
            [
              -84.51864049933161,
              39.10645155286316
            ],
            [
              -84.51865419180858,
              39.106449608655964
            ],
            [
              -84.51866793740632,
              39.10644765907375
            ],
            [
              -84.5186817306343,
              39.106445711203094
            ],
            [
              -84.51869556617419,
              39.106443772176576
            ],
            [
              -84.51870943888042,
              39.10644184917454
            ],
            [
              -84.51872334378183,
              39.10643994942766
            ],
            [
              -84.51873727608353,
              39.10643808022077
            ],
            [
              -84.51875123116955,
              39.106436248897616
            ],
            [
              -84.51876520460604,
              39.10643446286691
            ],
            [
              -84.51877919214469,
              39.10643272960965
            ],
            [
              -84.51879318972657,
              39.10643105668779
            ],
            [
              -84.51880719348598,
              39.10642945175457
            ],
            [
              -84.5188211997541,
              39.106427922566404
            ],
            [
              -84.51883520506276,
              39.106426476996646
            ],
            [
              -84.51884920614695,
              39.106425123051544
            ],
            [
              -84.51886319994658,
              39.10642386888821
            ],
            [
              -84.51887718360639,
              39.106422722835184
            ],
            [
              -84.51889115447383,
              39.106421693415555
            ],
            [
              -84.51890460422051,
              39.106420822143235
            ],
            [
              -84.5189183412464,
              39.10641994391166
            ],
            [
              -84.51893192424211,
              39.10641899328698
            ],
            [
              -84.51894584962326,
              39.10641796648792
            ],
            [
              -84.51896007776271,
              39.106416895901
            ],
            [
              -84.5189745733244,
              39.10641581534556
            ],
            [
              -84.5189893051812,
              39.106414760027874
            ],
            [
              -84.51900424641254,
              39.10641376662311
            ],
            [
              -84.51901937437279,
              39.10641287348953
            ],
            [
              -84.519034670811,
              39.10641212103012
            ],
            [
              -84.51905012200885,
              39.10641155222692
            ],
            [
              -84.51906571887926,
              39.106411213383055
            ],
            [
              -84.51908145693254,
              39.10641115511398
            ],
            [
              -84.51909733595954,
              39.1064114336295
            ],
            [
              -84.51911335920082,
              39.10641211233103
            ],
            [
              -84.51912953165842,
              39.10641326370094
            ],
            [
              -84.51914585707381,
              39.10641497135432
            ],
            [
              -84.51916233297634,
              39.1064173319249
            ],
            [
              -84.5191789431866,
              39.1064204561301
            ],
            [
              -84.51919502693657,
              39.10642431888651
            ],
            [
              -84.5192119062477,
              39.10642918513412
            ],
            [
              -84.51922796950961,
              39.10643447605378
            ],
            [
              -84.51924373063065,
              39.10644038141783
            ],
            [
              -84.51925914562523,
              39.10644692519863
            ],
            [
              -84.51927416386695,
              39.10645412184
            ],
            [
              -84.51928873193107,
              39.106461975162645
            ],
            [
              -84.51930279816227,
              39.10647047839273
            ],
            [
              -84.51931631729404,
              39.1064796154496
            ],
            [
              -84.51932925437885,
              39.10648936335856
            ],
            [
              -84.51934158742317,
              39.10649969540202
            ],
            [
              -84.51935330842294,
              39.10651058447811
            ],
            [
              -84.51936442284637,
              39.10652200614281
            ],
            [
              -84.51937513407728,
              39.10653415206264
            ],
            [
              -84.51938318381826,
              39.10654436271744
            ],
            [
              -84.51939061715674,
              39.10655500779788
            ],
            [
              -84.5193973487018,
              39.106565804224736
            ],
            [
              -84.51940348131846,
              39.10657674229346
            ],
            [
              -84.5194091000321,
              39.10658781600028
            ],
            [
              -84.51941427507425,
              39.1065990200022
            ],
            [
              -84.51941906477701,
              39.10661034790113
            ],
            [
              -84.51942351806599,
              39.1066217913669
            ],
            [
              -84.51942767649842,
              39.10663333976588
            ],
            [
              -84.51943157588082,
              39.106644980079786
            ],
            [
              -84.51943524752964,
              39.10665669697881
            ],
            [
              -84.51943871924381,
              39.106668472967826
            ],
            [
              -84.51944201604891,
              39.10668028855807
            ],
            [
              -84.51944516076392,
              39.106692122436165
            ],
            [
              -84.51944817442951,
              39.10670395161696
            ],
            [
              -84.51945107662816,
              39.10671575157116
            ],
            [
              -84.51945388571883,
              39.106727496324574
            ],
            [
              -84.51945661900216,
              39.106739158527105
            ],
            [
              -84.51945929282721,
              39.106750709490036
            ],
            [
              -84.51946192264657,
              39.10676211919009
            ],
            [
              -84.51946452302236,
              39.10677335623912
            ],
            [
              -84.51946710758207,
              39.10678438781619
            ],
            [
              -84.51946968891893,
              39.1067951795582
            ],
            [
              -84.51947227842638,
              39.10680569540364
            ],
            [
              -84.51947488605039,
              39.10681589738311
            ],
            [
              -84.5194775199345,
              39.10682574534823
            ],
            [
              -84.5194802865613,
              39.10683555341332
            ],
            [
              -84.51948332578588,
              39.106846182273685
            ],
            [
              -84.51948635615257,
              39.1068571055826
            ],
            [
              -84.51948928938808,
              39.1068679856105
            ],
            [
              -84.51949213347581,
              39.1068788214727
            ],
            [
              -84.51949489634652,
              39.106889612324785
            ],
            [
              -84.51949758587453,
              39.10690035735936
            ],
            [
              -84.51950020987456,
              39.10691105580336
            ],
            [
              -84.51950277609862,
              39.10692170691519
            ],
            [
              -84.51950529223338,
              39.10693230998234
            ],
            [
              -84.51950776589781,
              39.10694286431951
            ],
            [
              -84.51951020464115,
              39.10695336926665
            ],
            [
              -84.51951261594097,
              39.10696382418781
            ],
            [
              -84.5195150072017,
              39.106974228470385
            ],
            [
              -84.5195173857532,
              39.10698458152454
            ],
            [
              -84.51951975884964,
              39.106994882783184
            ],
            [
              -84.51952213366859,
              39.10700513170256
            ],
            [
              -84.51952451731042,
              39.10701532776304
            ],
            [
              -84.51952691679784,
              39.107025470470866
            ],
            [
              -84.51952933907582,
              39.10703555935982
            ],
            [
              -84.5195317910117,
              39.10704559399371
            ],
            [
              -84.51953427939583,
              39.1070555739694
            ],
            [
              -84.51953681094238,
              39.10706549892013
            ],
            [
              -84.51953939229077,
              39.10707536851938
            ],
            [
              -84.51954203000749,
              39.10708518248528
            ],
            [
              -84.51954474329004,
              39.107094986480405
            ],
            [
              -84.5195475455339,
              39.10710486339436
            ],
            [
              -84.51955033956061,
              39.10711452713615
            ],
            [
              -84.51955312164982,
              39.10712397713916
            ],
            [
              -84.5195558990821,
              39.10713325137528
            ],
            [
              -84.51955867919195,
              39.107142387795456
            ],
            [
              -84.51956146931974,
              39.10715142420619
            ],
            [
              -84.51956427675754,
              39.107160398142746
            ],
            [
              -84.51956710869295,
              39.107169346748655
            ],
            [
              -84.51956997215599,
              39.10717830667098
            ],
            [
              -84.51957287397411,
              39.107187313980056
            ],
            [
              -84.51957582073942,
              39.10719640411975
            ],
            [
              -84.5195788187911,
              39.1072056118916
            ],
            [
              -84.51958187421455,
              39.10721497147334
            ],
            [
              -84.51958499285595,
              39.107224516467994
            ],
            [
              -84.51958818035021,
              39.10723427997777
            ],
            [
              -84.51959144215871,
              39.107244294695626
            ],
            [
              -84.51959478361255,
              39.10725459300589
            ],
            [
              -84.51959820995745,
              39.10726520708679
            ],
            [
              -84.5196017263965,
              39.1072761690079
            ],
            [
              -84.5196053381282,
              39.107287510817144
            ],
            [
              -84.5196090503782,
              39.107299264615
            ],
            [
              -84.51961286842361,
              39.107311462613396
            ],
            [
              -84.51961679761042,
              39.10732413717953
            ],
            [
              -84.51962083492623,
              39.10733729336968
            ],
            [
              -84.51962382400532,
              39.10734710225459
            ],
            [
              -84.51962699350032,
              39.10735753692203
            ],
            [
              -84.51963034395935,
              39.107368598034924
            ],
            [
              -84.51963386819327,
              39.10738026088891
            ],
            [
              -84.51963755891212,
              39.10739250046287
            ],
            [
              -84.51964140875484,
              39.10740529151086
            ],
            [
              -84.51964541030884,
              39.10741860862364
            ],
            [
              -84.51964955612378,
              39.10743242627128
            ],
            [
              -84.51965383872084,
              39.10744671883291
            ],
            [
              -84.51965825059953,
              39.10746146061804
            ],
            [
              -84.51966278424267,
              39.10747662588235
            ],
            [
              -84.51966743211989,
              39.1074921888391
            ],
            [
              -84.51967218669053,
              39.107508123667984
            ],
            [
              -84.51967704040555,
              39.10752440452171
            ],
            [
              -84.51968198570927,
              39.107541005531225
            ],
            [
              -84.51968701504049,
              39.10755790080963
            ],
            [
              -84.51969212083353,
              39.10757506445531
            ],
            [
              -84.519697295519,
              39.1075924705545
            ],
            [
              -84.51970253152439,
              39.10761009318334
            ],
            [
              -84.51970782127462,
              39.10762790640936
            ],
            [
              -84.51971315719243,
              39.107645884292964
            ],
            [
              -84.5197185316986,
              39.107664000888356
            ],
            [
              -84.51972393721242,
              39.107682230244485
            ],
            [
              -84.5197293661518,
              39.10770054640593
            ],
            [
              -84.51973481093341,
              39.10771892341326
            ],
            [
              -84.51974026397302,
              39.107737335303796
            ],
            [
              -84.51974571768541,
              39.10775575611187
            ],
            [
              -84.51975116448465,
              39.10777415986931
            ],
            [
              -84.51975659678412,
              39.10779252060572
            ],
            [
              -84.5197620069966,
              39.1078108123487
            ],
            [
              -84.51976738753439,
              39.10782900912416
            ],
            [
              -84.51977273080927,
              39.10784708495646
            ],
            [
              -84.51977802923267,
              39.10786501386864
            ],
            [
              -84.51978327521563,
              39.10788276988252
            ],
            [
              -84.51978846116884,
              39.10790032701884
            ],
            [
              -84.51979357950276,
              39.10791765929736
            ],
            [
              -84.51979862262753,
              39.10793474073695
            ],
            [
              -84.51980358295313,
              39.10795154535582
            ],
            [
              -84.51980845288927,
              39.10796804717141
            ],
            [
              -84.51981322484545,
              39.10798422020047
            ],
            [
              -84.51981789123107,
              39.10800003845927
            ],
            [
              -84.51982244445537,
              39.108015475963526
            ],
            [
              -84.51982687692738,
              39.10803050672854
            ],
            [
              -84.51983118105608,
              39.10804510476907
            ],
            [
              -84.5198353492503,
              39.10805924409963
            ],
            [
              -84.51983937391871,
              39.10807289873423
            ],
            [
              -84.51984324747,
              39.108086042686665
            ],
            [
              -84.51984696231268,
              39.10809864997042
            ],
            [
              -84.51985051085522,
              39.10811069459863
            ],
            [
              -84.51985388550597,
              39.10812215058423
            ],
            [
              -84.51985707867328,
              39.108132991939996
            ],
            [
              -84.51986008276536,
              39.108143192678334
            ],
            [
              -84.51986289019042,
              39.10815272681152
            ],
            [
              -84.51986549335662,
              39.10816156835176
            ],
            [
              -84.51986788467194,
              39.1081696913108
            ],
            [
              -84.51987005654446,
              39.1081770697004
            ],
            [
              -84.51987200138217,
              39.1081836775322
            ],
            [
              -84.5198737115929,
              39.10818948881735
            ],
            [
              -84.51987517958449,
              39.10819447756694
            ],
            [
              -84.51987639776458,
              39.108198617791345
            ],
            [
              -84.51987735854038,
              39.108201883499675
            ],
            [
              -84.51987805431756,
              39.10820424869557
            ],
            [
              -84.51987847748707,
              39.10820568733273
            ],
            [
              -84.51987862028346,
              39.108206172833086
            ],
            [
              -84.51991637217331,
              39.1081994326971
            ]
          ]
        ]
      }
    },
    {
      "type": "Feature",
      "id": "st-df65d7c9:2",
      "properties": {
        "featureClass": "band",
        "streetId": "st-df65d7c9",
        "componentId": "cmp-08e599e3",
        "componentIndex": 2,
        "componentType": "travelLane",
        "direction": "backward",
        "widthMeters": 3.35,
        "color": "#4A5157",
        "geostripe": "band",
        "streetName": "Street 5"
      },
      "geometry": {
        "type": "Polygon",
        "coordinates": [
          [
            [
              -84.51987862028346,
              39.108206172833086
            ],
            [
              -84.51987847748707,
              39.10820568733273
            ],
            [
              -84.51987805431756,
              39.10820424869557
            ],
            [
              -84.51987735854038,
              39.108201883499675
            ],
            [
              -84.51987639776458,
              39.108198617791345
            ],
            [
              -84.51987517958449,
              39.10819447756694
            ],
            [
              -84.5198737115929,
              39.10818948881735
            ],
            [
              -84.51987200138217,
              39.1081836775322
            ],
            [
              -84.51987005654446,
              39.1081770697004
            ],
            [
              -84.51986788467194,
              39.1081696913108
            ],
            [
              -84.51986549335662,
              39.10816156835176
            ],
            [
              -84.51986289019042,
              39.10815272681152
            ],
            [
              -84.51986008276536,
              39.108143192678334
            ],
            [
              -84.51985707867328,
              39.108132991939996
            ],
            [
              -84.51985388550597,
              39.10812215058423
            ],
            [
              -84.51985051085522,
              39.10811069459863
            ],
            [
              -84.51984696231268,
              39.10809864997042
            ],
            [
              -84.51984324747,
              39.108086042686665
            ],
            [
              -84.51983937391871,
              39.10807289873423
            ],
            [
              -84.5198353492503,
              39.10805924409963
            ],
            [
              -84.51983118105608,
              39.10804510476907
            ],
            [
              -84.51982687692738,
              39.10803050672854
            ],
            [
              -84.51982244445537,
              39.108015475963526
            ],
            [
              -84.51981789123107,
              39.10800003845927
            ],
            [
              -84.51981322484545,
              39.10798422020047
            ],
            [
              -84.51980845288927,
              39.10796804717141
            ],
            [
              -84.51980358295313,
              39.10795154535582
            ],
            [
              -84.51979862262753,
              39.10793474073695
            ],
            [
              -84.51979357950276,
              39.10791765929736
            ],
            [
              -84.51978846116884,
              39.10790032701884
            ],
            [
              -84.51978327521563,
              39.10788276988252
            ],
            [
              -84.51977802923267,
              39.10786501386864
            ],
            [
              -84.51977273080927,
              39.10784708495646
            ],
            [
              -84.51976738753439,
              39.10782900912416
            ],
            [
              -84.5197620069966,
              39.1078108123487
            ],
            [
              -84.51975659678412,
              39.10779252060572
            ],
            [
              -84.51975116448465,
              39.10777415986931
            ],
            [
              -84.51974571768541,
              39.10775575611187
            ],
            [
              -84.51974026397302,
              39.107737335303796
            ],
            [
              -84.51973481093341,
              39.10771892341326
            ],
            [
              -84.5197293661518,
              39.10770054640593
            ],
            [
              -84.51972393721242,
              39.107682230244485
            ],
            [
              -84.5197185316986,
              39.107664000888356
            ],
            [
              -84.51971315719243,
              39.107645884292964
            ],
            [
              -84.51970782127462,
              39.10762790640936
            ],
            [
              -84.51970253152439,
              39.10761009318334
            ],
            [
              -84.519697295519,
              39.1075924705545
            ],
            [
              -84.51969212083353,
              39.10757506445531
            ],
            [
              -84.51968701504049,
              39.10755790080963
            ],
            [
              -84.51968198570927,
              39.107541005531225
            ],
            [
              -84.51967704040555,
              39.10752440452171
            ],
            [
              -84.51967218669053,
              39.107508123667984
            ],
            [
              -84.51966743211989,
              39.1074921888391
            ],
            [
              -84.51966278424267,
              39.10747662588235
            ],
            [
              -84.51965825059953,
              39.10746146061804
            ],
            [
              -84.51965383872084,
              39.10744671883291
            ],
            [
              -84.51964955612378,
              39.10743242627128
            ],
            [
              -84.51964541030884,
              39.10741860862364
            ],
            [
              -84.51964140875484,
              39.10740529151086
            ],
            [
              -84.51963755891212,
              39.10739250046287
            ],
            [
              -84.51963386819327,
              39.10738026088891
            ],
            [
              -84.51963034395935,
              39.107368598034924
            ],
            [
              -84.51962699350032,
              39.10735753692203
            ],
            [
              -84.51962382400532,
              39.10734710225459
            ],
            [
              -84.51962083492623,
              39.10733729336968
            ],
            [
              -84.51961679761042,
              39.10732413717953
            ],
            [
              -84.51961286842361,
              39.107311462613396
            ],
            [
              -84.5196090503782,
              39.107299264615
            ],
            [
              -84.5196053381282,
              39.107287510817144
            ],
            [
              -84.5196017263965,
              39.1072761690079
            ],
            [
              -84.51959820995745,
              39.10726520708679
            ],
            [
              -84.51959478361255,
              39.10725459300589
            ],
            [
              -84.51959144215871,
              39.107244294695626
            ],
            [
              -84.51958818035021,
              39.10723427997777
            ],
            [
              -84.51958499285595,
              39.107224516467994
            ],
            [
              -84.51958187421455,
              39.10721497147334
            ],
            [
              -84.5195788187911,
              39.1072056118916
            ],
            [
              -84.51957582073942,
              39.10719640411975
            ],
            [
              -84.51957287397411,
              39.107187313980056
            ],
            [
              -84.51956997215599,
              39.10717830667098
            ],
            [
              -84.51956710869295,
              39.107169346748655
            ],
            [
              -84.51956427675754,
              39.107160398142746
            ],
            [
              -84.51956146931974,
              39.10715142420619
            ],
            [
              -84.51955867919195,
              39.107142387795456
            ],
            [
              -84.5195558990821,
              39.10713325137528
            ],
            [
              -84.51955312164982,
              39.10712397713916
            ],
            [
              -84.51955033956061,
              39.10711452713615
            ],
            [
              -84.5195475455339,
              39.10710486339436
            ],
            [
              -84.51954474329004,
              39.107094986480405
            ],
            [
              -84.51954203000749,
              39.10708518248528
            ],
            [
              -84.51953939229077,
              39.10707536851938
            ],
            [
              -84.51953681094238,
              39.10706549892013
            ],
            [
              -84.51953427939583,
              39.1070555739694
            ],
            [
              -84.5195317910117,
              39.10704559399371
            ],
            [
              -84.51952933907582,
              39.10703555935982
            ],
            [
              -84.51952691679784,
              39.107025470470866
            ],
            [
              -84.51952451731042,
              39.10701532776304
            ],
            [
              -84.51952213366859,
              39.10700513170256
            ],
            [
              -84.51951975884964,
              39.106994882783184
            ],
            [
              -84.5195173857532,
              39.10698458152454
            ],
            [
              -84.5195150072017,
              39.106974228470385
            ],
            [
              -84.51951261594097,
              39.10696382418781
            ],
            [
              -84.51951020464115,
              39.10695336926665
            ],
            [
              -84.51950776589781,
              39.10694286431951
            ],
            [
              -84.51950529223338,
              39.10693230998234
            ],
            [
              -84.51950277609862,
              39.10692170691519
            ],
            [
              -84.51950020987456,
              39.10691105580336
            ],
            [
              -84.51949758587453,
              39.10690035735936
            ],
            [
              -84.51949489634652,
              39.106889612324785
            ],
            [
              -84.51949213347581,
              39.1068788214727
            ],
            [
              -84.51948928938808,
              39.1068679856105
            ],
            [
              -84.51948635615257,
              39.1068571055826
            ],
            [
              -84.51948332578588,
              39.106846182273685
            ],
            [
              -84.5194802865613,
              39.10683555341332
            ],
            [
              -84.5194775199345,
              39.10682574534823
            ],
            [
              -84.51947488605039,
              39.10681589738311
            ],
            [
              -84.51947227842638,
              39.10680569540364
            ],
            [
              -84.51946968891893,
              39.1067951795582
            ],
            [
              -84.51946710758207,
              39.10678438781619
            ],
            [
              -84.51946452302236,
              39.10677335623912
            ],
            [
              -84.51946192264657,
              39.10676211919009
            ],
            [
              -84.51945929282721,
              39.106750709490036
            ],
            [
              -84.51945661900216,
              39.106739158527105
            ],
            [
              -84.51945388571883,
              39.106727496324574
            ],
            [
              -84.51945107662816,
              39.10671575157116
            ],
            [
              -84.51944817442951,
              39.10670395161696
            ],
            [
              -84.51944516076392,
              39.106692122436165
            ],
            [
              -84.51944201604891,
              39.10668028855807
            ],
            [
              -84.51943871924381,
              39.106668472967826
            ],
            [
              -84.51943524752964,
              39.10665669697881
            ],
            [
              -84.51943157588082,
              39.106644980079786
            ],
            [
              -84.51942767649842,
              39.10663333976588
            ],
            [
              -84.51942351806599,
              39.1066217913669
            ],
            [
              -84.51941906477701,
              39.10661034790113
            ],
            [
              -84.51941427507425,
              39.1065990200022
            ],
            [
              -84.5194091000321,
              39.10658781600028
            ],
            [
              -84.51940348131846,
              39.10657674229346
            ],
            [
              -84.5193973487018,
              39.106565804224736
            ],
            [
              -84.51939061715674,
              39.10655500779788
            ],
            [
              -84.51938318381826,
              39.10654436271744
            ],
            [
              -84.51937513407728,
              39.10653415206264
            ],
            [
              -84.51936442284637,
              39.10652200614281
            ],
            [
              -84.51935330842294,
              39.10651058447811
            ],
            [
              -84.51934158742317,
              39.10649969540202
            ],
            [
              -84.51932925437885,
              39.10648936335856
            ],
            [
              -84.51931631729404,
              39.1064796154496
            ],
            [
              -84.51930279816227,
              39.10647047839273
            ],
            [
              -84.51928873193107,
              39.106461975162645
            ],
            [
              -84.51927416386695,
              39.10645412184
            ],
            [
              -84.51925914562523,
              39.10644692519863
            ],
            [
              -84.51924373063065,
              39.10644038141783
            ],
            [
              -84.51922796950961,
              39.10643447605378
            ],
            [
              -84.5192119062477,
              39.10642918513412
            ],
            [
              -84.51919502693657,
              39.10642431888651
            ],
            [
              -84.5191789431866,
              39.1064204561301
            ],
            [
              -84.51916233297634,
              39.1064173319249
            ],
            [
              -84.51914585707381,
              39.10641497135432
            ],
            [
              -84.51912953165842,
              39.10641326370094
            ],
            [
              -84.51911335920082,
              39.10641211233103
            ],
            [
              -84.51909733595954,
              39.1064114336295
            ],
            [
              -84.51908145693254,
              39.10641115511398
            ],
            [
              -84.51906571887926,
              39.106411213383055
            ],
            [
              -84.51905012200885,
              39.10641155222692
            ],
            [
              -84.519034670811,
              39.10641212103012
            ],
            [
              -84.51901937437279,
              39.10641287348953
            ],
            [
              -84.51900424641254,
              39.10641376662311
            ],
            [
              -84.5189893051812,
              39.106414760027874
            ],
            [
              -84.5189745733244,
              39.10641581534556
            ],
            [
              -84.51896007776271,
              39.106416895901
            ],
            [
              -84.51894584962326,
              39.10641796648792
            ],
            [
              -84.51893192424211,
              39.10641899328698
            ],
            [
              -84.5189183412464,
              39.10641994391166
            ],
            [
              -84.51890460422051,
              39.106420822143235
            ],
            [
              -84.51889115447383,
              39.106421693415555
            ],
            [
              -84.51887718360639,
              39.106422722835184
            ],
            [
              -84.51886319994658,
              39.10642386888821
            ],
            [
              -84.51884920614695,
              39.106425123051544
            ],
            [
              -84.51883520506276,
              39.106426476996646
            ],
            [
              -84.5188211997541,
              39.106427922566404
            ],
            [
              -84.51880719348598,
              39.10642945175457
            ],
            [
              -84.51879318972657,
              39.10643105668779
            ],
            [
              -84.51877919214469,
              39.10643272960965
            ],
            [
              -84.51876520460604,
              39.10643446286691
            ],
            [
              -84.51875123116955,
              39.106436248897616
            ],
            [
              -84.51873727608353,
              39.10643808022077
            ],
            [
              -84.51872334378183,
              39.10643994942766
            ],
            [
              -84.51870943888042,
              39.10644184917454
            ],
            [
              -84.51869556617419,
              39.106443772176576
            ],
            [
              -84.5186817306343,
              39.106445711203094
            ],
            [
              -84.51866793740632,
              39.10644765907375
            ],
            [
              -84.51865419180858,
              39.106449608655964
            ],
            [
              -84.51864049933161,
              39.10645155286316
            ],
            [
              -84.51862686563786,
              39.106453484654196
            ],
            [
              -84.51861329656263,
              39.106455397033514
            ],
            [
              -84.51859979811512,
              39.10645728305251
            ],
            [
              -84.51858625220414,
              39.10645915296721
            ],
            [
              -84.51857268857798,
              39.1064610263287
            ],
            [
              -84.51855900451262,
              39.106462944612204
            ],
            [
              -84.51854531777596,
              39.10646489012869
            ],
            [
              -84.51853162864826,
              39.106466861420586
            ],
            [
              -84.51851793741385,
              39.10646885703406
            ],
            [
              -84.51850424436094,
              39.10647087551893
            ],
            [
              -84.51849054978189,
              39.10647291542857
            ],
            [
              -84.51847685397327,
              39.106474975319756
            ],
            [
              -84.51846315723569,
              39.106477053752585
            ],
            [
              -84.51844945987398,
              39.1064791492904
            ],
            [
              -84.51843576219738,
              39.10648126049965
            ],
            [
              -84.51842206451929,
              39.10648338594981
            ],
            [
              -84.51840836715736,
              39.10648552421336
            ],
            [
              -84.51839467043364,
              39.10648767386566
            ],
            [
              -84.51838097467446,
              39.10648983348489
            ],
            [
              -84.5183672802105,
              39.106492001652
            ],
            [
              -84.51835358737672,
              39.10649417695066
            ],
            [
              -84.51833989651249,
              39.10649635796719
            ],
            [
              -84.51832620796134,
              39.106498543290556
            ],
            [
              -84.51831252207126,
              39.106500731512305
            ],
            [
              -84.51829883919447,
              39.10650292122652
            ],
            [
              -84.51828515968744,
              39.10650511102987
            ],
            [
              -84.51827148391102,
              39.106507299521475
            ],
            [
              -84.51825777583036,
              39.106509491122466
            ],
            [
              -84.5182446252522,
              39.10651159901612
            ],
            [
              -84.51823206611066,
              39.1065136256171
            ],
            [
              -84.51822004770148,
              39.10651557819461
            ],
            [
              -84.518208485583,
              39.10651746941461
            ],
            [
              -84.518197295684,
              39.10651931187048
            ],
            [
              -84.51818639413561,
              39.1065211181096
            ],
            [
              -84.51817569704451,
              39.106522900671806
            ],
            [
              -84.51816512023379,
              39.106524672135535
            ],
            [
              -84.5181545789912,
              39.10652644516459
            ],
            [
              -84.51814398786732,
              39.10652823254741
            ],
            [
              -84.51813326055904,
              39.10653004722151
            ],
            [
              -84.51812230989647,
              39.10653190227899
            ],
            [
              -84.51811104792684,
              39.10653381095338
            ],
            [
              -84.51809938607332,
              39.10653578659206
            ],
            [
              -84.5180872353331,
              39.10653784262038
            ],
            [
              -84.51807450647988,
              39.1065399925047
            ],
            [
              -84.51806111024422,
              39.10654224971933
            ],
            [
              -84.5180469574543,
              39.106544627720766
            ],
            [
              -84.5180319591322,
              39.10654713993024
            ],
            [
              -84.51801602654888,
              39.10654979972414
            ],
            [
              -84.51799907124479,
              39.10655262043053
            ],
            [
              -84.51798100502559,
              39.10655561533037
            ],
            [
              -84.51796173994241,
              39.106558797661485
            ],
            [
              -84.51794118826274,
              39.10656218062394
            ],
            [
              -84.51791926522834,
              39.10656577692844
            ],
            [
              -84.51786798102263,
              39.106574159006875
            ],
            [
              -84.51780649647688,
              39.10658417897571
            ],
            [
              -84.51773516531632,
              39.10659577994207
            ],
            [
              -84.5176543441704,
              39.10660890455008
            ],
            [
              -84.51756438751465,
              39.10662349579947
            ],
            [
              -84.51746564875822,
              39.10663949686544
            ],
            [
              -84.5173584807318,
              39.106656851018165
            ],
            [
              -84.51724323592978,
              39.106675501582906
            ],
            [
              -84.51712026664003,
              39.106695391918684
            ],
            [
              -84.51698992501773,
              39.106716465406215
            ],
            [
              -84.51685256312973,
              39.10673866544059
            ],
            [
              -84.51670853298215,
              39.10676193542682
            ],
            [
              -84.51655818653819,
              39.1067862187769
            ],
            [
              -84.51640187573012,
              39.10681145890785
            ],
            [
              -84.51623995246739,
              39.106837599240414
            ],
            [
              -84.51607276864229,
              39.1068645831981
            ],
            [
              -84.51590067613414,
              39.10689235420655
            ],
            [
              -84.51572402681204,
              39.10692085569303
            ],
            [
              -84.51554317253736,
              39.106950031086114
            ],
            [
              -84.51535846516508,
              39.10697982381535
            ],
            [
              -84.51517025654525,
              39.10701017731113
            ],
            [
              -84.51497889852384,
              39.107041035004485
            ],
            [
              -84.51478474294355,
              39.10707234032699
            ],
            [
              -84.51458814164437,
              39.10710403671064
            ],
            [
              -84.514389446464,
              39.10713606758781
            ],
            [
              -84.51418900923832,
              39.107168376391186
            ],
            [
              -84.51398718180168,
              39.10720090655368
            ],
            [
              -84.513784315987,
              39.10723360150843
            ],
            [
              -84.51358076362615,
              39.10726640468878
            ],
            [
              -84.51337687655004,
              39.10729925952819
            ],
            [
              -84.51317300658876,
              39.10733210946028
            ],
            [
              -84.51296950557162,
              39.10736489791877
            ],
            [
              -84.51276672532744,
              39.107397568337475
            ],
            [
              -84.51256501768438,
              39.10743006415033
            ],
            [
              -84.51236473447025,
              39.10746232879129
            ],
            [
              -84.5121662275124,
              39.10749430569443
            ],
            [
              -84.51196984863779,
              39.107525938293854
            ],
            [
              -84.51177594967314,
              39.10755717002371
            ],
            [
              -84.51158488244485,
              39.1075879443182
            ],
            [
              -84.51139699877906,
              39.10761820461158
            ],
            [
              -84.51121265050172,
              39.10764789433813
            ],
            [
              -84.51103218943861,
              39.10767695693214
            ],
            [
              -84.51085596741524,
              39.107705335827966
            ],
            [
              -84.51068433625706,
              39.10773297445997
            ],
            [
              -84.51051764778936,
              39.107759816262536
            ],
            [
              -84.51035625383723,
              39.107785804670065
            ],
            [
              -84.51020050622577,
              39.10781088311699
            ],
            [
              -84.51005075677988,
              39.107834995037756
            ],
            [
              -84.50990735732438,
              39.10785808386681
            ],
            [
              -84.50977065968408,
              39.10788009303862
            ],
            [
              -84.5096410156836,
              39.10790096598768
            ],
            [
              -84.50951877714753,
              39.107920646148486
            ],
            [
              -84.50940429590047,
              39.10793907695553
            ],
            [
              -84.50929792376687,
              39.107956201843336
            ],
            [
              -84.50920001257113,
              39.10797196424643
            ],
            [
              -84.5091109141376,
              39.10798630759935
            ],
            [
              -84.50903098029067,
              39.10799917533661
            ],
            [
              -84.50896056285447,
              39.108010510892804
            ],
            [
              -84.50890001365323,
              39.10802025770246
            ],
            [
              -84.50884968451105,
              39.10802835920018
            ],
            [
              -84.50880992725148,
              39.10803475882062
            ],
            [
              -84.50878109369731,
              39.10803939999856
            ],
            [
              -84.50876353566015,
              39.10804222617059
            ],
            [
              -84.5087576048367,
              39.108043180791796
            ],
            [
              -84.50876544078396,
              39.10807273216827
            ],
            [
              -84.50877137166404,
              39.108071777537944
            ],
            [
              -84.50878892982199,
              39.108068951346475
            ],
            [
              -84.50881776350728,
              39.10806431014743
            ],
            [
              -84.508857520903,
              39.108057910505075
            ],
            [
              -84.50890785018618,
              39.10804980898465
            ],
            [
              -84.50896839953313,
              39.10804006215154
            ],
            [
              -84.5090388171199,
              39.108028726571106
            ],
            [
              -84.50911875112251,
              39.108015858808784
            ],
            [
              -84.50920784971704,
              39.10800151542995
            ],
            [
              -84.50930576107932,
              39.107985753000044
            ],
            [
              -84.5094121333854,
              39.10796862808447
            ],
            [
              -84.50952661481107,
              39.10795019724868
            ],
            [
              -84.50964885353218,
              39.10793051705807
            ],
            [
              -84.50977849772461,
              39.107909644078106
            ],
            [
              -84.50991519556416,
              39.10788763487422
            ],
            [
              -84.51005859522647,
              39.10786454601187
            ],
            [
              -84.51020834488733,
              39.10784043405649
            ],
            [
              -84.51036409272234,
              39.10781535557357
            ],
            [
              -84.51052548690711,
              39.107789367128575
            ],
            [
              -84.51069217561717,
              39.10776252528699
            ],
            [
              -84.51086380702797,
              39.1077348866143
            ],
            [
              -84.51104002931496,
              39.10770650767602
            ],
            [
              -84.51122049065336,
              39.10767744503767
            ],
            [
              -84.5114048392185,
              39.10764775526478
            ],
            [
              -84.51159272318544,
              39.10761749492289
            ],
            [
              -84.51178379072921,
              39.107586720577594
            ],
            [
              -84.5119776900247,
              39.107555488794446
            ],
            [
              -84.51217406924663,
              39.107523856139075
            ],
            [
              -84.5123725765696,
              39.107491879177125
            ],
            [
              -84.51257286016802,
              39.10745961447425
            ],
            [
              -84.51277456821609,
              39.10742711859615
            ],
            [
              -84.51297734888776,
              39.10739444810857
            ],
            [
              -84.51318085035672,
              39.10736165957728
            ],
            [
              -84.51338472079638,
              39.10732880956811
            ],
            [
              -84.51358860837978,
              39.10729595464696
            ],
            [
              -84.51379216127953,
              39.10726315137976
            ],
            [
              -84.5139950276678,
              39.10723045633256
            ],
            [
              -84.5141968557162,
              39.10719792607147
            ],
            [
              -84.51439729359568,
              39.10716561716271
            ],
            [
              -84.51459598947645,
              39.10713358617263
            ],
            [
              -84.51479259152777,
              39.10710188966772
            ],
            [
              -84.51498674791787,
              39.10707058421464
            ],
            [
              -84.5151781068137,
              39.10703972638028
            ],
            [
              -84.51536631638064,
              39.10700937273175
            ],
            [
              -84.5155510247821,
              39.10697957983651
            ],
            [
              -84.51573188017925,
              39.106950404262356
            ],
            [
              -84.51590853073036,
              39.10692190257758
            ],
            [
              -84.51608062459003,
              39.10689413135103
            ],
            [
              -84.51624780990844,
              39.10686714715232
            ],
            [
              -84.51640973482985,
              39.10684100655198
            ],
            [
              -84.51656604749104,
              39.1068157661218
            ],
            [
              -84.51671639601892,
              39.10679148243513
            ],
            [
              -84.51686042852731,
              39.106768212067486
            ],
            [
              -84.51699779311211,
              39.10674601159726
            ],
            [
              -84.5171281378446,
              39.10672493760688
            ],
            [
              -84.51725111076101,
              39.10670504668449
            ],
            [
              -84.51736635984673,
              39.1066863954265
            ],
            [
              -84.51747353301074,
              39.10666904044182
            ],
            [
              -84.51757227804306,
              39.106653038358814
            ],
            [
              -84.51766224253998,
              39.10663844583756
            ],
            [
              -84.51774307376472,
              39.106625319592844
            ],
            [
              -84.51781441836621,
              39.106613716440506
            ],
            [
              -84.51787592175293,
              39.10660369340122
            ],
            [
              -84.51792723100596,
              39.10659530722896
            ],
            [
              -84.51794918114808,
              39.106591706477644
            ],
            [
              -84.51796975946385,
              39.10658831913069
            ],
            [
              -84.51798905167577,
              39.10658513231827
            ],
            [
              -84.51800714521937,
              39.10658213288877
            ],
            [
              -84.51802412765478,
              39.10657930766878
            ],
            [
              -84.51804008668351,
              39.106576643460066
            ],
            [
              -84.51805511015985,
              39.10657412703727
            ],
            [
              -84.51806928609325,
              39.10657174514719
            ],
            [
              -84.51808270263653,
              39.1065694845108
            ],
            [
              -84.51809544805421,
              39.106567331828764
            ],
            [
              -84.51810761066697,
              39.106565273791496
            ],
            [
              -84.51811927877074,
              39.10656329709396
            ],
            [
              -84.51813054053261,
              39.10656138845478
            ],
            [
              -84.51814148387444,
              39.10655953463745
            ],
            [
              -84.51815219635859,
              39.10655772247105
            ],
            [
              -84.51816276509655,
              39.10655593886614
            ],
            [
              -84.51817327670058,
              39.106554170822264
            ],
            [
              -84.51818381729127,
              39.106552405424864
            ],
            [
              -84.51819447256463,
              39.10655062983116
            ],
            [
              -84.51820532790833,
              39.10654883124754
            ],
            [
              -84.51821646854673,
              39.1065469969026
            ],
            [
              -84.51822797969007,
              39.10654511402062
            ],
            [
              -84.51823994666518,
              39.106543169799366
            ],
            [
              -84.51825245501223,
              39.10654115139483
            ],
            [
              -84.51826557084033,
              39.10653904907122
            ],
            [
              -84.51827927279611,
              39.10653685844946
            ],
            [
              -84.51829295330423,
              39.106534669200656
            ],
            [
              -84.51830663295871,
              39.106532479373705
            ],
            [
              -84.51832031139148,
              39.10653029037068
            ],
            [
              -84.51833398823693,
              39.10652810359506
            ],
            [
              -84.518347663132,
              39.10652592045184
            ],
            [
              -84.51836133571597,
              39.106523742347434
            ],
            [
              -84.51837500563076,
              39.10652157068978
            ],
            [
              -84.51838867252064,
              39.10651940688832
            ],
            [
              -84.51840233603245,
              39.106517252354024
            ],
            [
              -84.51841599581549,
              39.10651510849944
            ],
            [
              -84.51842965152153,
              39.106512976738685
            ],
            [
              -84.51844330280485,
              39.10651085848754
            ],
            [
              -84.51845694932224,
              39.10650875516341
            ],
            [
              -84.51847059073296,
              39.106506668185446
            ],
            [
              -84.51848422669866,
              39.10650459897454
            ],
            [
              -84.51849785688349,
              39.10650254895337
            ],
            [
              -84.51851148095407,
              39.10650051954649
            ],
            [
              -84.51852509857935,
              39.106498512180366
            ],
            [
              -84.51853870943069,
              39.10649652828341
            ],
            [
              -84.51855231318183,
              39.1064945692861
            ],
            [
              -84.51856590950878,
              39.106492636621
            ],
            [
              -84.51857949808985,
              39.10649073172284
            ],
            [
              -84.51859301093646,
              39.10648886537485
            ],
            [
              -84.51860659490899,
              39.10648699020602
            ],
            [
              -84.51862016195612,
              39.10648509460221
            ],
            [
              -84.51863377772197,
              39.106483175642474
            ],
            [
              -84.5186474363752,
              39.10648124031488
            ],
            [
              -84.51866113218452,
              39.10647929563451
            ],
            [
              -84.51867485951827,
              39.106477348642734
            ],
            [
              -84.51868861284379,
              39.10647540640708
            ],
            [
              -84.5187023867276,
              39.106473476021556
            ],
            [
              -84.5187161758357,
              39.10647156460769
            ],
            [
              -84.51872997493457,
              39.10646967931601
            ],
            [
              -84.51874377889219,
              39.10646782732821
            ],
            [
              -84.51875758267961,
              39.10646601585994
            ],
            [
              -84.51877138137276,
              39.10646425216426
            ],
            [
              -84.51878517015443,
              39.10646254353584
            ],
            [
              -84.51879894431646,
              39.106460897316026
            ],
            [
              -84.51881269926204,
              39.106459320898686
            ],
            [
              -84.51882643050772,
              39.10645782173715
            ],
            [
              -84.51884013368559,
              39.106456407352084
            ],
            [
              -84.51885380454478,
              39.106455085340684
            ],
            [
              -84.51886743895244,
              39.10645386338706
            ],
            [
              -84.51888103289369,
              39.10645274927404
            ],
            [
              -84.5188945824704,
              39.106451750896504
            ],
            [
              -84.51890779254074,
              39.106450895150374
            ],
            [
              -84.51892165758676,
              39.10645000873426
            ],
            [
              -84.51893548140792,
              39.106449041255075
            ],
            [
              -84.51894953577569,
              39.10644800494508
            ],
            [
              -84.51896378372803,
              39.10644693286735
            ],
            [
              -84.51897819077436,
              39.106445858910185
            ],
            [
              -84.51899272484825,
              39.1064448177607
            ],
            [
              -84.51900735630596,
              39.106443844952004
            ],
            [
              -84.519022057966,
              39.10644297698659
            ],
            [
              -84.5190368051779,
              39.10644225154461
            ],
            [
              -84.51905157590184,
              39.106441707791625
            ],
            [
              -84.51906635076529,
              39.106441386805955
            ],
            [
              -84.51908111304361,
              39.10644133214962
            ],
            [
              -84.51909584847756,
              39.10644159060671
            ],
            [
              -84.5191105447947,
              39.106442213103286
            ],
            [
              -84.51912519073717,
              39.10644325579562
            ],
            [
              -84.51913977432105,
              39.10644478125183
            ],
            [
              -84.51915427998459,
              39.10644685953814
            ],
            [
              -84.51916868427044,
              39.10644956883225
            ],
            [
              -84.51918259247088,
              39.10645290909745
            ],
            [
              -84.51919763774397,
              39.10645724659817
            ],
            [
              -84.51921202677165,
              39.1064619860583
            ],
            [
              -84.51922606129217,
              39.10646724450107
            ],
            [
              -84.51923972172507,
              39.106473043457285
            ],
            [
              -84.51925298466514,
              39.106479398969796
            ],
            [
              -84.51926582509546,
              39.106486320963086
            ],
            [
              -84.5192782190182,
              39.10649381325973
            ],
            [
              -84.51929014611518,
              39.10650187432203
            ],
            [
              -84.51930159201143,
              39.10651049864167
            ],
            [
              -84.5193125497928,
              39.10651967855461
            ],
            [
              -84.51932302060239,
              39.10652940617552
            ],
            [
              -84.51933301334263,
              39.10653967514981
            ],
            [
              -84.51934265090534,
              39.10655060359165
            ],
            [
              -84.51934964892133,
              39.10655948019101
            ],
            [
              -84.51935616945835,
              39.10656881807347
            ],
            [
              -84.51936216965137,
              39.10657844151721
            ],
            [
              -84.5193677150613,
              39.10658833225034
            ],
            [
              -84.51937286097427,
              39.106598474132475
            ],
            [
              -84.51937765415592,
              39.106608851403784
            ],
            [
              -84.51938213451842,
              39.106619447696765
            ],
            [
              -84.51938633655631,
              39.1066302455311
            ],
            [
              -84.51939029052025,
              39.106641226099846
            ],
            [
              -84.51939402334885,
              39.10665236922259
            ],
            [
              -84.51939755939462,
              39.1066636533876
            ],
            [
              -84.51940092098418,
              39.10667505583604
            ],
            [
              -84.51940412884683,
              39.106686552660825
            ],
            [
              -84.51940720244099,
              39.10669811890401
            ],
            [
              -84.51941016020085,
              39.10670972864477
            ],
            [
              -84.51941301972077,
              39.10672135507294
            ],
            [
              -84.51941579789042,
              39.106732970546155
            ],
            [
              -84.51941851098992,
              39.10674454662963
            ],
            [
              -84.51942117475137,
              39.10675605411756
            ],
            [
              -84.51942380439047,
              39.10676746303554
            ],
            [
              -84.51942641461012,
              39.10677874262304
            ],
            [
              -84.51942901957491,
              39.106789861294345
            ],
            [
              -84.51943163285374,
              39.10680078657549
            ],
            [
              -84.51943426732448,
              39.10681148501436
            ],
            [
              -84.51943693503135,
              39.10682192205996
            ],
            [
              -84.51943964698046,
              39.106832061906324
            ],
            [
              -84.51944247081622,
              39.10684207278485
            ],
            [
              -84.51944549546215,
              39.10685265066034
            ],
            [
              -84.51944847606764,
              39.106863394599294
            ],
            [
              -84.51945136489437,
              39.10687410990507
            ],
            [
              -84.51945416964294,
              39.10688479588662
            ],
            [
              -84.51945689798366,
              39.10689545187609
            ],
            [
              -84.51945955755433,
              39.10690607722695
            ],
            [
              -84.51946215595844,
              39.10691667131245
            ],
            [
              -84.5194647007633,
              39.10692723352394
            ],
            [
              -84.51946719949865,
              39.10693776326954
            ],
            [
              -84.51946965965526,
              39.10694825997305
            ],
            [
              -84.51947208868364,
              39.106958723072786
            ],
            [
              -84.5194744939931,
              39.10696915202098
            ],
            [
              -84.51947688295084,
              39.10697954628327
            ],
            [
              -84.51947926288102,
              39.10698990533844
            ],
            [
              -84.51948164106432,
              39.107000228678345
            ],
            [
              -84.51948402473721,
              39.10701051580831
            ],
            [
              -84.51948642109173,
              39.10702076624755
            ],
            [
              -84.51948883727522,
              39.10703097953016
            ],
            [
              -84.5194912803902,
              39.107041155206105
            ],
            [
              -84.5194937574945,
              39.10705129284266
            ],
            [
              -84.51949627560163,
              39.10706139202611
            ],
            [
              -84.51949884168117,
              39.107071452363726
            ],
            [
              -84.51950146265969,
              39.10708147348593
            ],
            [
              -84.51950414542173,
              39.10709145504885
            ],
            [
              -84.51950690412671,
              39.10710142317032
            ],
            [
              -84.51950974479257,
              39.10711143550815
            ],
            [
              -84.51951257253413,
              39.107121215859976
            ],
            [
              -84.51951538780241,
              39.10713077856331
            ],
            [
              -84.51951819738441,
              39.107140160151864
            ],
            [
              -84.51952100809818,
              39.10714939714732
            ],
            [
              -84.51952382676515,
              39.10715852598814
            ],
            [
              -84.51952666017895,
              39.10716758295659
            ],
            [
              -84.519529515073,
              39.1071766041093
            ],
            [
              -84.51953239808999,
              39.107185625216964
            ],
            [
              -84.51953531575597,
              39.107194681718106
            ],
            [
              -84.51953827446137,
              39.10720380869046
            ],
            [
              -84.51954128045101,
              39.10721304084177
            ],
            [
              -84.51954433982353,
              39.10722241252055
            ],
            [
              -84.51954745853976,
              39.107231957744254
            ],
            [
              -84.5195506424389,
              39.107241710241944
            ],
            [
              -84.51955389726018,
              39.10725170350694
            ],
            [
              -84.51955722866778,
              39.107261970854815
            ],
            [
              -84.51956064227672,
              39.10727254548245
            ],
            [
              -84.51956414367747,
              39.107283460524144
            ],
            [
              -84.51956773845785,
              39.107294749101705
            ],
            [
              -84.51957143222134,
              39.10730644436724
            ],
            [
              -84.51957523060103,
              39.10731857953702
            ],
            [
              -84.5195791392697,
              39.10733118791677
            ],
            [
              -84.51958315908608,
              39.107344287082476
            ],
            [
              -84.51958613784339,
              39.10735406209569
            ],
            [
              -84.51958930132562,
              39.107364476967795
            ],
            [
              -84.5195926466288,
              39.10737552105927
            ],
            [
              -84.51959616639263,
              39.1073871691203
            ],
            [
              -84.51959985319884,
              39.10739939571866
            ],
            [
              -84.51960369958809,
              39.107412175292595
            ],
            [
              -84.51960769807145,
              39.10742548218635
            ],
            [
              -84.51961184113824,
              39.10743929067461
            ],
            [
              -84.51961612126132,
              39.10745357497972
            ],
            [
              -84.51962053090115,
              39.10746830928392
            ],
            [
              -84.5196250625085,
              39.10748346773841
            ],
            [
              -84.51962970852658,
              39.10749902447002
            ],
            [
              -84.51963446139268,
              39.1075149535862
            ],
            [
              -84.51963931353926,
              39.107531229178875
            ],
            [
              -84.51964425739494,
              39.107547825327444
            ],
            [
              -84.51964928538517,
              39.107564716101
            ],
            [
              -84.51965438993282,
              39.10758187556019
            ],
            [
              -84.51965956345863,
              39.10759927775866
            ],
            [
              -84.51966479838156,
              39.107616896744226
            ],
            [
              -84.51967008711902,
              39.10763470655976
            ],
            [
              -84.51967542208725,
              39.107652681244005
            ],
            [
              -84.51968079570129,
              39.10767079483217
            ],
            [
              -84.51968620037538,
              39.107689021356414
            ],
            [
              -84.5196916285229,
              39.10770733484637
            ],
            [
              -84.51969707255662,
              39.107725709329394
            ],
            [
              -84.51970252488869,
              39.107744118830944
            ],
            [
              -84.51970797793071,
              39.107762537374754
            ],
            [
              -84.51971342409391,
              39.107780938983154
            ],
            [
              -84.51971885578911,
              39.10779929767714
            ],
            [
              -84.51972426542675,
              39.10781758747659
            ],
            [
              -84.51972964541702,
              39.1078357824004
            ],
            [
              -84.51973498816983,
              39.10785385646656
            ],
            [
              -84.51974028609484,
              39.10787178369232
            ],
            [
              -84.51974553160156,
              39.107889538094234
            ],
            [
              -84.5197507170992,
              39.10790709368818
            ],
            [
              -84.5197558349969,
              39.10792442448954
            ],
            [
              -84.51976087770362,
              39.10794150451315
            ],
            [
              -84.5197658376282,
              39.10795830777346
            ],
            [
              -84.51977070717933,
              39.10797480828449
            ],
            [
              -84.51977547876561,
              39.10799098005987
            ],
            [
              -84.51978014479555,
              39.108006797112914
            ],
            [
              -84.51978469767755,
              39.10802223345668
            ],
            [
              -84.51978912981996,
              39.10803726310393
            ],
            [
              -84.519793433631,
              39.10805186006713
            ],
            [
              -84.5197976015189,
              39.10806599835862
            ],
            [
              -84.51980162589176,
              39.10807965199045
            ],
            [
              -84.51980549915767,
              39.108092794974525
            ],
            [
              -84.51980921372464,
              39.10810540132257
            ],
            [
              -84.51981276200065,
              39.10811744504617
            ],
            [
              -84.51981613639363,
              39.10812890015668
            ],
            [
              -84.51981932931149,
              39.10813974066548
            ],
            [
              -84.51982233316204,
              39.108149940583665
            ],
            [
              -84.51982514035312,
              39.108159473922264
            ],
            [
              -84.51982774329255,
              39.10816831469233
            ],
            [
              -84.519830134388,
              39.10817643690453
            ],
            [
              -84.51983230604728,
              39.10818381456966
            ],
            [
              -84.51983425067804,
              39.10819042169836
            ],
            [
              -84.51983596068794,
              39.108196232301054
            ],
            [
              -84.51983742848456,
              39.10820122038808
            ],
            [
              -84.51983864647543,
              39.1082053599694
            ],
            [
              -84.51983960706781,
              39.10820862505422
            ],
            [
              -84.51984030266804,
              39.10821098964863
            ],
            [
              -84.51984072567403,
              39.108212427729896
            ],
            [
              -84.5198408683936,
              39.10821291296907
            ],
            [
              -84.51987862028346,
              39.108206172833086
            ]
          ]
        ]
      }
    },
    {
      "type": "Feature",
      "id": "st-df65d7c9:3",
      "properties": {
        "featureClass": "band",
        "streetId": "st-df65d7c9",
        "componentId": "cmp-9524ad3f",
        "componentIndex": 3,
        "componentType": "travelLane",
        "direction": "backward",
        "widthMeters": 3.35,
        "color": "#4A5157",
        "geostripe": "band",
        "streetName": "Street 5"
      },
      "geometry": {
        "type": "Polygon",
        "coordinates": [
          [
            [
              -84.5198408683936,
              39.10821291296907
            ],
            [
              -84.51984072567403,
              39.108212427729896
            ],
            [
              -84.51984030266804,
              39.10821098964863
            ],
            [
              -84.51983960706781,
              39.10820862505422
            ],
            [
              -84.51983864647543,
              39.1082053599694
            ],
            [
              -84.51983742848456,
              39.10820122038808
            ],
            [
              -84.51983596068794,
              39.108196232301054
            ],
            [
              -84.51983425067804,
              39.10819042169836
            ],
            [
              -84.51983230604728,
              39.10818381456966
            ],
            [
              -84.519830134388,
              39.10817643690453
            ],
            [
              -84.51982774329255,
              39.10816831469233
            ],
            [
              -84.51982514035312,
              39.108159473922264
            ],
            [
              -84.51982233316204,
              39.108149940583665
            ],
            [
              -84.51981932931149,
              39.10813974066548
            ],
            [
              -84.51981613639363,
              39.10812890015668
            ],
            [
              -84.51981276200065,
              39.10811744504617
            ],
            [
              -84.51980921372464,
              39.10810540132257
            ],
            [
              -84.51980549915767,
              39.108092794974525
            ],
            [
              -84.51980162589176,
              39.10807965199045
            ],
            [
              -84.5197976015189,
              39.10806599835862
            ],
            [
              -84.519793433631,
              39.10805186006713
            ],
            [
              -84.51978912981996,
              39.10803726310393
            ],
            [
              -84.51978469767755,
              39.10802223345668
            ],
            [
              -84.51978014479555,
              39.108006797112914
            ],
            [
              -84.51977547876561,
              39.10799098005987
            ],
            [
              -84.51977070717933,
              39.10797480828449
            ],
            [
              -84.5197658376282,
              39.10795830777346
            ],
            [
              -84.51976087770362,
              39.10794150451315
            ],
            [
              -84.5197558349969,
              39.10792442448954
            ],
            [
              -84.5197507170992,
              39.10790709368818
            ],
            [
              -84.51974553160156,
              39.107889538094234
            ],
            [
              -84.51974028609484,
              39.10787178369232
            ],
            [
              -84.51973498816983,
              39.10785385646656
            ],
            [
              -84.51972964541702,
              39.1078357824004
            ],
            [
              -84.51972426542675,
              39.10781758747659
            ],
            [
              -84.51971885578911,
              39.10779929767714
            ],
            [
              -84.51971342409391,
              39.107780938983154
            ],
            [
              -84.51970797793071,
              39.107762537374754
            ],
            [
              -84.51970252488869,
              39.107744118830944
            ],
            [
              -84.51969707255662,
              39.107725709329394
            ],
            [
              -84.5196916285229,
              39.10770733484637
            ],
            [
              -84.51968620037538,
              39.107689021356414
            ],
            [
              -84.51968079570129,
              39.10767079483217
            ],
            [
              -84.51967542208725,
              39.107652681244005
            ],
            [
              -84.51967008711902,
              39.10763470655976
            ],
            [
              -84.51966479838156,
              39.107616896744226
            ],
            [
              -84.51965956345863,
              39.10759927775866
            ],
            [
              -84.51965438993282,
              39.10758187556019
            ],
            [
              -84.51964928538517,
              39.107564716101
            ],
            [
              -84.51964425739494,
              39.107547825327444
            ],
            [
              -84.51963931353926,
              39.107531229178875
            ],
            [
              -84.51963446139268,
              39.1075149535862
            ],
            [
              -84.51962970852658,
              39.10749902447002
            ],
            [
              -84.5196250625085,
              39.10748346773841
            ],
            [
              -84.51962053090115,
              39.10746830928392
            ],
            [
              -84.51961612126132,
              39.10745357497972
            ],
            [
              -84.51961184113824,
              39.10743929067461
            ],
            [
              -84.51960769807145,
              39.10742548218635
            ],
            [
              -84.51960369958809,
              39.107412175292595
            ],
            [
              -84.51959985319884,
              39.10739939571866
            ],
            [
              -84.51959616639263,
              39.1073871691203
            ],
            [
              -84.5195926466288,
              39.10737552105927
            ],
            [
              -84.51958930132562,
              39.107364476967795
            ],
            [
              -84.51958613784339,
              39.10735406209569
            ],
            [
              -84.51958315908608,
              39.107344287082476
            ],
            [
              -84.5195791392697,
              39.10733118791677
            ],
            [
              -84.51957523060103,
              39.10731857953702
            ],
            [
              -84.51957143222134,
              39.10730644436724
            ],
            [
              -84.51956773845785,
              39.107294749101705
            ],
            [
              -84.51956414367747,
              39.107283460524144
            ],
            [
              -84.51956064227672,
              39.10727254548245
            ],
            [
              -84.51955722866778,
              39.107261970854815
            ],
            [
              -84.51955389726018,
              39.10725170350694
            ],
            [
              -84.5195506424389,
              39.107241710241944
            ],
            [
              -84.51954745853976,
              39.107231957744254
            ],
            [
              -84.51954433982353,
              39.10722241252055
            ],
            [
              -84.51954128045101,
              39.10721304084177
            ],
            [
              -84.51953827446137,
              39.10720380869046
            ],
            [
              -84.51953531575597,
              39.107194681718106
            ],
            [
              -84.51953239808999,
              39.107185625216964
            ],
            [
              -84.519529515073,
              39.1071766041093
            ],
            [
              -84.51952666017895,
              39.10716758295659
            ],
            [
              -84.51952382676515,
              39.10715852598814
            ],
            [
              -84.51952100809818,
              39.10714939714732
            ],
            [
              -84.51951819738441,
              39.107140160151864
            ],
            [
              -84.51951538780241,
              39.10713077856331
            ],
            [
              -84.51951257253413,
              39.107121215859976
            ],
            [
              -84.51950974479257,
              39.10711143550815
            ],
            [
              -84.51950690412671,
              39.10710142317032
            ],
            [
              -84.51950414542173,
              39.10709145504885
            ],
            [
              -84.51950146265969,
              39.10708147348593
            ],
            [
              -84.51949884168117,
              39.107071452363726
            ],
            [
              -84.51949627560163,
              39.10706139202611
            ],
            [
              -84.5194937574945,
              39.10705129284266
            ],
            [
              -84.5194912803902,
              39.107041155206105
            ],
            [
              -84.51948883727522,
              39.10703097953016
            ],
            [
              -84.51948642109173,
              39.10702076624755
            ],
            [
              -84.51948402473721,
              39.10701051580831
            ],
            [
              -84.51948164106432,
              39.107000228678345
            ],
            [
              -84.51947926288102,
              39.10698990533844
            ],
            [
              -84.51947688295084,
              39.10697954628327
            ],
            [
              -84.5194744939931,
              39.10696915202098
            ],
            [
              -84.51947208868364,
              39.106958723072786
            ],
            [
              -84.51946965965526,
              39.10694825997305
            ],
            [
              -84.51946719949865,
              39.10693776326954
            ],
            [
              -84.5194647007633,
              39.10692723352394
            ],
            [
              -84.51946215595844,
              39.10691667131245
            ],
            [
              -84.51945955755433,
              39.10690607722695
            ],
            [
              -84.51945689798366,
              39.10689545187609
            ],
            [
              -84.51945416964294,
              39.10688479588662
            ],
            [
              -84.51945136489437,
              39.10687410990507
            ],
            [
              -84.51944847606764,
              39.106863394599294
            ],
            [
              -84.51944549546215,
              39.10685265066034
            ],
            [
              -84.51944247081622,
              39.10684207278485
            ],
            [
              -84.51943964698046,
              39.106832061906324
            ],
            [
              -84.51943693503135,
              39.10682192205996
            ],
            [
              -84.51943426732448,
              39.10681148501436
            ],
            [
              -84.51943163285374,
              39.10680078657549
            ],
            [
              -84.51942901957491,
              39.106789861294345
            ],
            [
              -84.51942641461012,
              39.10677874262304
            ],
            [
              -84.51942380439047,
              39.10676746303554
            ],
            [
              -84.51942117475137,
              39.10675605411756
            ],
            [
              -84.51941851098992,
              39.10674454662963
            ],
            [
              -84.51941579789042,
              39.106732970546155
            ],
            [
              -84.51941301972077,
              39.10672135507294
            ],
            [
              -84.51941016020085,
              39.10670972864477
            ],
            [
              -84.51940720244099,
              39.10669811890401
            ],
            [
              -84.51940412884683,
              39.106686552660825
            ],
            [
              -84.51940092098418,
              39.10667505583604
            ],
            [
              -84.51939755939462,
              39.1066636533876
            ],
            [
              -84.51939402334885,
              39.10665236922259
            ],
            [
              -84.51939029052025,
              39.106641226099846
            ],
            [
              -84.51938633655631,
              39.1066302455311
            ],
            [
              -84.51938213451842,
              39.106619447696765
            ],
            [
              -84.51937765415592,
              39.106608851403784
            ],
            [
              -84.51937286097427,
              39.106598474132475
            ],
            [
              -84.5193677150613,
              39.10658833225034
            ],
            [
              -84.51936216965137,
              39.10657844151721
            ],
            [
              -84.51935616945835,
              39.10656881807347
            ],
            [
              -84.51934964892133,
              39.10655948019101
            ],
            [
              -84.51934265090534,
              39.10655060359165
            ],
            [
              -84.51933301334263,
              39.10653967514981
            ],
            [
              -84.51932302060239,
              39.10652940617552
            ],
            [
              -84.5193125497928,
              39.10651967855461
            ],
            [
              -84.51930159201143,
              39.10651049864167
            ],
            [
              -84.51929014611518,
              39.10650187432203
            ],
            [
              -84.5192782190182,
              39.10649381325973
            ],
            [
              -84.51926582509546,
              39.106486320963086
            ],
            [
              -84.51925298466514,
              39.106479398969796
            ],
            [
              -84.51923972172507,
              39.106473043457285
            ],
            [
              -84.51922606129217,
              39.10646724450107
            ],
            [
              -84.51921202677165,
              39.1064619860583
            ],
            [
              -84.51919763774397,
              39.10645724659817
            ],
            [
              -84.51918259247088,
              39.10645290909745
            ],
            [
              -84.51916868427044,
              39.10644956883225
            ],
            [
              -84.51915427998459,
              39.10644685953814
            ],
            [
              -84.51913977432105,
              39.10644478125183
            ],
            [
              -84.51912519073717,
              39.10644325579562
            ],
            [
              -84.5191105447947,
              39.106442213103286
            ],
            [
              -84.51909584847756,
              39.10644159060671
            ],
            [
              -84.51908111304361,
              39.10644133214962
            ],
            [
              -84.51906635076529,
              39.106441386805955
            ],
            [
              -84.51905157590184,
              39.106441707791625
            ],
            [
              -84.5190368051779,
              39.10644225154461
            ],
            [
              -84.519022057966,
              39.10644297698659
            ],
            [
              -84.51900735630596,
              39.106443844952004
            ],
            [
              -84.51899272484825,
              39.1064448177607
            ],
            [
              -84.51897819077436,
              39.106445858910185
            ],
            [
              -84.51896378372803,
              39.10644693286735
            ],
            [
              -84.51894953577569,
              39.10644800494508
            ],
            [
              -84.51893548140792,
              39.106449041255075
            ],
            [
              -84.51892165758676,
              39.10645000873426
            ],
            [
              -84.51890779254074,
              39.106450895150374
            ],
            [
              -84.5188945824704,
              39.106451750896504
            ],
            [
              -84.51888103289369,
              39.10645274927404
            ],
            [
              -84.51886743895244,
              39.10645386338706
            ],
            [
              -84.51885380454478,
              39.106455085340684
            ],
            [
              -84.51884013368559,
              39.106456407352084
            ],
            [
              -84.51882643050772,
              39.10645782173715
            ],
            [
              -84.51881269926204,
              39.106459320898686
            ],
            [
              -84.51879894431646,
              39.106460897316026
            ],
            [
              -84.51878517015443,
              39.10646254353584
            ],
            [
              -84.51877138137276,
              39.10646425216426
            ],
            [
              -84.51875758267961,
              39.10646601585994
            ],
            [
              -84.51874377889219,
              39.10646782732821
            ],
            [
              -84.51872997493457,
              39.10646967931601
            ],
            [
              -84.5187161758357,
              39.10647156460769
            ],
            [
              -84.5187023867276,
              39.106473476021556
            ],
            [
              -84.51868861284379,
              39.10647540640708
            ],
            [
              -84.51867485951827,
              39.106477348642734
            ],
            [
              -84.51866113218452,
              39.10647929563451
            ],
            [
              -84.5186474363752,
              39.10648124031488
            ],
            [
              -84.51863377772197,
              39.106483175642474
            ],
            [
              -84.51862016195612,
              39.10648509460221
            ],
            [
              -84.51860659490899,
              39.10648699020602
            ],
            [
              -84.51859301093646,
              39.10648886537485
            ],
            [
              -84.51857949808985,
              39.10649073172284
            ],
            [
              -84.51856590950878,
              39.106492636621
            ],
            [
              -84.51855231318183,
              39.1064945692861
            ],
            [
              -84.51853870943069,
              39.10649652828341
            ],
            [
              -84.51852509857935,
              39.106498512180366
            ],
            [
              -84.51851148095407,
              39.10650051954649
            ],
            [
              -84.51849785688349,
              39.10650254895337
            ],
            [
              -84.51848422669866,
              39.10650459897454
            ],
            [
              -84.51847059073296,
              39.106506668185446
            ],
            [
              -84.51845694932224,
              39.10650875516341
            ],
            [
              -84.51844330280485,
              39.10651085848754
            ],
            [
              -84.51842965152153,
              39.106512976738685
            ],
            [
              -84.51841599581549,
              39.10651510849944
            ],
            [
              -84.51840233603245,
              39.106517252354024
            ],
            [
              -84.51838867252064,
              39.10651940688832
            ],
            [
              -84.51837500563076,
              39.10652157068978
            ],
            [
              -84.51836133571597,
              39.106523742347434
            ],
            [
              -84.518347663132,
              39.10652592045184
            ],
            [
              -84.51833398823693,
              39.10652810359506
            ],
            [
              -84.51832031139148,
              39.10653029037068
            ],
            [
              -84.51830663295871,
              39.106532479373705
            ],
            [
              -84.51829295330423,
              39.106534669200656
            ],
            [
              -84.51827927279611,
              39.10653685844946
            ],
            [
              -84.51826557084033,
              39.10653904907122
            ],
            [
              -84.51825245501223,
              39.10654115139483
            ],
            [
              -84.51823994666518,
              39.106543169799366
            ],
            [
              -84.51822797969007,
              39.10654511402062
            ],
            [
              -84.51821646854673,
              39.1065469969026
            ],
            [
              -84.51820532790833,
              39.10654883124754
            ],
            [
              -84.51819447256463,
              39.10655062983116
            ],
            [
              -84.51818381729127,
              39.106552405424864
            ],
            [
              -84.51817327670058,
              39.106554170822264
            ],
            [
              -84.51816276509655,
              39.10655593886614
            ],
            [
              -84.51815219635859,
              39.10655772247105
            ],
            [
              -84.51814148387444,
              39.10655953463745
            ],
            [
              -84.51813054053261,
              39.10656138845478
            ],
            [
              -84.51811927877074,
              39.10656329709396
            ],
            [
              -84.51810761066697,
              39.106565273791496
            ],
            [
              -84.51809544805421,
              39.106567331828764
            ],
            [
              -84.51808270263653,
              39.1065694845108
            ],
            [
              -84.51806928609325,
              39.10657174514719
            ],
            [
              -84.51805511015985,
              39.10657412703727
            ],
            [
              -84.51804008668351,
              39.106576643460066
            ],
            [
              -84.51802412765478,
              39.10657930766878
            ],
            [
              -84.51800714521937,
              39.10658213288877
            ],
            [
              -84.51798905167577,
              39.10658513231827
            ],
            [
              -84.51796975946385,
              39.10658831913069
            ],
            [
              -84.51794918114808,
              39.106591706477644
            ],
            [
              -84.51792723100596,
              39.10659530722896
            ],
            [
              -84.51787592175293,
              39.10660369340122
            ],
            [
              -84.51781441836621,
              39.106613716440506
            ],
            [
              -84.51774307376472,
              39.106625319592844
            ],
            [
              -84.51766224253998,
              39.10663844583756
            ],
            [
              -84.51757227804306,
              39.106653038358814
            ],
            [
              -84.51747353301074,
              39.10666904044182
            ],
            [
              -84.51736635984673,
              39.1066863954265
            ],
            [
              -84.51725111076101,
              39.10670504668449
            ],
            [
              -84.5171281378446,
              39.10672493760688
            ],
            [
              -84.51699779311211,
              39.10674601159726
            ],
            [
              -84.51686042852731,
              39.106768212067486
            ],
            [
              -84.51671639601892,
              39.10679148243513
            ],
            [
              -84.51656604749104,
              39.1068157661218
            ],
            [
              -84.51640973482985,
              39.10684100655198
            ],
            [
              -84.51624780990844,
              39.10686714715232
            ],
            [
              -84.51608062459003,
              39.10689413135103
            ],
            [
              -84.51590853073036,
              39.10692190257758
            ],
            [
              -84.51573188017925,
              39.106950404262356
            ],
            [
              -84.5155510247821,
              39.10697957983651
            ],
            [
              -84.51536631638064,
              39.10700937273175
            ],
            [
              -84.5151781068137,
              39.10703972638028
            ],
            [
              -84.51498674791787,
              39.10707058421464
            ],
            [
              -84.51479259152777,
              39.10710188966772
            ],
            [
              -84.51459598947645,
              39.10713358617263
            ],
            [
              -84.51439729359568,
              39.10716561716271
            ],
            [
              -84.5141968557162,
              39.10719792607147
            ],
            [
              -84.5139950276678,
              39.10723045633256
            ],
            [
              -84.51379216127953,
              39.10726315137976
            ],
            [
              -84.51358860837978,
              39.10729595464696
            ],
            [
              -84.51338472079638,
              39.10732880956811
            ],
            [
              -84.51318085035672,
              39.10736165957728
            ],
            [
              -84.51297734888776,
              39.10739444810857
            ],
            [
              -84.51277456821609,
              39.10742711859615
            ],
            [
              -84.51257286016802,
              39.10745961447425
            ],
            [
              -84.5123725765696,
              39.107491879177125
            ],
            [
              -84.51217406924663,
              39.107523856139075
            ],
            [
              -84.5119776900247,
              39.107555488794446
            ],
            [
              -84.51178379072921,
              39.107586720577594
            ],
            [
              -84.51159272318544,
              39.10761749492289
            ],
            [
              -84.5114048392185,
              39.10764775526478
            ],
            [
              -84.51122049065336,
              39.10767744503767
            ],
            [
              -84.51104002931496,
              39.10770650767602
            ],
            [
              -84.51086380702797,
              39.1077348866143
            ],
            [
              -84.51069217561717,
              39.10776252528699
            ],
            [
              -84.51052548690711,
              39.107789367128575
            ],
            [
              -84.51036409272234,
              39.10781535557357
            ],
            [
              -84.51020834488733,
              39.10784043405649
            ],
            [
              -84.51005859522647,
              39.10786454601187
            ],
            [
              -84.50991519556416,
              39.10788763487422
            ],
            [
              -84.50977849772461,
              39.107909644078106
            ],
            [
              -84.50964885353218,
              39.10793051705807
            ],
            [
              -84.50952661481107,
              39.10795019724868
            ],
            [
              -84.5094121333854,
              39.10796862808447
            ],
            [
              -84.50930576107932,
              39.107985753000044
            ],
            [
              -84.50920784971704,
              39.10800151542995
            ],
            [
              -84.50911875112251,
              39.108015858808784
            ],
            [
              -84.5090388171199,
              39.108028726571106
            ],
            [
              -84.50896839953313,
              39.10804006215154
            ],
            [
              -84.50890785018618,
              39.10804980898465
            ],
            [
              -84.508857520903,
              39.108057910505075
            ],
            [
              -84.50881776350728,
              39.10806431014743
            ],
            [
              -84.50878892982199,
              39.108068951346475
            ],
            [
              -84.50877137166404,
              39.108071777537944
            ],
            [
              -84.50876544078396,
              39.10807273216827
            ],
            [
              -84.5087732767312,
              39.10810228354474
            ],
            [
              -84.50877920766798,
              39.10810132890529
            ],
            [
              -84.50879676594671,
              39.10809850269438
            ],
            [
              -84.50882559976293,
              39.108093861474266
            ],
            [
              -84.50886535729497,
              39.108087461809966
            ],
            [
              -84.50891568671916,
              39.10807936026684
            ],
            [
              -84.5089762362118,
              39.10806961341028
            ],
            [
              -84.50904665394913,
              39.10805827780561
            ],
            [
              -84.50912658810745,
              39.10804541001822
            ],
            [
              -84.50921568686294,
              39.10803106661347
            ],
            [
              -84.50931359839181,
              39.10801530415675
            ],
            [
              -84.5094199708703,
              39.107998179213425
            ],
            [
              -84.50953445247458,
              39.10797974834887
            ],
            [
              -84.50965669138078,
              39.10796006812847
            ],
            [
              -84.5097863357652,
              39.107939195117595
            ],
            [
              -84.50992303380393,
              39.10791718588163
            ],
            [
              -84.51006643367307,
              39.10789409698598
            ],
            [
              -84.51021618354892,
              39.107869984995986
            ],
            [
              -84.51037193160744,
              39.10784490647708
            ],
            [
              -84.51053332602488,
              39.10781891799462
            ],
            [
              -84.51070001497726,
              39.107792076114
            ],
            [
              -84.51087164664072,
              39.10776443740063
            ],
            [
              -84.5110478691913,
              39.1077360584199
            ],
            [
              -84.51122833080501,
              39.107706995737225
            ],
            [
              -84.51141267965795,
              39.107677305917974
            ],
            [
              -84.51160056392605,
              39.107647045527585
            ],
            [
              -84.51179163178527,
              39.10761627113148
            ],
            [
              -84.5119855314116,
              39.10758503929504
            ],
            [
              -84.51218191098087,
              39.107553406583726
            ],
            [
              -84.51238041866895,
              39.10752142956296
            ],
            [
              -84.51258070265166,
              39.107489164798174
            ],
            [
              -84.51278241110475,
              39.10745666885482
            ],
            [
              -84.51298519220389,
              39.10742399829837
            ],
            [
              -84.5131886941247,
              39.107391209694285
            ],
            [
              -84.51339256504271,
              39.10735835960803
            ],
            [
              -84.5135964531334,
              39.10732550460513
            ],
            [
              -84.51380000657205,
              39.10729270125109
            ],
            [
              -84.51400287353394,
              39.107260006111446
            ],
            [
              -84.51420470219406,
              39.107227475751756
            ],
            [
              -84.51440514072736,
              39.107195166737604
            ],
            [
              -84.51460383730853,
              39.107163135634615
            ],
            [
              -84.51480044011198,
              39.10713143900844
            ],
            [
              -84.51499459731193,
              39.107100133424794
            ],
            [
              -84.51518595708218,
              39.107069275449426
            ],
            [
              -84.51537416759619,
              39.10703892164816
            ],
            [
              -84.51555887702685,
              39.10700912858692
            ],
            [
              -84.51573973354644,
              39.10697995283168
            ],
            [
              -84.51591638532658,
              39.10695145094861
            ],
            [
              -84.51608848053777,
              39.10692367950396
            ],
            [
              -84.5162556673495,
              39.10689669506422
            ],
            [
              -84.51641759392956,
              39.106870554196114
            ],
            [
              -84.51657390844387,
              39.1068453134667
            ],
            [
              -84.5167242590557,
              39.106821029443445
            ],
            [
              -84.51686829392487,
              39.106797758694384
            ],
            [
              -84.5170056612065,
              39.1067755577883
            ],
            [
              -84.51713600904915,
              39.10675448329508
            ],
            [
              -84.51725898559222,
              39.10673459178607
            ],
            [
              -84.51737423896166,
              39.10671593983483
            ],
            [
              -84.51748141726326,
              39.106698584018204
            ],
            [
              -84.51758016857146,
              39.10668258091816
            ],
            [
              -84.51767014090957,
              39.10666798712504
            ],
            [
              -84.51775098221312,
              39.10665485924362
            ],
            [
              -84.51782234025555,
              39.10664325390531
            ],
            [
              -84.51788386248322,
              39.10663322779557
            ],
            [
              -84.51793519678357,
              39.10662483752947
            ],
            [
              -84.51795717403343,
              39.10662123233135
            ],
            [
              -84.5179777789853,
              39.10661784059988
            ],
            [
              -84.51799709832596,
              39.106614649306174
            ],
            [
              -84.51801521919396,
              39.10661164534701
            ],
            [
              -84.51803222876069,
              39.10660881561342
            ],
            [
              -84.51804821423484,
              39.1066061469899
            ],
            [
              -84.5180632628654,
              39.10660362635378
            ],
            [
              -84.51807746194228,
              39.10660124057505
            ],
            [
              -84.5180908987932,
              39.1065989765169
            ],
            [
              -84.51810366077532,
              39.10659682103715
            ],
            [
              -84.51811583526064,
              39.10659476099093
            ],
            [
              -84.51812750961463,
              39.10659278323454
            ],
            [
              -84.51813877116876,
              39.10659087463056
            ],
            [
              -84.51814970718983,
              39.10658902205338
            ],
            [
              -84.51816040484987,
              39.10658721239469
            ],
            [
              -84.5181709512019,
              39.10658543256768
            ],
            [
              -84.51818143316737,
              39.106583669508986
            ],
            [
              -84.51819193753803,
              39.10658191017792
            ],
            [
              -84.51820255099365,
              39.106580141552726
            ],
            [
              -84.51821336013266,
              39.106578350624595
            ],
            [
              -84.51822445151045,
              39.10657652439059
            ],
            [
              -84.51823591167866,
              39.10657464984663
            ],
            [
              -84.51824782721971,
              39.10657271398164
            ],
            [
              -84.51826028477225,
              39.106570703773535
            ],
            [
              -84.5182733658503,
              39.10656860701999
            ],
            [
              -84.51828706168119,
              39.10656641737745
            ],
            [
              -84.51830074692103,
              39.10656422737144
            ],
            [
              -84.51831442672297,
              39.10656203752089
            ],
            [
              -84.51832810071168,
              39.10655984922905
            ],
            [
              -84.51834176851254,
              39.106557663899565
            ],
            [
              -84.51835542975151,
              39.106555482936486
            ],
            [
              -84.51836908405522,
              39.106553307744214
            ],
            [
              -84.51838273105102,
              39.10655113972756
            ],
            [
              -84.51839637036682,
              39.10654898029175
            ],
            [
              -84.51841000163127,
              39.10654683084238
            ],
            [
              -84.5184236244736,
              39.106544692785505
            ],
            [
              -84.51843723852376,
              39.10654256752756
            ],
            [
              -84.51845084341232,
              39.10654045647543
            ],
            [
              -84.51846443877052,
              39.106538361036414
            ],
            [
              -84.51847802423025,
              39.10653628261831
            ],
            [
              -84.51849159942404,
              39.10653422262933
            ],
            [
              -84.51850516398508,
              39.106532182478176
            ],
            [
              -84.5185187175472,
              39.10653016357406
            ],
            [
              -84.51853225974484,
              39.10652816732667
            ],
            [
              -84.51854579021311,
              39.10652619514623
            ],
            [
              -84.51855930858771,
              39.1065242484435
            ],
            [
              -84.51857281450494,
              39.106522328629794
            ],
            [
              -84.51858630760172,
              39.106520437116984
            ],
            [
              -84.51859976966877,
              39.10651857778249
            ],
            [
              -84.51861339170286,
              39.10651669735953
            ],
            [
              -84.51862702734962,
              39.106514792170906
            ],
            [
              -84.5186406898061,
              39.10651286663075
            ],
            [
              -84.51865437341878,
              39.106510927766585
            ],
            [
              -84.51866807256044,
              39.10650898261306
            ],
            [
              -84.51868178163022,
              39.106507038211724
            ],
            [
              -84.51869549505328,
              39.10650510161106
            ],
            [
              -84.51870920728102,
              39.10650317986653
            ],
            [
              -84.51872291279099,
              39.106501280040845
            ],
            [
              -84.51873660608732,
              39.10649940920435
            ],
            [
              -84.51875028170086,
              39.10649757443565
            ],
            [
              -84.51876393418969,
              39.106495782822265
            ],
            [
              -84.51877755813949,
              39.1064940414616
            ],
            [
              -84.51879114816415,
              39.10649235746204
            ],
            [
              -84.51880469890635,
              39.106490737944256
            ],
            [
              -84.51881820503812,
              39.10648919004281
            ],
            [
              -84.51883166126133,
              39.1064877209079
            ],
            [
              -84.5188450623084,
              39.106486337707516
            ],
            [
              -84.5188584029426,
              39.10648504762983
            ],
            [
              -84.51887167795829,
              39.10648385788591
            ],
            [
              -84.51888488218098,
              39.1064827757129
            ],
            [
              -84.51889801046696,
              39.106481808377445
            ],
            [
              -84.51891098086098,
              39.10648096815751
            ],
            [
              -84.51892497392711,
              39.10648007355685
            ],
            [
              -84.51893903857373,
              39.106479089223164
            ],
            [
              -84.51895322192811,
              39.10647804340224
            ],
            [
              -84.51896748969335,
              39.1064769698337
            ],
            [
              -84.51898180822434,
              39.10647590247482
            ],
            [
              -84.5189961445153,
              39.106474875493525
            ],
            [
              -84.5190104661994,
              39.106473923280895
            ],
            [
              -84.5190247415592,
              39.106473080483646
            ],
            [
              -84.51903893954483,
              39.1064723820591
            ],
            [
              -84.51905302979485,
              39.106471863356326
            ],
            [
              -84.51906698265131,
              39.106471560228854
            ],
            [
              -84.51908076915468,
              39.10647150918526
            ],
            [
              -84.51909436099557,
              39.10647174758392
            ],
            [
              -84.51910773038857,
              39.10647231387555
            ],
            [
              -84.51912084981592,
              39.10647324789029
            ],
            [
              -84.5191336915683,
              39.106474591149336
            ],
            [
              -84.51914622699285,
              39.106476387151375
            ],
            [
              -84.51915842535429,
              39.106478681534384
            ],
            [
              -84.51917015800521,
              39.10648149930839
            ],
            [
              -84.51918336924024,
              39.10648530806221
            ],
            [
              -84.5191960840337,
              39.10648949606282
            ],
            [
              -84.51920839195368,
              39.106494107584304
            ],
            [
              -84.51922029782492,
              39.10649916171593
            ],
            [
              -84.51923180546333,
              39.10650467609958
            ],
            [
              -84.51924291825985,
              39.10651066676353
            ],
            [
              -84.51925363987415,
              39.106517148126734
            ],
            [
              -84.51926397493634,
              39.10652413319446
            ],
            [
              -84.51927392964402,
              39.106531633924774
            ],
            [
              -84.51928351216243,
              39.10653966170721
            ],
            [
              -84.51929273278182,
              39.10654822787292
            ],
            [
              -84.51930160383888,
              39.106557344156805
            ],
            [
              -84.5193101677334,
              39.10656705512065
            ],
            [
              -84.5193161140244,
              39.106574597664576
            ],
            [
              -84.51932172175997,
              39.10658262834907
            ],
            [
              -84.51932699060096,
              39.10659107880968
            ],
            [
              -84.51933194880414,
              39.106599922207224
            ],
            [
              -84.51933662191644,
              39.10660913226468
            ],
            [
              -84.51934103323758,
              39.106618682805376
            ],
            [
              -84.51934520425984,
              39.10662854749239
            ],
            [
              -84.51934915504663,
              39.1066386996953
            ],
            [
              -84.51935290454209,
              39.106649112433814
            ],
            [
              -84.51935647081689,
              39.10665975836539
            ],
            [
              -84.5193598712596,
              39.106670609796396
            ],
            [
              -84.51936312272456,
              39.10668163870425
            ],
            [
              -84.51936624164476,
              39.10669281676359
            ],
            [
              -84.51936924411807,
              39.10670411537187
            ],
            [
              -84.5193721459722,
              39.10671550567258
            ],
            [
              -84.5193749628134,
              39.10672695857472
            ],
            [
              -84.51937771006202,
              39.10673844476774
            ],
            [
              -84.5193804029777,
              39.10674993473214
            ],
            [
              -84.51938305667552,
              39.106761398745086
            ],
            [
              -84.51938568613437,
              39.10677280688099
            ],
            [
              -84.51938830619788,
              39.10678412900696
            ],
            [
              -84.51939093156776,
              39.10679533477249
            ],
            [
              -84.51939357678856,
              39.10680639359279
            ],
            [
              -84.51939625622259,
              39.10681727462509
            ],
            [
              -84.51939898401231,
              39.106827946736814
            ],
            [
              -84.5194017740264,
              39.10683837846441
            ],
            [
              -84.51940465507113,
              39.10684859215638
            ],
            [
              -84.5194076651384,
              39.106859119047
            ],
            [
              -84.51941059598272,
              39.10686968361599
            ],
            [
              -84.51941344040065,
              39.10688023419964
            ],
            [
              -84.51941620581007,
              39.106890770300545
            ],
            [
              -84.51941889962082,
              39.106901291427405
            ],
            [
              -84.51942152923414,
              39.106911797094554
            ],
            [
              -84.5194241020423,
              39.10692228682154
            ],
            [
              -84.51942662542797,
              39.10693276013269
            ],
            [
              -84.51942910676394,
              39.10694321655675
            ],
            [
              -84.51943155341269,
              39.10695365562659
            ],
            [
              -84.51943397272613,
              39.10696407687893
            ],
            [
              -84.51943637204525,
              39.106974479854145
            ],
            [
              -84.51943875869998,
              39.106984864096155
            ],
            [
              -84.51944114000885,
              39.10699522915233
            ],
            [
              -84.51944352327901,
              39.10700557457351
            ],
            [
              -84.51944591580582,
              39.10701589991407
            ],
            [
              -84.51944832487304,
              39.107026204732065
            ],
            [
              -84.51945075775261,
              39.10703648858945
            ],
            [
              -84.51945322170458,
              39.10704675105239
            ],
            [
              -84.51945572397732,
              39.10705699169161
            ],
            [
              -84.51945827180742,
              39.10706721008283
            ],
            [
              -84.51946087241996,
              39.107077405807324
            ],
            [
              -84.5194635330286,
              39.10708757845247
            ],
            [
              -84.519466260836,
              39.10709772761242
            ],
            [
              -84.51946906496339,
              39.107107859860236
            ],
            [
              -84.51947194405123,
              39.10711800762194
            ],
            [
              -84.51947480550764,
              39.107127904583805
            ],
            [
              -84.519477653955,
              39.10713757998746
            ],
            [
              -84.51948049568672,
              39.10714706892845
            ],
            [
              -84.51948333700442,
              39.107156406499186
            ],
            [
              -84.51948618421058,
              39.107165627770094
            ],
            [
              -84.51948904360036,
              39.10717476777044
            ],
            [
              -84.51949192145305,
              39.10718386146994
            ],
            [
              -84.51949482402401,
              39.10719294376294
            ],
            [
              -84.51949775753783,
              39.10720204945616
            ],
            [
              -84.51950072818333,
              39.10721121326117
            ],
            [
              -84.51950374211093,
              39.10722046979195
            ],
            [
              -84.5195068054325,
              39.10722985356776
            ],
            [
              -84.51950992422358,
              39.10723939902052
            ],
            [
              -84.5195131045276,
              39.10724914050611
            ],
            [
              -84.51951635236165,
              39.107259112318246
            ],
            [
              -84.519519673723,
              39.107269348703745
            ],
            [
              -84.51952307459597,
              39.10727988387812
            ],
            [
              -84.51952656095844,
              39.107290752040385
            ],
            [
              -84.5195301387875,
              39.10730198738627
            ],
            [
              -84.51953381406449,
              39.107313624119485
            ],
            [
              -84.51953759277846,
              39.10732569646065
            ],
            [
              -84.51954148092896,
              39.10733823865401
            ],
            [
              -84.51954548324593,
              39.10735128079528
            ],
            [
              -84.51954845168146,
              39.107361021936775
            ],
            [
              -84.51955160915092,
              39.10737141701355
            ],
            [
              -84.51955494929824,
              39.107382444083605
            ],
            [
              -84.519558464592,
              39.1073940773517
            ],
            [
              -84.51956214748554,
              39.107406290974446
            ],
            [
              -84.51956599042134,
              39.10741905907434
            ],
            [
              -84.51956998583408,
              39.10743235574906
            ],
            [
              -84.5195741261527,
              39.107446155077945
            ],
            [
              -84.51957840380182,
              39.10746043112654
            ],
            [
              -84.51958281120277,
              39.10747515794979
            ],
            [
              -84.51958734077432,
              39.107490309594475
            ],
            [
              -84.51959198493327,
              39.10750586010094
            ],
            [
              -84.51959673609484,
              39.10752178350441
            ],
            [
              -84.51960158667296,
              39.10753805383604
            ],
            [
              -84.51960652908062,
              39.10755464512365
            ],
            [
              -84.51961155572985,
              39.10757153139237
            ],
            [
              -84.51961665903212,
              39.10758868666508
            ],
            [
              -84.51962183139828,
              39.107606084962825
            ],
            [
              -84.51962706523872,
              39.10762370030512
            ],
            [
              -84.51963235296343,
              39.10764150671015
            ],
            [
              -84.51963768698207,
              39.107659478195046
            ],
            [
              -84.51964305970397,
              39.10767758877598
            ],
            [
              -84.51964846353832,
              39.107695812468336
            ],
            [
              -84.51965389089403,
              39.10771412328681
            ],
            [
              -84.51965933417983,
              39.10773249524553
            ],
            [
              -84.51966478580435,
              39.107750902358084
            ],
            [
              -84.51967023817602,
              39.107769318637644
            ],
            [
              -84.51967568370318,
              39.10778771809699
            ],
            [
              -84.5196811147941,
              39.10780607474855
            ],
            [
              -84.51968652385689,
              39.10782436260448
            ],
            [
              -84.51969190329966,
              39.107842555676626
            ],
            [
              -84.5196972455304,
              39.10786062797666
            ],
            [
              -84.51970254295703,
              39.107878553516
            ],
            [
              -84.51970778798749,
              39.10789630630594
            ],
            [
              -84.51971297302954,
              39.10791386035752
            ],
            [
              -84.51971809049104,
              39.10793118968172
            ],
            [
              -84.5197231327797,
              39.107948268289356
            ],
            [
              -84.51972809230327,
              39.1079650701911
            ],
            [
              -84.5197329614694,
              39.10798156939757
            ],
            [
              -84.51973773268578,
              39.10799773991927
            ],
            [
              -84.51974239836001,
              39.10801355576657
            ],
            [
              -84.51974695089973,
              39.10802899094982
            ],
            [
              -84.51975138271251,
              39.108044019479316
            ],
            [
              -84.51975568620593,
              39.10805861536519
            ],
            [
              -84.51975985378752,
              39.10807275261762
            ],
            [
              -84.5197638778648,
              39.10808640524667
            ],
            [
              -84.51976775084535,
              39.108099547262384
            ],
            [
              -84.5197714651366,
              39.10811215267474
            ],
            [
              -84.51977501314609,
              39.10812419549369
            ],
            [
              -84.51977838728129,
              39.108135649729135
            ],
            [
              -84.51978157994968,
              39.108146489390954
            ],
            [
              -84.51978458355869,
              39.108156688488975
            ],
            [
              -84.51978739051582,
              39.10816622103304
            ],
            [
              -84.51978999322847,
              39.10817506103286
            ],
            [
              -84.51979238410408,
              39.10818318249826
            ],
            [
              -84.5197945555501,
              39.10819055943891
            ],
            [
              -84.51979649997394,
              39.108197165864524
            ],
            [
              -84.51979820978298,
              39.10820297578478
            ],
            [
              -84.51979967738464,
              39.108207963209225
            ],
            [
              -84.5198008951863,
              39.10821210214746
            ],
            [
              -84.51980185559523,
              39.10821536660879
            ],
            [
              -84.51980255101851,
              39.10821773060169
            ],
            [
              -84.519802973861,
              39.108219168127064
            ],
            [
              -84.51980311650375,
              39.10821965310506
            ],
            [
              -84.5198408683936,
              39.10821291296907
            ]
          ]
        ]
      }
    },
    {
      "type": "Feature",
      "id": "st-df65d7c9:4",
      "properties": {
        "featureClass": "band",
        "streetId": "st-df65d7c9",
        "componentId": "cmp-5a172304",
        "componentIndex": 4,
        "componentType": "median",
        "direction": "none",
        "widthMeters": 2.4,
        "color": "#5E7A4A",
        "geostripe": "band",
        "streetName": "Street 5"
      },
      "geometry": {
        "type": "Polygon",
        "coordinates": [
          [
            [
              -84.51980311650375,
              39.10821965310506
            ],
            [
              -84.519802973861,
              39.108219168127064
            ],
            [
              -84.51980255101851,
              39.10821773060169
            ],
            [
              -84.51980185559523,
              39.10821536660879
            ],
            [
              -84.5198008951863,
              39.10821210214746
            ],
            [
              -84.51979967738464,
              39.108207963209225
            ],
            [
              -84.51979820978298,
              39.10820297578478
            ],
            [
              -84.51979649997394,
              39.108197165864524
            ],
            [
              -84.5197945555501,
              39.10819055943891
            ],
            [
              -84.51979238410408,
              39.10818318249826
            ],
            [
              -84.51978999322847,
              39.10817506103286
            ],
            [
              -84.51978739051582,
              39.10816622103304
            ],
            [
              -84.51978458355869,
              39.108156688488975
            ],
            [
              -84.51978157994968,
              39.108146489390954
            ],
            [
              -84.51977838728129,
              39.108135649729135
            ],
            [
              -84.51977501314609,
              39.10812419549369
            ],
            [
              -84.5197714651366,
              39.10811215267474
            ],
            [
              -84.51976775084535,
              39.108099547262384
            ],
            [
              -84.5197638778648,
              39.10808640524667
            ],
            [
              -84.51975985378752,
              39.10807275261762
            ],
            [
              -84.51975568620593,
              39.10805861536519
            ],
            [
              -84.51975138271251,
              39.108044019479316
            ],
            [
              -84.51974695089973,
              39.10802899094982
            ],
            [
              -84.51974239836001,
              39.10801355576657
            ],
            [
              -84.51973773268578,
              39.10799773991927
            ],
            [
              -84.5197329614694,
              39.10798156939757
            ],
            [
              -84.51972809230327,
              39.1079650701911
            ],
            [
              -84.5197231327797,
              39.107948268289356
            ],
            [
              -84.51971809049104,
              39.10793118968172
            ],
            [
              -84.51971297302954,
              39.10791386035752
            ],
            [
              -84.51970778798749,
              39.10789630630594
            ],
            [
              -84.51970254295703,
              39.107878553516
            ],
            [
              -84.5196972455304,
              39.10786062797666
            ],
            [
              -84.51969190329966,
              39.107842555676626
            ],
            [
              -84.51968652385689,
              39.10782436260448
            ],
            [
              -84.5196811147941,
              39.10780607474855
            ],
            [
              -84.51967568370318,
              39.10778771809699
            ],
            [
              -84.51967023817602,
              39.107769318637644
            ],
            [
              -84.51966478580435,
              39.107750902358084
            ],
            [
              -84.51965933417983,
              39.10773249524553
            ],
            [
              -84.51965389089403,
              39.10771412328681
            ],
            [
              -84.51964846353832,
              39.107695812468336
            ],
            [
              -84.51964305970397,
              39.10767758877598
            ],
            [
              -84.51963768698207,
              39.107659478195046
            ],
            [
              -84.51963235296343,
              39.10764150671015
            ],
            [
              -84.51962706523872,
              39.10762370030512
            ],
            [
              -84.51962183139828,
              39.107606084962825
            ],
            [
              -84.51961665903212,
              39.10758868666508
            ],
            [
              -84.51961155572985,
              39.10757153139237
            ],
            [
              -84.51960652908062,
              39.10755464512365
            ],
            [
              -84.51960158667296,
              39.10753805383604
            ],
            [
              -84.51959673609484,
              39.10752178350441
            ],
            [
              -84.51959198493327,
              39.10750586010094
            ],
            [
              -84.51958734077432,
              39.107490309594475
            ],
            [
              -84.51958281120277,
              39.10747515794979
            ],
            [
              -84.51957840380182,
              39.10746043112654
            ],
            [
              -84.5195741261527,
              39.107446155077945
            ],
            [
              -84.51956998583408,
              39.10743235574906
            ],
            [
              -84.51956599042134,
              39.10741905907434
            ],
            [
              -84.51956214748554,
              39.107406290974446
            ],
            [
              -84.519558464592,
              39.1073940773517
            ],
            [
              -84.51955494929824,
              39.107382444083605
            ],
            [
              -84.51955160915092,
              39.10737141701355
            ],
            [
              -84.51954845168146,
              39.107361021936775
            ],
            [
              -84.51954548324593,
              39.10735128079528
            ],
            [
              -84.51954148092896,
              39.10733823865401
            ],
            [
              -84.51953759277846,
              39.10732569646065
            ],
            [
              -84.51953381406449,
              39.107313624119485
            ],
            [
              -84.5195301387875,
              39.10730198738627
            ],
            [
              -84.51952656095844,
              39.107290752040385
            ],
            [
              -84.51952307459597,
              39.10727988387812
            ],
            [
              -84.519519673723,
              39.107269348703745
            ],
            [
              -84.51951635236165,
              39.107259112318246
            ],
            [
              -84.5195131045276,
              39.10724914050611
            ],
            [
              -84.51950992422358,
              39.10723939902052
            ],
            [
              -84.5195068054325,
              39.10722985356776
            ],
            [
              -84.51950374211093,
              39.10722046979195
            ],
            [
              -84.51950072818333,
              39.10721121326117
            ],
            [
              -84.51949775753783,
              39.10720204945616
            ],
            [
              -84.51949482402401,
              39.10719294376294
            ],
            [
              -84.51949192145305,
              39.10718386146994
            ],
            [
              -84.51948904360036,
              39.10717476777044
            ],
            [
              -84.51948618421058,
              39.107165627770094
            ],
            [
              -84.51948333700442,
              39.107156406499186
            ],
            [
              -84.51948049568672,
              39.10714706892845
            ],
            [
              -84.519477653955,
              39.10713757998746
            ],
            [
              -84.51947480550764,
              39.107127904583805
            ],
            [
              -84.51947194405123,
              39.10711800762194
            ],
            [
              -84.51946906496339,
              39.107107859860236
            ],
            [
              -84.519466260836,
              39.10709772761242
            ],
            [
              -84.5194635330286,
              39.10708757845247
            ],
            [
              -84.51946087241996,
              39.107077405807324
            ],
            [
              -84.51945827180742,
              39.10706721008283
            ],
            [
              -84.51945572397732,
              39.10705699169161
            ],
            [
              -84.51945322170458,
              39.10704675105239
            ],
            [
              -84.51945075775261,
              39.10703648858945
            ],
            [
              -84.51944832487304,
              39.107026204732065
            ],
            [
              -84.51944591580582,
              39.10701589991407
            ],
            [
              -84.51944352327901,
              39.10700557457351
            ],
            [
              -84.51944114000885,
              39.10699522915233
            ],
            [
              -84.51943875869998,
              39.106984864096155
            ],
            [
              -84.51943637204525,
              39.106974479854145
            ],
            [
              -84.51943397272613,
              39.10696407687893
            ],
            [
              -84.51943155341269,
              39.10695365562659
            ],
            [
              -84.51942910676394,
              39.10694321655675
            ],
            [
              -84.51942662542797,
              39.10693276013269
            ],
            [
              -84.5194241020423,
              39.10692228682154
            ],
            [
              -84.51942152923414,
              39.106911797094554
            ],
            [
              -84.51941889962082,
              39.106901291427405
            ],
            [
              -84.51941620581007,
              39.106890770300545
            ],
            [
              -84.51941344040065,
              39.10688023419964
            ],
            [
              -84.51941059598272,
              39.10686968361599
            ],
            [
              -84.5194076651384,
              39.106859119047
            ],
            [
              -84.51940465507113,
              39.10684859215638
            ],
            [
              -84.5194017740264,
              39.10683837846441
            ],
            [
              -84.51939898401231,
              39.106827946736814
            ],
            [
              -84.51939625622259,
              39.10681727462509
            ],
            [
              -84.51939357678856,
              39.10680639359279
            ],
            [
              -84.51939093156776,
              39.10679533477249
            ],
            [
              -84.51938830619788,
              39.10678412900696
            ],
            [
              -84.51938568613437,
              39.10677280688099
            ],
            [
              -84.51938305667552,
              39.106761398745086
            ],
            [
              -84.5193804029777,
              39.10674993473214
            ],
            [
              -84.51937771006202,
              39.10673844476774
            ],
            [
              -84.5193749628134,
              39.10672695857472
            ],
            [
              -84.5193721459722,
              39.10671550567258
            ],
            [
              -84.51936924411807,
              39.10670411537187
            ],
            [
              -84.51936624164476,
              39.10669281676359
            ],
            [
              -84.51936312272456,
              39.10668163870425
            ],
            [
              -84.5193598712596,
              39.106670609796396
            ],
            [
              -84.51935647081689,
              39.10665975836539
            ],
            [
              -84.51935290454209,
              39.106649112433814
            ],
            [
              -84.51934915504663,
              39.1066386996953
            ],
            [
              -84.51934520425984,
              39.10662854749239
            ],
            [
              -84.51934103323758,
              39.106618682805376
            ],
            [
              -84.51933662191644,
              39.10660913226468
            ],
            [
              -84.51933194880414,
              39.106599922207224
            ],
            [
              -84.51932699060096,
              39.10659107880968
            ],
            [
              -84.51932172175997,
              39.10658262834907
            ],
            [
              -84.5193161140244,
              39.106574597664576
            ],
            [
              -84.5193101677334,
              39.10656705512065
            ],
            [
              -84.51930160383888,
              39.106557344156805
            ],
            [
              -84.51929273278182,
              39.10654822787292
            ],
            [
              -84.51928351216243,
              39.10653966170721
            ],
            [
              -84.51927392964402,
              39.106531633924774
            ],
            [
              -84.51926397493634,
              39.10652413319446
            ],
            [
              -84.51925363987415,
              39.106517148126734
            ],
            [
              -84.51924291825985,
              39.10651066676353
            ],
            [
              -84.51923180546333,
              39.10650467609958
            ],
            [
              -84.51922029782492,
              39.10649916171593
            ],
            [
              -84.51920839195368,
              39.106494107584304
            ],
            [
              -84.5191960840337,
              39.10648949606282
            ],
            [
              -84.51918336924024,
              39.10648530806221
            ],
            [
              -84.51917015800521,
              39.10648149930839
            ],
            [
              -84.51915842535429,
              39.106478681534384
            ],
            [
              -84.51914622699285,
              39.106476387151375
            ],
            [
              -84.5191336915683,
              39.106474591149336
            ],
            [
              -84.51912084981592,
              39.10647324789029
            ],
            [
              -84.51910773038857,
              39.10647231387555
            ],
            [
              -84.51909436099557,
              39.10647174758392
            ],
            [
              -84.51908076915468,
              39.10647150918526
            ],
            [
              -84.51906698265131,
              39.106471560228854
            ],
            [
              -84.51905302979485,
              39.106471863356326
            ],
            [
              -84.51903893954483,
              39.1064723820591
            ],
            [
              -84.5190247415592,
              39.106473080483646
            ],
            [
              -84.5190104661994,
              39.106473923280895
            ],
            [
              -84.5189961445153,
              39.106474875493525
            ],
            [
              -84.51898180822434,
              39.10647590247482
            ],
            [
              -84.51896748969335,
              39.1064769698337
            ],
            [
              -84.51895322192811,
              39.10647804340224
            ],
            [
              -84.51893903857373,
              39.106479089223164
            ],
            [
              -84.51892497392711,
              39.10648007355685
            ],
            [
              -84.51891098086098,
              39.10648096815751
            ],
            [
              -84.51889801046696,
              39.106481808377445
            ],
            [
              -84.51888488218098,
              39.1064827757129
            ],
            [
              -84.51887167795829,
              39.10648385788591
            ],
            [
              -84.5188584029426,
              39.10648504762983
            ],
            [
              -84.5188450623084,
              39.106486337707516
            ],
            [
              -84.51883166126133,
              39.1064877209079
            ],
            [
              -84.51881820503812,
              39.10648919004281
            ],
            [
              -84.51880469890635,
              39.106490737944256
            ],
            [
              -84.51879114816415,
              39.10649235746204
            ],
            [
              -84.51877755813949,
              39.1064940414616
            ],
            [
              -84.51876393418969,
              39.106495782822265
            ],
            [
              -84.51875028170086,
              39.10649757443565
            ],
            [
              -84.51873660608732,
              39.10649940920435
            ],
            [
              -84.51872291279099,
              39.106501280040845
            ],
            [
              -84.51870920728102,
              39.10650317986653
            ],
            [
              -84.51869549505328,
              39.10650510161106
            ],
            [
              -84.51868178163022,
              39.106507038211724
            ],
            [
              -84.51866807256044,
              39.10650898261306
            ],
            [
              -84.51865437341878,
              39.106510927766585
            ],
            [
              -84.5186406898061,
              39.10651286663075
            ],
            [
              -84.51862702734962,
              39.106514792170906
            ],
            [
              -84.51861339170286,
              39.10651669735953
            ],
            [
              -84.51859976966877,
              39.10651857778249
            ],
            [
              -84.51858630760172,
              39.106520437116984
            ],
            [
              -84.51857281450494,
              39.106522328629794
            ],
            [
              -84.51855930858771,
              39.1065242484435
            ],
            [
              -84.51854579021311,
              39.10652619514623
            ],
            [
              -84.51853225974484,
              39.10652816732667
            ],
            [
              -84.5185187175472,
              39.10653016357406
            ],
            [
              -84.51850516398508,
              39.106532182478176
            ],
            [
              -84.51849159942404,
              39.10653422262933
            ],
            [
              -84.51847802423025,
              39.10653628261831
            ],
            [
              -84.51846443877052,
              39.106538361036414
            ],
            [
              -84.51845084341232,
              39.10654045647543
            ],
            [
              -84.51843723852376,
              39.10654256752756
            ],
            [
              -84.5184236244736,
              39.106544692785505
            ],
            [
              -84.51841000163127,
              39.10654683084238
            ],
            [
              -84.51839637036682,
              39.10654898029175
            ],
            [
              -84.51838273105102,
              39.10655113972756
            ],
            [
              -84.51836908405522,
              39.106553307744214
            ],
            [
              -84.51835542975151,
              39.106555482936486
            ],
            [
              -84.51834176851254,
              39.106557663899565
            ],
            [
              -84.51832810071168,
              39.10655984922905
            ],
            [
              -84.51831442672297,
              39.10656203752089
            ],
            [
              -84.51830074692103,
              39.10656422737144
            ],
            [
              -84.51828706168119,
              39.10656641737745
            ],
            [
              -84.5182733658503,
              39.10656860701999
            ],
            [
              -84.51826028477225,
              39.106570703773535
            ],
            [
              -84.51824782721971,
              39.10657271398164
            ],
            [
              -84.51823591167866,
              39.10657464984663
            ],
            [
              -84.51822445151045,
              39.10657652439059
            ],
            [
              -84.51821336013266,
              39.106578350624595
            ],
            [
              -84.51820255099365,
              39.106580141552726
            ],
            [
              -84.51819193753803,
              39.10658191017792
            ],
            [
              -84.51818143316737,
              39.106583669508986
            ],
            [
              -84.5181709512019,
              39.10658543256768
            ],
            [
              -84.51816040484987,
              39.10658721239469
            ],
            [
              -84.51814970718983,
              39.10658902205338
            ],
            [
              -84.51813877116876,
              39.10659087463056
            ],
            [
              -84.51812750961463,
              39.10659278323454
            ],
            [
              -84.51811583526064,
              39.10659476099093
            ],
            [
              -84.51810366077532,
              39.10659682103715
            ],
            [
              -84.5180908987932,
              39.1065989765169
            ],
            [
              -84.51807746194228,
              39.10660124057505
            ],
            [
              -84.5180632628654,
              39.10660362635378
            ],
            [
              -84.51804821423484,
              39.1066061469899
            ],
            [
              -84.51803222876069,
              39.10660881561342
            ],
            [
              -84.51801521919396,
              39.10661164534701
            ],
            [
              -84.51799709832596,
              39.106614649306174
            ],
            [
              -84.5179777789853,
              39.10661784059988
            ],
            [
              -84.51795717403343,
              39.10662123233135
            ],
            [
              -84.51793519678357,
              39.10662483752947
            ],
            [
              -84.51788386248322,
              39.10663322779557
            ],
            [
              -84.51782234025555,
              39.10664325390531
            ],
            [
              -84.51775098221312,
              39.10665485924362
            ],
            [
              -84.51767014090957,
              39.10666798712504
            ],
            [
              -84.51758016857146,
              39.10668258091816
            ],
            [
              -84.51748141726326,
              39.106698584018204
            ],
            [
              -84.51737423896166,
              39.10671593983483
            ],
            [
              -84.51725898559222,
              39.10673459178607
            ],
            [
              -84.51713600904915,
              39.10675448329508
            ],
            [
              -84.5170056612065,
              39.1067755577883
            ],
            [
              -84.51686829392487,
              39.106797758694384
            ],
            [
              -84.5167242590557,
              39.106821029443445
            ],
            [
              -84.51657390844387,
              39.1068453134667
            ],
            [
              -84.51641759392956,
              39.106870554196114
            ],
            [
              -84.5162556673495,
              39.10689669506422
            ],
            [
              -84.51608848053777,
              39.10692367950396
            ],
            [
              -84.51591638532658,
              39.10695145094861
            ],
            [
              -84.51573973354644,
              39.10697995283168
            ],
            [
              -84.51555887702685,
              39.10700912858692
            ],
            [
              -84.51537416759619,
              39.10703892164816
            ],
            [
              -84.51518595708218,
              39.107069275449426
            ],
            [
              -84.51499459731193,
              39.107100133424794
            ],
            [
              -84.51480044011198,
              39.10713143900844
            ],
            [
              -84.51460383730853,
              39.107163135634615
            ],
            [
              -84.51440514072736,
              39.107195166737604
            ],
            [
              -84.51420470219406,
              39.107227475751756
            ],
            [
              -84.51400287353394,
              39.107260006111446
            ],
            [
              -84.51380000657205,
              39.10729270125109
            ],
            [
              -84.5135964531334,
              39.10732550460513
            ],
            [
              -84.51339256504271,
              39.10735835960803
            ],
            [
              -84.5131886941247,
              39.107391209694285
            ],
            [
              -84.51298519220389,
              39.10742399829837
            ],
            [
              -84.51278241110475,
              39.10745666885482
            ],
            [
              -84.51258070265166,
              39.107489164798174
            ],
            [
              -84.51238041866895,
              39.10752142956296
            ],
            [
              -84.51218191098087,
              39.107553406583726
            ],
            [
              -84.5119855314116,
              39.10758503929504
            ],
            [
              -84.51179163178527,
              39.10761627113148
            ],
            [
              -84.51160056392605,
              39.107647045527585
            ],
            [
              -84.51141267965795,
              39.107677305917974
            ],
            [
              -84.51122833080501,
              39.107706995737225
            ],
            [
              -84.5110478691913,
              39.1077360584199
            ],
            [
              -84.51087164664072,
              39.10776443740063
            ],
            [
              -84.51070001497726,
              39.107792076114
            ],
            [
              -84.51053332602488,
              39.10781891799462
            ],
            [
              -84.51037193160744,
              39.10784490647708
            ],
            [
              -84.51021618354892,
              39.107869984995986
            ],
            [
              -84.51006643367307,
              39.10789409698598
            ],
            [
              -84.50992303380393,
              39.10791718588163
            ],
            [
              -84.5097863357652,
              39.107939195117595
            ],
            [
              -84.50965669138078,
              39.10796006812847
            ],
            [
              -84.50953445247458,
              39.10797974834887
            ],
            [
              -84.5094199708703,
              39.107998179213425
            ],
            [
              -84.50931359839181,
              39.10801530415675
            ],
            [
              -84.50921568686294,
              39.10803106661347
            ],
            [
              -84.50912658810745,
              39.10804541001822
            ],
            [
              -84.50904665394913,
              39.10805827780561
            ],
            [
              -84.5089762362118,
              39.10806961341028
            ],
            [
              -84.50891568671916,
              39.10807936026684
            ],
            [
              -84.50886535729497,
              39.108087461809966
            ],
            [
              -84.50882559976293,
              39.108093861474266
            ],
            [
              -84.50879676594671,
              39.10809850269438
            ],
            [
              -84.50877920766798,
              39.10810132890529
            ],
            [
              -84.5087732767312,
              39.10810228354474
            ],
            [
              -84.50877889054416,
              39.108123454680126
            ],
            [
              -84.50878482152153,
              39.10812250003414
            ],
            [
              -84.50880237988672,
              39.10811967380932
            ],
            [
              -84.50883121379694,
              39.10811503257406
            ],
            [
              -84.50887097142653,
              39.108108632894066
            ],
            [
              -84.50892130095171,
              39.10810053133469
            ],
            [
              -84.50898185054874,
              39.10809078446132
            ],
            [
              -84.50905226839394,
              39.108079448839284
            ],
            [
              -84.5091322026638,
              39.10806658103394
            ],
            [
              -84.50922130153467,
              39.10805223761062
            ],
            [
              -84.50931921318285,
              39.10803647513469
            ],
            [
              -84.50942558578485,
              39.108019350171475
            ],
            [
              -84.5095400675171,
              39.10800091928632
            ],
            [
              -84.50966230655591,
              39.10798123904458
            ],
            [
              -84.50979195107786,
              39.107960366011554
            ],
            [
              -84.50992864925925,
              39.10793835675262
            ],
            [
              -84.51007204927663,
              39.1079152678331
            ],
            [
              -84.51022179930642,
              39.10789115581832
            ],
            [
              -84.51037754752512,
              39.10786607727362
            ],
            [
              -84.51053894210926,
              39.10784008876432
            ],
            [
              -84.51070563123527,
              39.10781324685575
            ],
            [
              -84.5108772630797,
              39.10778560811323
            ],
            [
              -84.51105348581913,
              39.10775722910209
            ],
            [
              -84.5112339476301,
              39.10772816638764
            ],
            [
              -84.5114182966892,
              39.10769847653519
            ],
            [
              -84.51160618117304,
              39.107668216110056
            ],
            [
              -84.5117972492583,
              39.10763744167754
            ],
            [
              -84.51199114912161,
              39.10760620980293
            ],
            [
              -84.5121875289397,
              39.10757457705153
            ],
            [
              -84.51238603688938,
              39.107542599988626
            ],
            [
              -84.51258632114741,
              39.10751033517949
            ],
            [
              -84.51278802989066,
              39.1074778391894
            ],
            [
              -84.51299081129604,
              39.10744516858361
            ],
            [
              -84.51319431354057,
              39.107412379927354
            ],
            [
              -84.51339818480129,
              39.10737952978589
            ],
            [
              -84.51360207325538,
              39.107346674724425
            ],
            [
              -84.51380562708015,
              39.10731387130816
            ],
            [
              -84.51400849445295,
              39.10728117610229
            ],
            [
              -84.51421032355134,
              39.10724864567196
            ],
            [
              -84.51441076255306,
              39.107216336582304
            ],
            [
              -84.51460945963598,
              39.10718430539843
            ],
            [
              -84.51480606297828,
              39.10715260868538
            ],
            [
              -84.5150002207584,
              39.107121303008185
            ],
            [
              -84.51519158115512,
              39.10709044493179
            ],
            [
              -84.51537979234762,
              39.107060091021104
            ],
            [
              -84.51556450251562,
              39.10703029784093
            ],
            [
              -84.51574535983937,
              39.107001121955975
            ],
            [
              -84.51592201249998,
              39.106972619930836
            ],
            [
              -84.51609410867945,
              39.10694484832994
            ],
            [
              -84.516261296561,
              39.10691786371753
            ],
            [
              -84.51642322432937,
              39.106891722657586
            ],
            [
              -84.51657954017129,
              39.1068664817138
            ],
            [
              -84.51672989227609,
              39.1068421974494
            ],
            [
              -84.51687392883657,
              39.10681892642708
            ],
            [
              -84.51701129805022,
              39.10679672520876
            ],
            [
              -84.51714164812108,
              39.106775650355274
            ],
            [
              -84.51726462726235,
              39.10675575842601
            ],
            [
              -84.51737988370071,
              39.10673710597811
            ],
            [
              -84.51748706568297,
              39.10671974956546
            ],
            [
              -84.51758582148732,
              39.106703745736795
            ],
            [
              -84.51767579944301,
              39.10668915103249
            ],
            [
              -84.51775664796718,
              39.1066760219785
            ],
            [
              -84.51782801563897,
              39.10666441507413
            ],
            [
              -84.51788955136462,
              39.106654386764646
            ],
            [
              -84.51794090360933,
              39.10664599356567
            ],
            [
              -84.51796290027963,
              39.10664238518177
            ],
            [
              -84.51798352431409,
              39.106638990309165
            ],
            [
              -84.51800286309026,
              39.10663579580497
            ],
            [
              -84.51802100353396,
              39.10663278860067
            ],
            [
              -84.51803803253804,
              39.10662995563346
            ],
            [
              -84.51805403695816,
              39.10662728384708
            ],
            [
              -84.51806910360968,
              39.10662476019247
            ],
            [
              -84.51808331926696,
              39.10662237162784
            ],
            [
              -84.51809677066662,
              39.10662010511829
            ],
            [
              -84.51810954451582,
              39.10661794763421
            ],
            [
              -84.51812172750685,
              39.10661588614873
            ],
            [
              -84.51813340633862,
              39.106613907633765
            ],
            [
              -84.51814466774391,
              39.10661199905501
            ],
            [
              -84.51815559852027,
              39.10661014736629
            ],
            [
              -84.51816628556001,
              39.10660833950417
            ],
            [
              -84.51817681587438,
              39.10660656238371
            ],
            [
              -84.51818727660627,
              39.10660480289649
            ],
            [
              -84.51819775502827,
              39.10660304791146
            ],
            [
              -84.5182083385249,
              39.106601284278625
            ],
            [
              -84.51821911456203,
              39.10659949883502
            ],
            [
              -84.51823017064864,
              39.10659767841183
            ],
            [
              -84.51824159429736,
              39.10659580984137
            ],
            [
              -84.51825347299012,
              39.106593879962965
            ],
            [
              -84.51826589415259,
              39.10659187562694
            ],
            [
              -84.51827895033504,
              39.10658978286387
            ],
            [
              -84.51829264177796,
              39.10658759392287
            ],
            [
              -84.51830633040768,
              39.10658540337439
            ],
            [
              -84.51832001031526,
              39.10658321350692
            ],
            [
              -84.51833368112021,
              39.1065810257246
            ],
            [
              -84.51834734244132,
              39.10657884143116
            ],
            [
              -84.51836099389682,
              39.106576662029966
            ],
            [
              -84.51837463510424,
              39.10657448892399
            ],
            [
              -84.51838826568044,
              39.10657232351582
            ],
            [
              -84.5184018852417,
              39.106570167207636
            ],
            [
              -84.51841549340354,
              39.10656802140121
            ],
            [
              -84.51842908978091,
              39.10656588749792
            ],
            [
              -84.51844267398805,
              39.106563766898695
            ],
            [
              -84.51845624563856,
              39.106561661004065
            ],
            [
              -84.5184698043454,
              39.10655957121409
            ],
            [
              -84.51848334972085,
              39.10655749892841
            ],
            [
              -84.51849688137656,
              39.106555445546185
            ],
            [
              -84.51851039892352,
              39.1065534124661
            ],
            [
              -84.51852390197213,
              39.10655140108634
            ],
            [
              -84.51853739013207,
              39.106549412804625
            ],
            [
              -84.51855086301246,
              39.10654744901811
            ],
            [
              -84.51856432022176,
              39.106545511123436
            ],
            [
              -84.51857776136784,
              39.10654360051669
            ],
            [
              -84.51859118605798,
              39.10654171859338
            ],
            [
              -84.51860461174566,
              39.106539864283484
            ],
            [
              -84.51861826104773,
              39.106537980096384
            ],
            [
              -84.51863194584047,
              39.10653606804102
            ],
            [
              -84.51864564174697,
              39.106534137786525
            ],
            [
              -84.51865934324105,
              39.106532196388706
            ],
            [
              -84.51867304477008,
              39.10653025089619
            ],
            [
              -84.51868674075521,
              39.1065283083507
            ],
            [
              -84.51870042559143,
              39.106526375787055
            ],
            [
              -84.51871409364765,
              39.10652446023308
            ],
            [
              -84.51872773926641,
              39.106522568709366
            ],
            [
              -84.51874135676391,
              39.106520708228835
            ],
            [
              -84.51875494042947,
              39.106518885796206
            ],
            [
              -84.51876848452527,
              39.10651710840722
            ],
            [
              -84.51878198328579,
              39.106515383047764
            ],
            [
              -84.51879543091741,
              39.10651371669275
            ],
            [
              -84.51880882159763,
              39.106512116304785
            ],
            [
              -84.51882214947469,
              39.10651058883262
            ],
            [
              -84.5188354086669,
              39.10650914120934
            ],
            [
              -84.51884859326208,
              39.10650778035022
            ],
            [
              -84.51886169731715,
              39.10650651315041
            ],
            [
              -84.51887471485801,
              39.1065053464821
            ],
            [
              -84.51888763987934,
              39.10650428719148
            ],
            [
              -84.51890046634509,
              39.106503342095145
            ],
            [
              -84.51891326503072,
              39.106502512998446
            ],
            [
              -84.51892734981274,
              39.10650161253423
            ],
            [
              -84.51894158699102,
              39.10650061612568
            ],
            [
              -84.51895586275373,
              39.10649956349095
            ],
            [
              -84.51897014471328,
              39.10649848885438
            ],
            [
              -84.51898439983029,
              39.10649742622261
            ],
            [
              -84.51899859442601,
              39.106496409391674
            ],
            [
              -84.51901269418275,
              39.10649547193443
            ],
            [
              -84.51902666413346,
              39.10649464716811
            ],
            [
              -84.51904046864351,
              39.106493968099336
            ],
            [
              -84.51905407138982,
              39.10649346734298
            ],
            [
              -84.51906743534579,
              39.10649317700944
            ],
            [
              -84.5190805227865,
              39.106493128554085
            ],
            [
              -84.51909329533682,
              39.10649335258251
            ],
            [
              -84.51910571409762,
              39.106493878607914
            ],
            [
              -84.51911773990219,
              39.1064947347641
            ],
            [
              -84.51912933377528,
              39.106495947493826
            ],
            [
              -84.51914045768531,
              39.10649754126234
            ],
            [
              -84.51915107568301,
              39.106499538395624
            ],
            [
              -84.5191612497313,
              39.10650198184757
            ],
            [
              -84.5191731470286,
              39.10650541179765
            ],
            [
              -84.51918466237069,
              39.106509204722784
            ],
            [
              -84.51919573332314,
              39.10651335277827
            ],
            [
              -84.51920638219494,
              39.10651787330421
            ],
            [
              -84.51921663230382,
              39.106522785088096
            ],
            [
              -84.51922650739256,
              39.106528108531016
            ],
            [
              -84.51923603093512,
              39.10653386564339
            ],
            [
              -84.51924522543507,
              39.10654007984933
            ],
            [
              -84.51925411182856,
              39.10654677562013
            ],
            [
              -84.51926270908395,
              39.10655397799564
            ],
            [
              -84.51927103404472,
              39.106561712074054
            ],
            [
              -84.51927910150785,
              39.10657000254988
            ],
            [
              -84.51928689620722,
              39.106578841290684
            ],
            [
              -84.51929208902362,
              39.106585428093396
            ],
            [
              -84.51929704281186,
              39.10659252227784
            ],
            [
              -84.51930178769915,
              39.10660013239234
            ],
            [
              -84.51930632521692,
              39.10660822545991
            ],
            [
              -84.51931065960633,
              39.106616767941475
            ],
            [
              -84.51931479735579,
              39.106625726197564
            ],
            [
              -84.51931874676116,
              39.106635066748964
            ],
            [
              -84.51932251754715,
              39.106644756409956
            ],
            [
              -84.51932612055772,
              39.10665476234472
            ],
            [
              -84.5193295675104,
              39.10666505207964
            ],
            [
              -84.51933287080466,
              39.10667559349224
            ],
            [
              -84.51933604337437,
              39.10668635478894
            ],
            [
              -84.5193390985746,
              39.106697304479006
            ],
            [
              -84.51934205009566,
              39.10670841134883
            ],
            [
              -84.51934491189795,
              39.10671964443878
            ],
            [
              -84.51934769816333,
              39.10673097302375
            ],
            [
              -84.51935042325958,
              39.10674236659813
            ],
            [
              -84.51935310171521,
              39.10675379486529
            ],
            [
              -84.51935574820327,
              39.10676522773196
            ],
            [
              -84.51935837753297,
              39.106776635307575
            ],
            [
              -84.51936100464881,
              39.10678798790888
            ],
            [
              -84.51936364463725,
              39.10679925607027
            ],
            [
              -84.51936631274185,
              39.1068104105604
            ],
            [
              -84.5193690243884,
              39.1068214224059
            ],
            [
              -84.51937179522257,
              39.10683226292322
            ],
            [
              -84.51937464116382,
              39.10684290375976
            ],
            [
              -84.51937756319404,
              39.10685326275092
            ],
            [
              -84.5193805628169,
              39.10686375311505
            ],
            [
              -84.51938345801142,
              39.106874189180196
            ],
            [
              -84.51938627061412,
              39.10688462175397
            ],
            [
              -84.51938900784026,
              39.10689505047768
            ],
            [
              -84.51939167691309,
              39.10690547498655
            ],
            [
              -84.51939428506444,
              39.106915894910145
            ],
            [
              -84.51939683953522,
              39.10692630987283
            ],
            [
              -84.51939934757578,
              39.106936719494186
            ],
            [
              -84.51940181644653,
              39.10694712338937
            ],
            [
              -84.51940425341803,
              39.10695752116943
            ],
            [
              -84.51940666577148,
              39.10696791244154
            ],
            [
              -84.519409060799,
              39.10697829680926
            ],
            [
              -84.51941144580383,
              39.10698867387254
            ],
            [
              -84.51941382810044,
              39.10699904322796
            ],
            [
              -84.51941621501489,
              39.10700940446855
            ],
            [
              -84.51941861388482,
              39.10701975718387
            ],
            [
              -84.51942103205967,
              39.107030100959776
            ],
            [
              -84.51942347690057,
              39.1070404353782
            ],
            [
              -84.51942595578056,
              39.1070507600169
            ],
            [
              -84.5194284760844,
              39.107061074449064
            ],
            [
              -84.51943104520859,
              39.107071378242864
            ],
            [
              -84.51943367056117,
              39.107081670960945
            ],
            [
              -84.51943635956157,
              39.10709195215984
            ],
            [
              -84.51943911964025,
              39.107102221389304
            ],
            [
              -84.51944195630908,
              39.10711247122018
            ],
            [
              -84.51944486292312,
              39.107122716001975
            ],
            [
              -84.51944774853344,
              39.10713269650536
            ],
            [
              -84.51945062075089,
              39.10714245264953
            ],
            [
              -84.51945348551526,
              39.10715201849974
            ],
            [
              -84.51945634875814,
              39.1071614281244
            ],
            [
              -84.51945921641028,
              39.10717071561388
            ],
            [
              -84.51946209440972,
              39.107179915099756
            ],
            [
              -84.5194649887104,
              39.10718906077309
            ],
            [
              -84.51946790529016,
              39.10719818690036
            ],
            [
              -84.51947085015766,
              39.10720732783567
            ],
            [
              -84.51947382935727,
              39.10721651802824
            ],
            [
              -84.51947684897176,
              39.10722579202491
            ],
            [
              -84.51947991512252,
              39.10723518446724
            ],
            [
              -84.5194830339672,
              39.10724473008411
            ],
            [
              -84.51948621169562,
              39.10725446368045
            ],
            [
              -84.51948945452389,
              39.10726442012337
            ],
            [
              -84.51949276868793,
              39.10727463432686
            ],
            [
              -84.51949616043665,
              39.107285141236204
            ],
            [
              -84.51949963602539,
              39.107295975813216
            ],
            [
              -84.51950320171025,
              39.10730717302297
            ],
            [
              -84.51950686374317,
              39.107318767822576
            ],
            [
              -84.51951062836825,
              39.10733079515221
            ],
            [
              -84.51951450181919,
              39.10734328992845
            ],
            [
              -84.51951849159926,
              39.107356291216384
            ],
            [
              -84.51952145264008,
              39.107366008091596
            ],
            [
              -84.51952460580189,
              39.10737638898664
            ],
            [
              -84.51952794225544,
              39.10738740386224
            ],
            [
              -84.51953145434678,
              39.10739902653239
            ],
            [
              -84.5195351344372,
              39.10741123085919
            ],
            [
              -84.5195389748989,
              39.10742399073887
            ],
            [
              -84.51954296811176,
              39.10743728009249
            ],
            [
              -84.51954710646156,
              39.10745107285944
            ],
            [
              -84.51955138233829,
              39.10746534299291
            ],
            [
              -84.51955578813526,
              39.10748006445668
            ],
            [
              -84.51956031624836,
              39.107495211222705
            ],
            [
              -84.51956495907538,
              39.10751075726935
            ],
            [
              -84.51956970901578,
              39.10752667658015
            ],
            [
              -84.51957455847025,
              39.10754294314266
            ],
            [
              -84.5195794998405,
              39.1075595309478
            ],
            [
              -84.51958452552904,
              39.107576413989165
            ],
            [
              -84.5195896279391,
              39.10759356626261
            ],
            [
              -84.51959479947446,
              39.1076109617658
            ],
            [
              -84.51960003253939,
              39.10762857449799
            ],
            [
              -84.51960531953851,
              39.10764637845969
            ],
            [
              -84.51961065287685,
              39.107664347652516
            ],
            [
              -84.51961602495963,
              39.10768245607901
            ],
            [
              -84.51962142819238,
              39.10770067774254
            ],
            [
              -84.5196268549808,
              39.10771898664713
            ],
            [
              -84.5196322977308,
              39.10773735679737
            ],
            [
              -84.51963774884841,
              39.10775576219843
            ],
            [
              -84.51964320073981,
              39.107774176855834
            ],
            [
              -84.51964864581132,
              39.10779257477556
            ],
            [
              -84.51965407646931,
              39.107810929963904
            ],
            [
              -84.51965948512027,
              39.10782921642745
            ],
            [
              -84.51966486417079,
              39.107847408173036
            ],
            [
              -84.5196702060275,
              39.107865479207774
            ],
            [
              -84.5196755030971,
              39.10788340353895
            ],
            [
              -84.51968074778635,
              39.10790115517403
            ],
            [
              -84.51968593250203,
              39.10791870812062
            ],
            [
              -84.51969104965102,
              39.10793603638658
            ],
            [
              -84.51969609164017,
              39.10795311397976
            ],
            [
              -84.51970105087645,
              39.10796991490821
            ],
            [
              -84.51970591976678,
              39.10798641318009
            ],
            [
              -84.51971069071813,
              39.10800258280361
            ],
            [
              -84.51971535613755,
              39.1080183977871
            ],
            [
              -84.51971990843205,
              39.10803383213896
            ],
            [
              -84.51972434000868,
              39.10804885986763
            ],
            [
              -84.51972864327452,
              39.10806345498171
            ],
            [
              -84.51973281063667,
              39.108077591489725
            ],
            [
              -84.51973683450221,
              39.10809124340038
            ],
            [
              -84.51974070727829,
              39.10810438472234
            ],
            [
              -84.51974442137204,
              39.10811698946436
            ],
            [
              -84.51974796919059,
              39.108129031635215
            ],
            [
              -84.51975134314111,
              39.10814048524372
            ],
            [
              -84.51975453563078,
              39.10815132429877
            ],
            [
              -84.51975753906676,
              39.108161522809226
            ],
            [
              -84.51976034585626,
              39.108171054784
            ],
            [
              -84.51976294840645,
              39.10817989423209
            ],
            [
              -84.51976533912455,
              39.10818801516242
            ],
            [
              -84.51976751041778,
              39.10819539158403
            ],
            [
              -84.51976945469336,
              39.10820199750596
            ],
            [
              -84.51977116435853,
              39.10820780693726
            ],
            [
              -84.51977263182053,
              39.10821279388709
            ],
            [
              -84.51977384948661,
              39.1082169323646
            ],
            [
              -84.51977480976413,
              39.10822019637921
            ],
            [
              -84.51977550506065,
              39.10822255994116
            ],
            [
              -84.51977592778599,
              39.10822399706831
            ],
            [
              -84.51977607037371,
              39.1082244818592
            ],
            [
              -84.51980311650375,
              39.10821965310506
            ]
          ]
        ]
      }
    },
    {
      "type": "Feature",
      "id": "st-df65d7c9:5",
      "properties": {
        "featureClass": "band",
        "streetId": "st-df65d7c9",
        "componentId": "cmp-88f1817d",
        "componentIndex": 5,
        "componentType": "travelLane",
        "direction": "forward",
        "widthMeters": 3.35,
        "color": "#4A5157",
        "geostripe": "band",
        "streetName": "Street 5"
      },
      "geometry": {
        "type": "Polygon",
        "coordinates": [
          [
            [
              -84.51977607037371,
              39.1082244818592
            ],
            [
              -84.51977592778599,
              39.10822399706831
            ],
            [
              -84.51977550506065,
              39.10822255994116
            ],
            [
              -84.51977480976413,
              39.10822019637921
            ],
            [
              -84.51977384948661,
              39.1082169323646
            ],
            [
              -84.51977263182053,
              39.10821279388709
            ],
            [
              -84.51977116435853,
              39.10820780693726
            ],
            [
              -84.51976945469336,
              39.10820199750596
            ],
            [
              -84.51976751041778,
              39.10819539158403
            ],
            [
              -84.51976533912455,
              39.10818801516242
            ],
            [
              -84.51976294840645,
              39.10817989423209
            ],
            [
              -84.51976034585626,
              39.108171054784
            ],
            [
              -84.51975753906676,
              39.108161522809226
            ],
            [
              -84.51975453563078,
              39.10815132429877
            ],
            [
              -84.51975134314111,
              39.10814048524372
            ],
            [
              -84.51974796919059,
              39.108129031635215
            ],
            [
              -84.51974442137204,
              39.10811698946436
            ],
            [
              -84.51974070727829,
              39.10810438472234
            ],
            [
              -84.51973683450221,
              39.10809124340038
            ],
            [
              -84.51973281063667,
              39.108077591489725
            ],
            [
              -84.51972864327452,
              39.10806345498171
            ],
            [
              -84.51972434000868,
              39.10804885986763
            ],
            [
              -84.51971990843205,
              39.10803383213896
            ],
            [
              -84.51971535613755,
              39.1080183977871
            ],
            [
              -84.51971069071813,
              39.10800258280361
            ],
            [
              -84.51970591976678,
              39.10798641318009
            ],
            [
              -84.51970105087645,
              39.10796991490821
            ],
            [
              -84.51969609164017,
              39.10795311397976
            ],
            [
              -84.51969104965102,
              39.10793603638658
            ],
            [
              -84.51968593250203,
              39.10791870812062
            ],
            [
              -84.51968074778635,
              39.10790115517403
            ],
            [
              -84.5196755030971,
              39.10788340353895
            ],
            [
              -84.5196702060275,
              39.107865479207774
            ],
            [
              -84.51966486417079,
              39.107847408173036
            ],
            [
              -84.51965948512027,
              39.10782921642745
            ],
            [
              -84.51965407646931,
              39.107810929963904
            ],
            [
              -84.51964864581132,
              39.10779257477556
            ],
            [
              -84.51964320073981,
              39.107774176855834
            ],
            [
              -84.51963774884841,
              39.10775576219843
            ],
            [
              -84.5196322977308,
              39.10773735679737
            ],
            [
              -84.5196268549808,
              39.10771898664713
            ],
            [
              -84.51962142819238,
              39.10770067774254
            ],
            [
              -84.51961602495963,
              39.10768245607901
            ],
            [
              -84.51961065287685,
              39.107664347652516
            ],
            [
              -84.51960531953851,
              39.10764637845969
            ],
            [
              -84.51960003253939,
              39.10762857449799
            ],
            [
              -84.51959479947446,
              39.1076109617658
            ],
            [
              -84.5195896279391,
              39.10759356626261
            ],
            [
              -84.51958452552904,
              39.107576413989165
            ],
            [
              -84.5195794998405,
              39.1075595309478
            ],
            [
              -84.51957455847025,
              39.10754294314266
            ],
            [
              -84.51956970901578,
              39.10752667658015
            ],
            [
              -84.51956495907538,
              39.10751075726935
            ],
            [
              -84.51956031624836,
              39.107495211222705
            ],
            [
              -84.51955578813526,
              39.10748006445668
            ],
            [
              -84.51955138233829,
              39.10746534299291
            ],
            [
              -84.51954710646156,
              39.10745107285944
            ],
            [
              -84.51954296811176,
              39.10743728009249
            ],
            [
              -84.5195389748989,
              39.10742399073887
            ],
            [
              -84.5195351344372,
              39.10741123085919
            ],
            [
              -84.51953145434678,
              39.10739902653239
            ],
            [
              -84.51952794225544,
              39.10738740386224
            ],
            [
              -84.51952460580189,
              39.10737638898664
            ],
            [
              -84.51952145264008,
              39.107366008091596
            ],
            [
              -84.51951849159926,
              39.107356291216384
            ],
            [
              -84.51951450181919,
              39.10734328992845
            ],
            [
              -84.51951062836825,
              39.10733079515221
            ],
            [
              -84.51950686374317,
              39.107318767822576
            ],
            [
              -84.51950320171025,
              39.10730717302297
            ],
            [
              -84.51949963602539,
              39.107295975813216
            ],
            [
              -84.51949616043665,
              39.107285141236204
            ],
            [
              -84.51949276868793,
              39.10727463432686
            ],
            [
              -84.51948945452389,
              39.10726442012337
            ],
            [
              -84.51948621169562,
              39.10725446368045
            ],
            [
              -84.5194830339672,
              39.10724473008411
            ],
            [
              -84.51947991512252,
              39.10723518446724
            ],
            [
              -84.51947684897176,
              39.10722579202491
            ],
            [
              -84.51947382935727,
              39.10721651802824
            ],
            [
              -84.51947085015766,
              39.10720732783567
            ],
            [
              -84.51946790529016,
              39.10719818690036
            ],
            [
              -84.5194649887104,
              39.10718906077309
            ],
            [
              -84.51946209440972,
              39.107179915099756
            ],
            [
              -84.51945921641028,
              39.10717071561388
            ],
            [
              -84.51945634875814,
              39.1071614281244
            ],
            [
              -84.51945348551526,
              39.10715201849974
            ],
            [
              -84.51945062075089,
              39.10714245264953
            ],
            [
              -84.51944774853344,
              39.10713269650536
            ],
            [
              -84.51944486292312,
              39.107122716001975
            ],
            [
              -84.51944195630908,
              39.10711247122018
            ],
            [
              -84.51943911964025,
              39.107102221389304
            ],
            [
              -84.51943635956157,
              39.10709195215984
            ],
            [
              -84.51943367056117,
              39.107081670960945
            ],
            [
              -84.51943104520859,
              39.107071378242864
            ],
            [
              -84.5194284760844,
              39.107061074449064
            ],
            [
              -84.51942595578056,
              39.1070507600169
            ],
            [
              -84.51942347690057,
              39.1070404353782
            ],
            [
              -84.51942103205967,
              39.107030100959776
            ],
            [
              -84.51941861388482,
              39.10701975718387
            ],
            [
              -84.51941621501489,
              39.10700940446855
            ],
            [
              -84.51941382810044,
              39.10699904322796
            ],
            [
              -84.51941144580383,
              39.10698867387254
            ],
            [
              -84.519409060799,
              39.10697829680926
            ],
            [
              -84.51940666577148,
              39.10696791244154
            ],
            [
              -84.51940425341803,
              39.10695752116943
            ],
            [
              -84.51940181644653,
              39.10694712338937
            ],
            [
              -84.51939934757578,
              39.106936719494186
            ],
            [
              -84.51939683953522,
              39.10692630987283
            ],
            [
              -84.51939428506444,
              39.106915894910145
            ],
            [
              -84.51939167691309,
              39.10690547498655
            ],
            [
              -84.51938900784026,
              39.10689505047768
            ],
            [
              -84.51938627061412,
              39.10688462175397
            ],
            [
              -84.51938345801142,
              39.106874189180196
            ],
            [
              -84.5193805628169,
              39.10686375311505
            ],
            [
              -84.51937756319404,
              39.10685326275092
            ],
            [
              -84.51937464116382,
              39.10684290375976
            ],
            [
              -84.51937179522257,
              39.10683226292322
            ],
            [
              -84.5193690243884,
              39.1068214224059
            ],
            [
              -84.51936631274185,
              39.1068104105604
            ],
            [
              -84.51936364463725,
              39.10679925607027
            ],
            [
              -84.51936100464881,
              39.10678798790888
            ],
            [
              -84.51935837753297,
              39.106776635307575
            ],
            [
              -84.51935574820327,
              39.10676522773196
            ],
            [
              -84.51935310171521,
              39.10675379486529
            ],
            [
              -84.51935042325958,
              39.10674236659813
            ],
            [
              -84.51934769816333,
              39.10673097302375
            ],
            [
              -84.51934491189795,
              39.10671964443878
            ],
            [
              -84.51934205009566,
              39.10670841134883
            ],
            [
              -84.5193390985746,
              39.106697304479006
            ],
            [
              -84.51933604337437,
              39.10668635478894
            ],
            [
              -84.51933287080466,
              39.10667559349224
            ],
            [
              -84.5193295675104,
              39.10666505207964
            ],
            [
              -84.51932612055772,
              39.10665476234472
            ],
            [
              -84.51932251754715,
              39.106644756409956
            ],
            [
              -84.51931874676116,
              39.106635066748964
            ],
            [
              -84.51931479735579,
              39.106625726197564
            ],
            [
              -84.51931065960633,
              39.106616767941475
            ],
            [
              -84.51930632521692,
              39.10660822545991
            ],
            [
              -84.51930178769915,
              39.10660013239234
            ],
            [
              -84.51929704281186,
              39.10659252227784
            ],
            [
              -84.51929208902362,
              39.106585428093396
            ],
            [
              -84.51928689620722,
              39.106578841290684
            ],
            [
              -84.51927910150785,
              39.10657000254988
            ],
            [
              -84.51927103404472,
              39.106561712074054
            ],
            [
              -84.51926270908395,
              39.10655397799564
            ],
            [
              -84.51925411182856,
              39.10654677562013
            ],
            [
              -84.51924522543507,
              39.10654007984933
            ],
            [
              -84.51923603093512,
              39.10653386564339
            ],
            [
              -84.51922650739256,
              39.106528108531016
            ],
            [
              -84.51921663230382,
              39.106522785088096
            ],
            [
              -84.51920638219494,
              39.10651787330421
            ],
            [
              -84.51919573332314,
              39.10651335277827
            ],
            [
              -84.51918466237069,
              39.106509204722784
            ],
            [
              -84.5191731470286,
              39.10650541179765
            ],
            [
              -84.5191612497313,
              39.10650198184757
            ],
            [
              -84.51915107568301,
              39.106499538395624
            ],
            [
              -84.51914045768531,
              39.10649754126234
            ],
            [
              -84.51912933377528,
              39.106495947493826
            ],
            [
              -84.51911773990219,
              39.1064947347641
            ],
            [
              -84.51910571409762,
              39.106493878607914
            ],
            [
              -84.51909329533682,
              39.10649335258251
            ],
            [
              -84.5190805227865,
              39.106493128554085
            ],
            [
              -84.51906743534579,
              39.10649317700944
            ],
            [
              -84.51905407138982,
              39.10649346734298
            ],
            [
              -84.51904046864351,
              39.106493968099336
            ],
            [
              -84.51902666413346,
              39.10649464716811
            ],
            [
              -84.51901269418275,
              39.10649547193443
            ],
            [
              -84.51899859442601,
              39.106496409391674
            ],
            [
              -84.51898439983029,
              39.10649742622261
            ],
            [
              -84.51897014471328,
              39.10649848885438
            ],
            [
              -84.51895586275373,
              39.10649956349095
            ],
            [
              -84.51894158699102,
              39.10650061612568
            ],
            [
              -84.51892734981274,
              39.10650161253423
            ],
            [
              -84.51891326503072,
              39.106502512998446
            ],
            [
              -84.51890046634509,
              39.106503342095145
            ],
            [
              -84.51888763987934,
              39.10650428719148
            ],
            [
              -84.51887471485801,
              39.1065053464821
            ],
            [
              -84.51886169731715,
              39.10650651315041
            ],
            [
              -84.51884859326208,
              39.10650778035022
            ],
            [
              -84.5188354086669,
              39.10650914120934
            ],
            [
              -84.51882214947469,
              39.10651058883262
            ],
            [
              -84.51880882159763,
              39.106512116304785
            ],
            [
              -84.51879543091741,
              39.10651371669275
            ],
            [
              -84.51878198328579,
              39.106515383047764
            ],
            [
              -84.51876848452527,
              39.10651710840722
            ],
            [
              -84.51875494042947,
              39.106518885796206
            ],
            [
              -84.51874135676391,
              39.106520708228835
            ],
            [
              -84.51872773926641,
              39.106522568709366
            ],
            [
              -84.51871409364765,
              39.10652446023308
            ],
            [
              -84.51870042559143,
              39.106526375787055
            ],
            [
              -84.51868674075521,
              39.1065283083507
            ],
            [
              -84.51867304477008,
              39.10653025089619
            ],
            [
              -84.51865934324105,
              39.106532196388706
            ],
            [
              -84.51864564174697,
              39.106534137786525
            ],
            [
              -84.51863194584047,
              39.10653606804102
            ],
            [
              -84.51861826104773,
              39.106537980096384
            ],
            [
              -84.51860461174566,
              39.106539864283484
            ],
            [
              -84.51859118605798,
              39.10654171859338
            ],
            [
              -84.51857776136784,
              39.10654360051669
            ],
            [
              -84.51856432022176,
              39.106545511123436
            ],
            [
              -84.51855086301246,
              39.10654744901811
            ],
            [
              -84.51853739013207,
              39.106549412804625
            ],
            [
              -84.51852390197213,
              39.10655140108634
            ],
            [
              -84.51851039892352,
              39.1065534124661
            ],
            [
              -84.51849688137656,
              39.106555445546185
            ],
            [
              -84.51848334972085,
              39.10655749892841
            ],
            [
              -84.5184698043454,
              39.10655957121409
            ],
            [
              -84.51845624563856,
              39.106561661004065
            ],
            [
              -84.51844267398805,
              39.106563766898695
            ],
            [
              -84.51842908978091,
              39.10656588749792
            ],
            [
              -84.51841549340354,
              39.10656802140121
            ],
            [
              -84.5184018852417,
              39.106570167207636
            ],
            [
              -84.51838826568044,
              39.10657232351582
            ],
            [
              -84.51837463510424,
              39.10657448892399
            ],
            [
              -84.51836099389682,
              39.106576662029966
            ],
            [
              -84.51834734244132,
              39.10657884143116
            ],
            [
              -84.51833368112021,
              39.1065810257246
            ],
            [
              -84.51832001031526,
              39.10658321350692
            ],
            [
              -84.51830633040768,
              39.10658540337439
            ],
            [
              -84.51829264177796,
              39.10658759392287
            ],
            [
              -84.51827895033504,
              39.10658978286387
            ],
            [
              -84.51826589415259,
              39.10659187562694
            ],
            [
              -84.51825347299012,
              39.106593879962965
            ],
            [
              -84.51824159429736,
              39.10659580984137
            ],
            [
              -84.51823017064864,
              39.10659767841183
            ],
            [
              -84.51821911456203,
              39.10659949883502
            ],
            [
              -84.5182083385249,
              39.106601284278625
            ],
            [
              -84.51819775502827,
              39.10660304791146
            ],
            [
              -84.51818727660627,
              39.10660480289649
            ],
            [
              -84.51817681587438,
              39.10660656238371
            ],
            [
              -84.51816628556001,
              39.10660833950417
            ],
            [
              -84.51815559852027,
              39.10661014736629
            ],
            [
              -84.51814466774391,
              39.10661199905501
            ],
            [
              -84.51813340633862,
              39.106613907633765
            ],
            [
              -84.51812172750685,
              39.10661588614873
            ],
            [
              -84.51810954451582,
              39.10661794763421
            ],
            [
              -84.51809677066662,
              39.10662010511829
            ],
            [
              -84.51808331926696,
              39.10662237162784
            ],
            [
              -84.51806910360968,
              39.10662476019247
            ],
            [
              -84.51805403695816,
              39.10662728384708
            ],
            [
              -84.51803803253804,
              39.10662995563346
            ],
            [
              -84.51802100353396,
              39.10663278860067
            ],
            [
              -84.51800286309026,
              39.10663579580497
            ],
            [
              -84.51798352431409,
              39.106638990309165
            ],
            [
              -84.51796290027963,
              39.10664238518177
            ],
            [
              -84.51794090360933,
              39.10664599356567
            ],
            [
              -84.51788955136462,
              39.106654386764646
            ],
            [
              -84.51782801563897,
              39.10666441507413
            ],
            [
              -84.51775664796718,
              39.1066760219785
            ],
            [
              -84.51767579944301,
              39.10668915103249
            ],
            [
              -84.51758582148732,
              39.106703745736795
            ],
            [
              -84.51748706568297,
              39.10671974956546
            ],
            [
              -84.51737988370071,
              39.10673710597811
            ],
            [
              -84.51726462726235,
              39.10675575842601
            ],
            [
              -84.51714164812108,
              39.106775650355274
            ],
            [
              -84.51701129805022,
              39.10679672520876
            ],
            [
              -84.51687392883657,
              39.10681892642708
            ],
            [
              -84.51672989227609,
              39.1068421974494
            ],
            [
              -84.51657954017129,
              39.1068664817138
            ],
            [
              -84.51642322432937,
              39.106891722657586
            ],
            [
              -84.516261296561,
              39.10691786371753
            ],
            [
              -84.51609410867945,
              39.10694484832994
            ],
            [
              -84.51592201249998,
              39.106972619930836
            ],
            [
              -84.51574535983937,
              39.107001121955975
            ],
            [
              -84.51556450251562,
              39.10703029784093
            ],
            [
              -84.51537979234762,
              39.107060091021104
            ],
            [
              -84.51519158115512,
              39.10709044493179
            ],
            [
              -84.5150002207584,
              39.107121303008185
            ],
            [
              -84.51480606297828,
              39.10715260868538
            ],
            [
              -84.51460945963598,
              39.10718430539843
            ],
            [
              -84.51441076255306,
              39.107216336582304
            ],
            [
              -84.51421032355134,
              39.10724864567196
            ],
            [
              -84.51400849445295,
              39.10728117610229
            ],
            [
              -84.51380562708015,
              39.10731387130816
            ],
            [
              -84.51360207325538,
              39.107346674724425
            ],
            [
              -84.51339818480129,
              39.10737952978589
            ],
            [
              -84.51319431354057,
              39.107412379927354
            ],
            [
              -84.51299081129604,
              39.10744516858361
            ],
            [
              -84.51278802989066,
              39.1074778391894
            ],
            [
              -84.51258632114741,
              39.10751033517949
            ],
            [
              -84.51238603688938,
              39.107542599988626
            ],
            [
              -84.5121875289397,
              39.10757457705153
            ],
            [
              -84.51199114912161,
              39.10760620980293
            ],
            [
              -84.5117972492583,
              39.10763744167754
            ],
            [
              -84.51160618117304,
              39.107668216110056
            ],
            [
              -84.5114182966892,
              39.10769847653519
            ],
            [
              -84.5112339476301,
              39.10772816638764
            ],
            [
              -84.51105348581913,
              39.10775722910209
            ],
            [
              -84.5108772630797,
              39.10778560811323
            ],
            [
              -84.51070563123527,
              39.10781324685575
            ],
            [
              -84.51053894210926,
              39.10784008876432
            ],
            [
              -84.51037754752512,
              39.10786607727362
            ],
            [
              -84.51022179930642,
              39.10789115581832
            ],
            [
              -84.51007204927663,
              39.1079152678331
            ],
            [
              -84.50992864925925,
              39.10793835675262
            ],
            [
              -84.50979195107786,
              39.107960366011554
            ],
            [
              -84.50966230655591,
              39.10798123904458
            ],
            [
              -84.5095400675171,
              39.10800091928632
            ],
            [
              -84.50942558578485,
              39.108019350171475
            ],
            [
              -84.50931921318285,
              39.10803647513469
            ],
            [
              -84.50922130153467,
              39.10805223761062
            ],
            [
              -84.5091322026638,
              39.10806658103394
            ],
            [
              -84.50905226839394,
              39.108079448839284
            ],
            [
              -84.50898185054874,
              39.10809078446132
            ],
            [
              -84.50892130095171,
              39.10810053133469
            ],
            [
              -84.50887097142653,
              39.108108632894066
            ],
            [
              -84.50883121379694,
              39.10811503257406
            ],
            [
              -84.50880237988672,
              39.10811967380932
            ],
            [
              -84.50878482152153,
              39.10812250003414
            ],
            [
              -84.50877889054416,
              39.108123454680126
            ],
            [
              -84.50878672649141,
              39.1081530060566
            ],
            [
              -84.50879265752542,
              39.108152051401504
            ],
            [
              -84.50881021601144,
              39.10814922515723
            ],
            [
              -84.50883905005263,
              39.108144583900895
            ],
            [
              -84.50887880781852,
              39.10813818419896
            ],
            [
              -84.50892913748467,
              39.10813008261689
            ],
            [
              -84.50898968722737,
              39.108120335720066
            ],
            [
              -84.50906010522321,
              39.10810900007378
            ],
            [
              -84.50914003964873,
              39.108096132243375
            ],
            [
              -84.50922913868054,
              39.10808178879415
            ],
            [
              -84.50932705049533,
              39.1080660262914
            ],
            [
              -84.50943342326978,
              39.10804890130042
            ],
            [
              -84.50954790518058,
              39.10803047038652
            ],
            [
              -84.50967014440454,
              39.10801079011497
            ],
            [
              -84.50979978911838,
              39.10798991705104
            ],
            [
              -84.509936487499,
              39.10796790776004
            ],
            [
              -84.51007988772324,
              39.10794481880721
            ],
            [
              -84.510229637968,
              39.10792070675782
            ],
            [
              -84.51038538641025,
              39.107895628177126
            ],
            [
              -84.51054678122702,
              39.107869639630366
            ],
            [
              -84.51071347059538,
              39.107842797682764
            ],
            [
              -84.51088510269246,
              39.10781515889956
            ],
            [
              -84.51106132569547,
              39.10778677984597
            ],
            [
              -84.51124178778174,
              39.10775771708719
            ],
            [
              -84.51142613712864,
              39.10772802718839
            ],
            [
              -84.51161402191363,
              39.10769776671475
            ],
            [
              -84.51180509031435,
              39.10766699223142
            ],
            [
              -84.5119989905085,
              39.10763576030352
            ],
            [
              -84.51219537067395,
              39.10760412749618
            ],
            [
              -84.51239387898873,
              39.10757215037446
            ],
            [
              -84.51259416363105,
              39.107539885503414
            ],
            [
              -84.51279587277932,
              39.107507389448074
            ],
            [
              -84.51299865461216,
              39.10747471877341
            ],
            [
              -84.51320215730854,
              39.10744193004436
            ],
            [
              -84.51340602904762,
              39.10740907982581
            ],
            [
              -84.51360991800901,
              39.107376224682596
            ],
            [
              -84.51381347237268,
              39.107343421179486
            ],
            [
              -84.51401634031909,
              39.10731072588118
            ],
            [
              -84.51421817002921,
              39.107278195352244
            ],
            [
              -84.51441860968474,
              39.1072458861572
            ],
            [
              -84.51461730746806,
              39.10721385486041
            ],
            [
              -84.5148139115625,
              39.107182158026106
            ],
            [
              -84.51500807015245,
              39.10715085221834
            ],
            [
              -84.51519943142358,
              39.10711999400094
            ],
            [
              -84.51538764356317,
              39.10708963993751
            ],
            [
              -84.51557235476037,
              39.10705984659133
            ],
            [
              -84.51575321320657,
              39.1070306705253
            ],
            [
              -84.5159298670962,
              39.10700216830186
            ],
            [
              -84.5161019646272,
              39.10697439648287
            ],
            [
              -84.51626915400206,
              39.10694741162943
            ],
            [
              -84.5164310834291,
              39.10692127030172
            ],
            [
              -84.51658740112413,
              39.1068960290587
            ],
            [
              -84.51673775531287,
              39.10687174445771
            ],
            [
              -84.51688179423414,
              39.10684847305398
            ],
            [
              -84.5170191661446,
              39.106826271399804
            ],
            [
              -84.51714951932564,
              39.106805196043474
            ],
            [
              -84.51727250209356,
              39.106785303527595
            ],
            [
              -84.51738776281564,
              39.10676665038644
            ],
            [
              -84.51749494993548,
              39.10674929314184
            ],
            [
              -84.51759371201571,
              39.10673328829614
            ],
            [
              -84.5176836978126,
              39.10671869231997
            ],
            [
              -84.51776455641557,
              39.106705561629276
            ],
            [
              -84.5178359375283,
              39.10669395253893
            ],
            [
              -84.5178974920949,
              39.106683921159
            ],
            [
              -84.51794886938694,
              39.10667552386619
            ],
            [
              -84.51797089316497,
              39.10667191103548
            ],
            [
              -84.51799154383554,
              39.10666851177836
            ],
            [
              -84.51801090974045,
              39.10666531279287
            ],
            [
              -84.51802907750854,
              39.10666230105891
            ],
            [
              -84.51804613364395,
              39.1066594635781
            ],
            [
              -84.51806216450949,
              39.10665678737691
            ],
            [
              -84.51807725631522,
              39.10665425950898
            ],
            [
              -84.518091495116,
              39.1066518670557
            ],
            [
              -84.51810496682329,
              39.10664959712439
            ],
            [
              -84.51811775723694,
              39.1066474368426
            ],
            [
              -84.51812995210052,
              39.106645373348165
            ],
            [
              -84.51814163718251,
              39.10664339377434
            ],
            [
              -84.51815289838007,
              39.106641485230796
            ],
            [
              -84.51816382183566,
              39.10663963478222
            ],
            [
              -84.5181744940513,
              39.10663782942781
            ],
            [
              -84.51818500197973,
              39.10663605608525
            ],
            [
              -84.51819543307307,
              39.10663430158321
            ],
            [
              -84.51820587527503,
              39.10663255266452
            ],
            [
              -84.51821641695392,
              39.10663079600019
            ],
            [
              -84.51822714678636,
              39.106629018212075
            ],
            [
              -84.51823815361236,
              39.10662720589982
            ],
            [
              -84.51824952628596,
              39.10662534566738
            ],
            [
              -84.51826135354466,
              39.10662342414524
            ],
            [
              -84.51827372391261,
              39.106621428005646
            ],
            [
              -84.51828674534502,
              39.106619340812635
            ],
            [
              -84.51830043066305,
              39.10661715285086
            ],
            [
              -84.51831412402449,
              39.106614961545176
            ],
            [
              -84.5183278040795,
              39.106612771654106
            ],
            [
              -84.51834147044042,
              39.106610584582974
            ],
            [
              -84.51835512271693,
              39.10660840173566
            ],
            [
              -84.51836876051632,
              39.106606224514614
            ],
            [
              -84.5183823834435,
              39.10660405432077
            ],
            [
              -84.5183959911007,
              39.1066018925536
            ],
            [
              -84.51840958308787,
              39.10659974061107
            ],
            [
              -84.51842315900235,
              39.10659759988957
            ],
            [
              -84.51843671843902,
              39.10659547178399
            ],
            [
              -84.51845026099028,
              39.10659335768757
            ],
            [
              -84.51846378624603,
              39.106591258991955
            ],
            [
              -84.51847729379368,
              39.106589177087095
            ],
            [
              -84.51849078321814,
              39.10658711336127
            ],
            [
              -84.51850425410194,
              39.106585069200975
            ],
            [
              -84.51851770602512,
              39.1065830459909
            ],
            [
              -84.51853113856525,
              39.106581045113906
            ],
            [
              -84.51854455129757,
              39.10657906795093
            ],
            [
              -84.51855794379489,
              39.10657711588093
            ],
            [
              -84.51857131562764,
              39.106575190280836
            ],
            [
              -84.51858466636399,
              39.10657329252548
            ],
            [
              -84.51859799556985,
              39.10657142398752
            ],
            [
              -84.51861137047797,
              39.10656957669112
            ],
            [
              -84.5186250578416,
              39.10656768724989
            ],
            [
              -84.51863881123397,
              39.10656576560971
            ],
            [
              -84.5186525538311,
              39.1065638287748
            ],
            [
              -84.51866628028463,
              39.10656188384041
            ],
            [
              -84.51867998514601,
              39.10655993787474
            ],
            [
              -84.51869366286716,
              39.10655799791969
            ],
            [
              -84.51870730780092,
              39.10655607099104
            ],
            [
              -84.51872091420105,
              39.106554164078055
            ],
            [
              -84.5187344762217,
              39.10655228414252
            ],
            [
              -84.51874798791665,
              39.10655043811718
            ],
            [
              -84.51876144323815,
              39.106548632903646
            ],
            [
              -84.51877483603535,
              39.106546875369546
            ],
            [
              -84.51878816005252,
              39.10654517234511
            ],
            [
              -84.51880140892713,
              39.10654353061895
            ],
            [
              -84.51881457618752,
              39.106541956933015
            ],
            [
              -84.51882765525076,
              39.10654045797674
            ],
            [
              -84.51884063942052,
              39.106539040380085
            ],
            [
              -84.51885352188489,
              39.10653771070565
            ],
            [
              -84.51886629571497,
              39.106536475439555
            ],
            [
              -84.51887895386386,
              39.106535340980955
            ],
            [
              -84.51889148916663,
              39.106534313630334
            ],
            [
              -84.51890389434165,
              39.10653339957609
            ],
            [
              -84.51891645335095,
              39.106532586005585
            ],
            [
              -84.5189306661531,
              39.10653167735683
            ],
            [
              -84.51894514415683,
              39.10653066409377
            ],
            [
              -84.51895954890615,
              39.10652960194811
            ],
            [
              -84.5189738506786,
              39.10652852582073
            ],
            [
              -84.51898801728026,
              39.106527469787245
            ],
            [
              -84.51900201409306,
              39.106526467124496
            ],
            [
              -84.51901580407619,
              39.10652555026332
            ],
            [
              -84.51902934772667,
              39.106524750665166
            ],
            [
              -84.51904260301043,
              39.10652409861383
            ],
            [
              -84.51905552528282,
              39.10652362290768
            ],
            [
              -84.51906806723181,
              39.10652335043234
            ],
            [
              -84.51908017889757,
              39.106523305589725
            ],
            [
              -84.51909180785482,
              39.10652350955972
            ],
            [
              -84.51910289969149,
              39.10652397938018
            ],
            [
              -84.51911339898093,
              39.10652472685877
            ],
            [
              -84.51912325102253,
              39.10652575739133
            ],
            [
              -84.51913240469356,
              39.10652706887558
            ],
            [
              -84.51914081676686,
              39.10652865109776
            ],
            [
              -84.51914881526562,
              39.10653057205851
            ],
            [
              -84.51915887852486,
              39.10653347326169
            ],
            [
              -84.51916871963273,
              39.106536714727305
            ],
            [
              -84.51917806398465,
              39.10654021586151
            ],
            [
              -84.51918695829478,
              39.10654399156286
            ],
            [
              -84.51919545310201,
              39.10654806221788
            ],
            [
              -84.51920360055695,
              39.106552454331464
            ],
            [
              -84.51921145179107,
              39.106557200510395
            ],
            [
              -84.51921905425623,
              39.106562338721766
            ],
            [
              -84.51922644946114,
              39.10656791090324
            ],
            [
              -84.51923367145358,
              39.106573961148236
            ],
            [
              -84.51924074622416,
              39.10658053377146
            ],
            [
              -84.5192476920041,
              39.10658767155687
            ],
            [
              -84.51925441303527,
              39.106595292819684
            ],
            [
              -84.5192585541267,
              39.10660054556696
            ],
            [
              -84.51926259511347,
              39.10660633255344
            ],
            [
              -84.51926660864873,
              39.10661276968481
            ],
            [
              -84.51927055895975,
              39.10661981541679
            ],
            [
              -84.5192744205485,
              39.10662742607368
            ],
            [
              -84.51927817643745,
              39.106635557599155
            ],
            [
              -84.51928181650257,
              39.10664416654459
            ],
            [
              -84.51928533603747,
              39.10665321057416
            ],
            [
              -84.51928873457956,
              39.106662648678686
            ],
            [
              -84.51929201497843,
              39.10667244122244
            ],
            [
              -84.51929518266964,
              39.10668254990104
            ],
            [
              -84.51929824511474,
              39.10669293765715
            ],
            [
              -84.51930121137254,
              39.10670356858177
            ],
            [
              -84.51930409177274,
              39.10671440781669
            ],
            [
              -84.5193068976693,
              39.10672542146659
            ],
            [
              -84.51930964125596,
              39.10673657652553
            ],
            [
              -84.51931233543118,
              39.106747840819715
            ],
            [
              -84.51931499370299,
              39.10675918296781
            ],
            [
              -84.51931763012742,
              39.10677057235949
            ],
            [
              -84.51932025927687,
              39.10678197915303
            ],
            [
              -84.51932289623657,
              39.1067933742928
            ],
            [
              -84.5193255566301,
              39.106804729548415
            ],
            [
              -84.51932825667667,
              39.1068160175777
            ],
            [
              -84.5193310132865,
              39.106827212016626
            ],
            [
              -84.51933384420353,
              39.10683828760008
            ],
            [
              -84.51933676820977,
              39.10684922031785
            ],
            [
              -84.51933974744895,
              39.10685978212245
            ],
            [
              -84.51934273249316,
              39.10687022150171
            ],
            [
              -84.5193455779265,
              39.10688047819689
            ],
            [
              -84.51934834612041,
              39.10689074604854
            ],
            [
              -84.5193510440074,
              39.106901024891606
            ],
            [
              -84.51935367855025,
              39.10691131453786
            ],
            [
              -84.51935625674425,
              39.10692161477775
            ],
            [
              -84.51935878561908,
              39.10693192538193
            ],
            [
              -84.51936127224046,
              39.10694224610294
            ],
            [
              -84.51936372371182,
              39.106952576676576
            ],
            [
              -84.51936614717546,
              39.106962916822965
            ],
            [
              -84.51936854981398,
              39.106973266247685
            ],
            [
              -84.51937093885115,
              39.106983624642425
            ],
            [
              -84.51937332155296,
              39.10699399168543
            ],
            [
              -84.51937570522827,
              39.10700436704185
            ],
            [
              -84.51937809722958,
              39.10701475036372
            ],
            [
              -84.51938050495343,
              39.107025141289625
            ],
            [
              -84.51938293584098,
              39.10703553944429
            ],
            [
              -84.51938539737796,
              39.107045944437495
            ],
            [
              -84.51938789709494,
              39.10705635586318
            ],
            [
              -84.51939044256721,
              39.10706677329801
            ],
            [
              -84.51939304141439,
              39.107077196299585
            ],
            [
              -84.51939570129996,
              39.10708762440454
            ],
            [
              -84.51939842993048,
              39.107098057126386
            ],
            [
              -84.51940123505452,
              39.10710849395287
            ],
            [
              -84.51940411714575,
              39.10711890791009
            ],
            [
              -84.51940706218178,
              39.107129288115765
            ],
            [
              -84.51940998150695,
              39.10713938522919
            ],
            [
              -84.51941288690347,
              39.10714925407368
            ],
            [
              -84.51941578381756,
              39.10715892727632
            ],
            [
              -84.51941867766438,
              39.10716843747627
            ],
            [
              -84.51942157385571,
              39.107177817395836
            ],
            [
              -84.51942447783112,
              39.1071870999136
            ],
            [
              -84.51942739509045,
              39.10719631813373
            ],
            [
              -84.51943033122417,
              39.10720550544634
            ],
            [
              -84.51943329193952,
              39.107214695573724
            ],
            [
              -84.51943628307923,
              39.10722392259895
            ],
            [
              -84.51943931063168,
              39.10723322097509
            ],
            [
              -84.51944238073149,
              39.10724262551445
            ],
            [
              -84.51944549965103,
              39.10725217136038
            ],
            [
              -84.51944867378432,
              39.10726189394462
            ],
            [
              -84.51945190962536,
              39.10727182893468
            ],
            [
              -84.51945521374314,
              39.107282012175794
            ],
            [
              -84.5194585927559,
              39.10729247963187
            ],
            [
              -84.51946205330636,
              39.107303267329456
            ],
            [
              -84.5194656020399,
              39.107314411307534
            ],
            [
              -84.51946924558632,
              39.10732594757482
            ],
            [
              -84.51947299054568,
              39.107337912075835
            ],
            [
              -84.51947684347846,
              39.10735034066569
            ],
            [
              -84.51948081575911,
              39.107363284929185
            ],
            [
              -84.51948376647815,
              39.10737296793268
            ],
            [
              -84.51948691362719,
              39.107383329032395
            ],
            [
              -84.51949024492488,
              39.10739432688658
            ],
            [
              -84.51949375254614,
              39.10740593476379
            ],
            [
              -84.51949742872391,
              39.10741812611498
            ],
            [
              -84.51950126573215,
              39.10743087452062
            ],
            [
              -84.51950525587439,
              39.1074441536552
            ],
            [
              -84.51950939147602,
              39.10745793726277
            ],
            [
              -84.51951366487879,
              39.10747219913973
            ],
            [
              -84.51951806843688,
              39.10748691312256
            ],
            [
              -84.51952259451419,
              39.10750205307877
            ],
            [
              -84.51952723548207,
              39.10751759290027
            ],
            [
              -84.51953198371794,
              39.10753350649836
            ],
            [
              -84.51953683160396,
              39.107549767799824
            ],
            [
              -84.51954177152616,
              39.10756635074401
            ],
            [
              -84.51954679587372,
              39.107583229280536
            ],
            [
              -84.5195518970384,
              39.10760037736749
            ],
            [
              -84.51955706741411,
              39.107617768969966
            ],
            [
              -84.51956229939655,
              39.10763537805888
            ],
            [
              -84.51956758538292,
              39.107653178610086
            ],
            [
              -84.51957291777167,
              39.10767114460356
            ],
            [
              -84.51957828896231,
              39.10768925002283
            ],
            [
              -84.51958369135532,
              39.107707468854464
            ],
            [
              -84.51958911735193,
              39.10772577508757
            ],
            [
              -84.519594559354,
              39.10774414271351
            ],
            [
              -84.51960000976408,
              39.10776254572557
            ],
            [
              -84.51960546098512,
              39.107780958118724
            ],
            [
              -84.51961090542059,
              39.107799353889405
            ],
            [
              -84.5196163354743,
              39.107817707035316
            ],
            [
              -84.51962174355042,
              39.10783599155533
            ],
            [
              -84.51962712205344,
              39.10785418144928
            ],
            [
              -84.51963246338806,
              39.107872250717875
            ],
            [
              -84.5196377599593,
              39.107890173362634
            ],
            [
              -84.51964300417228,
              39.10790792338572
            ],
            [
              -84.51964818843238,
              39.107925474789965
            ],
            [
              -84.51965330514516,
              39.10794280157876
            ],
            [
              -84.51965834671626,
              39.10795987775596
            ],
            [
              -84.51966330555152,
              39.107976677325865
            ],
            [
              -84.51966817405685,
              39.10799317429318
            ],
            [
              -84.5196729446383,
              39.10800934266301
            ],
            [
              -84.51967760970201,
              39.10802515644075
            ],
            [
              -84.51968216165423,
              39.1080405896321
            ],
            [
              -84.51968659290124,
              39.108055616243014
            ],
            [
              -84.51969089584945,
              39.10807021027977
            ],
            [
              -84.51969506290528,
              39.10808434574873
            ],
            [
              -84.51969908647526,
              39.108097996656596
            ],
            [
              -84.51970295896596,
              39.10811113701021
            ],
            [
              -84.519706672784,
              39.10812374081653
            ],
            [
              -84.51971022033602,
              39.108135782082734
            ],
            [
              -84.51971359402877,
              39.10814723481618
            ],
            [
              -84.51971678626897,
              39.10815807302424
            ],
            [
              -84.51971978946341,
              39.108168270714536
            ],
            [
              -84.51972259601895,
              39.108177801894776
            ],
            [
              -84.51972519834237,
              39.10818664057262
            ],
            [
              -84.51972758884062,
              39.10819476075615
            ],
            [
              -84.51972975992061,
              39.108202136453286
            ],
            [
              -84.51973170398925,
              39.10820874167212
            ],
            [
              -84.51973341345357,
              39.10821455042098
            ],
            [
              -84.5197348807206,
              39.10821953670823
            ],
            [
              -84.51973609819747,
              39.10822367454266
            ],
            [
              -84.51973705829155,
              39.10822693793378
            ],
            [
              -84.51973775341112,
              39.108229300894216
            ],
            [
              -84.51973817597296,
              39.108230737465476
            ],
            [
              -84.51973831848386,
              39.10823122199519
            ],
            [
              -84.51977607037371,
              39.1082244818592
            ]
          ]
        ]
      }
    },
    {
      "type": "Feature",
      "id": "st-df65d7c9:6",
      "properties": {
        "featureClass": "band",
        "streetId": "st-df65d7c9",
        "componentId": "cmp-b4cad029",
        "componentIndex": 6,
        "componentType": "travelLane",
        "direction": "forward",
        "widthMeters": 3.35,
        "color": "#4A5157",
        "geostripe": "band",
        "streetName": "Street 5"
      },
      "geometry": {
        "type": "Polygon",
        "coordinates": [
          [
            [
              -84.51973831848386,
              39.10823122199519
            ],
            [
              -84.51973817597296,
              39.108230737465476
            ],
            [
              -84.51973775341112,
              39.108229300894216
            ],
            [
              -84.51973705829155,
              39.10822693793378
            ],
            [
              -84.51973609819747,
              39.10822367454266
            ],
            [
              -84.5197348807206,
              39.10821953670823
            ],
            [
              -84.51973341345357,
              39.10821455042098
            ],
            [
              -84.51973170398925,
              39.10820874167212
            ],
            [
              -84.51972975992061,
              39.108202136453286
            ],
            [
              -84.51972758884062,
              39.10819476075615
            ],
            [
              -84.51972519834237,
              39.10818664057262
            ],
            [
              -84.51972259601895,
              39.108177801894776
            ],
            [
              -84.51971978946341,
              39.108168270714536
            ],
            [
              -84.51971678626897,
              39.10815807302424
            ],
            [
              -84.51971359402877,
              39.10814723481618
            ],
            [
              -84.51971022033602,
              39.108135782082734
            ],
            [
              -84.519706672784,
              39.10812374081653
            ],
            [
              -84.51970295896596,
              39.10811113701021
            ],
            [
              -84.51969908647526,
              39.108097996656596
            ],
            [
              -84.51969506290528,
              39.10808434574873
            ],
            [
              -84.51969089584945,
              39.10807021027977
            ],
            [
              -84.51968659290124,
              39.108055616243014
            ],
            [
              -84.51968216165423,
              39.1080405896321
            ],
            [
              -84.51967760970201,
              39.10802515644075
            ],
            [
              -84.5196729446383,
              39.10800934266301
            ],
            [
              -84.51966817405685,
              39.10799317429318
            ],
            [
              -84.51966330555152,
              39.107976677325865
            ],
            [
              -84.51965834671626,
              39.10795987775596
            ],
            [
              -84.51965330514516,
              39.10794280157876
            ],
            [
              -84.51964818843238,
              39.107925474789965
            ],
            [
              -84.51964300417228,
              39.10790792338572
            ],
            [
              -84.5196377599593,
              39.107890173362634
            ],
            [
              -84.51963246338806,
              39.107872250717875
            ],
            [
              -84.51962712205344,
              39.10785418144928
            ],
            [
              -84.51962174355042,
              39.10783599155533
            ],
            [
              -84.5196163354743,
              39.107817707035316
            ],
            [
              -84.51961090542059,
              39.107799353889405
            ],
            [
              -84.51960546098512,
              39.107780958118724
            ],
            [
              -84.51960000976408,
              39.10776254572557
            ],
            [
              -84.519594559354,
              39.10774414271351
            ],
            [
              -84.51958911735193,
              39.10772577508757
            ],
            [
              -84.51958369135532,
              39.107707468854464
            ],
            [
              -84.51957828896231,
              39.10768925002283
            ],
            [
              -84.51957291777167,
              39.10767114460356
            ],
            [
              -84.51956758538292,
              39.107653178610086
            ],
            [
              -84.51956229939655,
              39.10763537805888
            ],
            [
              -84.51955706741411,
              39.107617768969966
            ],
            [
              -84.5195518970384,
              39.10760037736749
            ],
            [
              -84.51954679587372,
              39.107583229280536
            ],
            [
              -84.51954177152616,
              39.10756635074401
            ],
            [
              -84.51953683160396,
              39.107549767799824
            ],
            [
              -84.51953198371794,
              39.10753350649836
            ],
            [
              -84.51952723548207,
              39.10751759290027
            ],
            [
              -84.51952259451419,
              39.10750205307877
            ],
            [
              -84.51951806843688,
              39.10748691312256
            ],
            [
              -84.51951366487879,
              39.10747219913973
            ],
            [
              -84.51950939147602,
              39.10745793726277
            ],
            [
              -84.51950525587439,
              39.1074441536552
            ],
            [
              -84.51950126573215,
              39.10743087452062
            ],
            [
              -84.51949742872391,
              39.10741812611498
            ],
            [
              -84.51949375254614,
              39.10740593476379
            ],
            [
              -84.51949024492488,
              39.10739432688658
            ],
            [
              -84.51948691362719,
              39.107383329032395
            ],
            [
              -84.51948376647815,
              39.10737296793268
            ],
            [
              -84.51948081575911,
              39.107363284929185
            ],
            [
              -84.51947684347846,
              39.10735034066569
            ],
            [
              -84.51947299054568,
              39.107337912075835
            ],
            [
              -84.51946924558632,
              39.10732594757482
            ],
            [
              -84.5194656020399,
              39.107314411307534
            ],
            [
              -84.51946205330636,
              39.107303267329456
            ],
            [
              -84.5194585927559,
              39.10729247963187
            ],
            [
              -84.51945521374314,
              39.107282012175794
            ],
            [
              -84.51945190962536,
              39.10727182893468
            ],
            [
              -84.51944867378432,
              39.10726189394462
            ],
            [
              -84.51944549965103,
              39.10725217136038
            ],
            [
              -84.51944238073149,
              39.10724262551445
            ],
            [
              -84.51943931063168,
              39.10723322097509
            ],
            [
              -84.51943628307923,
              39.10722392259895
            ],
            [
              -84.51943329193952,
              39.107214695573724
            ],
            [
              -84.51943033122417,
              39.10720550544634
            ],
            [
              -84.51942739509045,
              39.10719631813373
            ],
            [
              -84.51942447783112,
              39.1071870999136
            ],
            [
              -84.51942157385571,
              39.107177817395836
            ],
            [
              -84.51941867766438,
              39.10716843747627
            ],
            [
              -84.51941578381756,
              39.10715892727632
            ],
            [
              -84.51941288690347,
              39.10714925407368
            ],
            [
              -84.51940998150695,
              39.10713938522919
            ],
            [
              -84.51940706218178,
              39.107129288115765
            ],
            [
              -84.51940411714575,
              39.10711890791009
            ],
            [
              -84.51940123505452,
              39.10710849395287
            ],
            [
              -84.51939842993048,
              39.107098057126386
            ],
            [
              -84.51939570129996,
              39.10708762440454
            ],
            [
              -84.51939304141439,
              39.107077196299585
            ],
            [
              -84.51939044256721,
              39.10706677329801
            ],
            [
              -84.51938789709494,
              39.10705635586318
            ],
            [
              -84.51938539737796,
              39.107045944437495
            ],
            [
              -84.51938293584098,
              39.10703553944429
            ],
            [
              -84.51938050495343,
              39.107025141289625
            ],
            [
              -84.51937809722958,
              39.10701475036372
            ],
            [
              -84.51937570522827,
              39.10700436704185
            ],
            [
              -84.51937332155296,
              39.10699399168543
            ],
            [
              -84.51937093885115,
              39.106983624642425
            ],
            [
              -84.51936854981398,
              39.106973266247685
            ],
            [
              -84.51936614717546,
              39.106962916822965
            ],
            [
              -84.51936372371182,
              39.106952576676576
            ],
            [
              -84.51936127224046,
              39.10694224610294
            ],
            [
              -84.51935878561908,
              39.10693192538193
            ],
            [
              -84.51935625674425,
              39.10692161477775
            ],
            [
              -84.51935367855025,
              39.10691131453786
            ],
            [
              -84.5193510440074,
              39.106901024891606
            ],
            [
              -84.51934834612041,
              39.10689074604854
            ],
            [
              -84.5193455779265,
              39.10688047819689
            ],
            [
              -84.51934273249316,
              39.10687022150171
            ],
            [
              -84.51933974744895,
              39.10685978212245
            ],
            [
              -84.51933676820977,
              39.10684922031785
            ],
            [
              -84.51933384420353,
              39.10683828760008
            ],
            [
              -84.5193310132865,
              39.106827212016626
            ],
            [
              -84.51932825667667,
              39.1068160175777
            ],
            [
              -84.5193255566301,
              39.106804729548415
            ],
            [
              -84.51932289623657,
              39.1067933742928
            ],
            [
              -84.51932025927687,
              39.10678197915303
            ],
            [
              -84.51931763012742,
              39.10677057235949
            ],
            [
              -84.51931499370299,
              39.10675918296781
            ],
            [
              -84.51931233543118,
              39.106747840819715
            ],
            [
              -84.51930964125596,
              39.10673657652553
            ],
            [
              -84.5193068976693,
              39.10672542146659
            ],
            [
              -84.51930409177274,
              39.10671440781669
            ],
            [
              -84.51930121137254,
              39.10670356858177
            ],
            [
              -84.51929824511474,
              39.10669293765715
            ],
            [
              -84.51929518266964,
              39.10668254990104
            ],
            [
              -84.51929201497843,
              39.10667244122244
            ],
            [
              -84.51928873457956,
              39.106662648678686
            ],
            [
              -84.51928533603747,
              39.10665321057416
            ],
            [
              -84.51928181650257,
              39.10664416654459
            ],
            [
              -84.51927817643745,
              39.106635557599155
            ],
            [
              -84.5192744205485,
              39.10662742607368
            ],
            [
              -84.51927055895975,
              39.10661981541679
            ],
            [
              -84.51926660864873,
              39.10661276968481
            ],
            [
              -84.51926259511347,
              39.10660633255344
            ],
            [
              -84.5192585541267,
              39.10660054556696
            ],
            [
              -84.51925441303527,
              39.106595292819684
            ],
            [
              -84.5192476920041,
              39.10658767155687
            ],
            [
              -84.51924074622416,
              39.10658053377146
            ],
            [
              -84.51923367145358,
              39.106573961148236
            ],
            [
              -84.51922644946114,
              39.10656791090324
            ],
            [
              -84.51921905425623,
              39.106562338721766
            ],
            [
              -84.51921145179107,
              39.106557200510395
            ],
            [
              -84.51920360055695,
              39.106552454331464
            ],
            [
              -84.51919545310201,
              39.10654806221788
            ],
            [
              -84.51918695829478,
              39.10654399156286
            ],
            [
              -84.51917806398465,
              39.10654021586151
            ],
            [
              -84.51916871963273,
              39.106536714727305
            ],
            [
              -84.51915887852486,
              39.10653347326169
            ],
            [
              -84.51914881526562,
              39.10653057205851
            ],
            [
              -84.51914081676686,
              39.10652865109776
            ],
            [
              -84.51913240469356,
              39.10652706887558
            ],
            [
              -84.51912325102253,
              39.10652575739133
            ],
            [
              -84.51911339898093,
              39.10652472685877
            ],
            [
              -84.51910289969149,
              39.10652397938018
            ],
            [
              -84.51909180785482,
              39.10652350955972
            ],
            [
              -84.51908017889757,
              39.106523305589725
            ],
            [
              -84.51906806723181,
              39.10652335043234
            ],
            [
              -84.51905552528282,
              39.10652362290768
            ],
            [
              -84.51904260301043,
              39.10652409861383
            ],
            [
              -84.51902934772667,
              39.106524750665166
            ],
            [
              -84.51901580407619,
              39.10652555026332
            ],
            [
              -84.51900201409306,
              39.106526467124496
            ],
            [
              -84.51898801728026,
              39.106527469787245
            ],
            [
              -84.5189738506786,
              39.10652852582073
            ],
            [
              -84.51895954890615,
              39.10652960194811
            ],
            [
              -84.51894514415683,
              39.10653066409377
            ],
            [
              -84.5189306661531,
              39.10653167735683
            ],
            [
              -84.51891645335095,
              39.106532586005585
            ],
            [
              -84.51890389434165,
              39.10653339957609
            ],
            [
              -84.51889148916663,
              39.106534313630334
            ],
            [
              -84.51887895386386,
              39.106535340980955
            ],
            [
              -84.51886629571497,
              39.106536475439555
            ],
            [
              -84.51885352188489,
              39.10653771070565
            ],
            [
              -84.51884063942052,
              39.106539040380085
            ],
            [
              -84.51882765525076,
              39.10654045797674
            ],
            [
              -84.51881457618752,
              39.106541956933015
            ],
            [
              -84.51880140892713,
              39.10654353061895
            ],
            [
              -84.51878816005252,
              39.10654517234511
            ],
            [
              -84.51877483603535,
              39.106546875369546
            ],
            [
              -84.51876144323815,
              39.106548632903646
            ],
            [
              -84.51874798791665,
              39.10655043811718
            ],
            [
              -84.5187344762217,
              39.10655228414252
            ],
            [
              -84.51872091420105,
              39.106554164078055
            ],
            [
              -84.51870730780092,
              39.10655607099104
            ],
            [
              -84.51869366286716,
              39.10655799791969
            ],
            [
              -84.51867998514601,
              39.10655993787474
            ],
            [
              -84.51866628028463,
              39.10656188384041
            ],
            [
              -84.5186525538311,
              39.1065638287748
            ],
            [
              -84.51863881123397,
              39.10656576560971
            ],
            [
              -84.5186250578416,
              39.10656768724989
            ],
            [
              -84.51861137047797,
              39.10656957669112
            ],
            [
              -84.51859799556985,
              39.10657142398752
            ],
            [
              -84.51858466636399,
              39.10657329252548
            ],
            [
              -84.51857131562764,
              39.106575190280836
            ],
            [
              -84.51855794379489,
              39.10657711588093
            ],
            [
              -84.51854455129757,
              39.10657906795093
            ],
            [
              -84.51853113856525,
              39.106581045113906
            ],
            [
              -84.51851770602512,
              39.1065830459909
            ],
            [
              -84.51850425410194,
              39.106585069200975
            ],
            [
              -84.51849078321814,
              39.10658711336127
            ],
            [
              -84.51847729379368,
              39.106589177087095
            ],
            [
              -84.51846378624603,
              39.106591258991955
            ],
            [
              -84.51845026099028,
              39.10659335768757
            ],
            [
              -84.51843671843902,
              39.10659547178399
            ],
            [
              -84.51842315900235,
              39.10659759988957
            ],
            [
              -84.51840958308787,
              39.10659974061107
            ],
            [
              -84.5183959911007,
              39.1066018925536
            ],
            [
              -84.5183823834435,
              39.10660405432077
            ],
            [
              -84.51836876051632,
              39.106606224514614
            ],
            [
              -84.51835512271693,
              39.10660840173566
            ],
            [
              -84.51834147044042,
              39.106610584582974
            ],
            [
              -84.5183278040795,
              39.106612771654106
            ],
            [
              -84.51831412402449,
              39.106614961545176
            ],
            [
              -84.51830043066305,
              39.10661715285086
            ],
            [
              -84.51828674534502,
              39.106619340812635
            ],
            [
              -84.51827372391261,
              39.106621428005646
            ],
            [
              -84.51826135354466,
              39.10662342414524
            ],
            [
              -84.51824952628596,
              39.10662534566738
            ],
            [
              -84.51823815361236,
              39.10662720589982
            ],
            [
              -84.51822714678636,
              39.106629018212075
            ],
            [
              -84.51821641695392,
              39.10663079600019
            ],
            [
              -84.51820587527503,
              39.10663255266452
            ],
            [
              -84.51819543307307,
              39.10663430158321
            ],
            [
              -84.51818500197973,
              39.10663605608525
            ],
            [
              -84.5181744940513,
              39.10663782942781
            ],
            [
              -84.51816382183566,
              39.10663963478222
            ],
            [
              -84.51815289838007,
              39.106641485230796
            ],
            [
              -84.51814163718251,
              39.10664339377434
            ],
            [
              -84.51812995210052,
              39.106645373348165
            ],
            [
              -84.51811775723694,
              39.1066474368426
            ],
            [
              -84.51810496682329,
              39.10664959712439
            ],
            [
              -84.518091495116,
              39.1066518670557
            ],
            [
              -84.51807725631522,
              39.10665425950898
            ],
            [
              -84.51806216450949,
              39.10665678737691
            ],
            [
              -84.51804613364395,
              39.1066594635781
            ],
            [
              -84.51802907750854,
              39.10666230105891
            ],
            [
              -84.51801090974045,
              39.10666531279287
            ],
            [
              -84.51799154383554,
              39.10666851177836
            ],
            [
              -84.51797089316497,
              39.10667191103548
            ],
            [
              -84.51794886938694,
              39.10667552386619
            ],
            [
              -84.5178974920949,
              39.106683921159
            ],
            [
              -84.5178359375283,
              39.10669395253893
            ],
            [
              -84.51776455641557,
              39.106705561629276
            ],
            [
              -84.5176836978126,
              39.10671869231997
            ],
            [
              -84.51759371201571,
              39.10673328829614
            ],
            [
              -84.51749494993548,
              39.10674929314184
            ],
            [
              -84.51738776281564,
              39.10676665038644
            ],
            [
              -84.51727250209356,
              39.106785303527595
            ],
            [
              -84.51714951932564,
              39.106805196043474
            ],
            [
              -84.5170191661446,
              39.106826271399804
            ],
            [
              -84.51688179423414,
              39.10684847305398
            ],
            [
              -84.51673775531287,
              39.10687174445771
            ],
            [
              -84.51658740112413,
              39.1068960290587
            ],
            [
              -84.5164310834291,
              39.10692127030172
            ],
            [
              -84.51626915400206,
              39.10694741162943
            ],
            [
              -84.5161019646272,
              39.10697439648287
            ],
            [
              -84.5159298670962,
              39.10700216830186
            ],
            [
              -84.51575321320657,
              39.1070306705253
            ],
            [
              -84.51557235476037,
              39.10705984659133
            ],
            [
              -84.51538764356317,
              39.10708963993751
            ],
            [
              -84.51519943142358,
              39.10711999400094
            ],
            [
              -84.51500807015245,
              39.10715085221834
            ],
            [
              -84.5148139115625,
              39.107182158026106
            ],
            [
              -84.51461730746806,
              39.10721385486041
            ],
            [
              -84.51441860968474,
              39.1072458861572
            ],
            [
              -84.51421817002921,
              39.107278195352244
            ],
            [
              -84.51401634031909,
              39.10731072588118
            ],
            [
              -84.51381347237268,
              39.107343421179486
            ],
            [
              -84.51360991800901,
              39.107376224682596
            ],
            [
              -84.51340602904762,
              39.10740907982581
            ],
            [
              -84.51320215730854,
              39.10744193004436
            ],
            [
              -84.51299865461216,
              39.10747471877341
            ],
            [
              -84.51279587277932,
              39.107507389448074
            ],
            [
              -84.51259416363105,
              39.107539885503414
            ],
            [
              -84.51239387898873,
              39.10757215037446
            ],
            [
              -84.51219537067395,
              39.10760412749618
            ],
            [
              -84.5119989905085,
              39.10763576030352
            ],
            [
              -84.51180509031435,
              39.10766699223142
            ],
            [
              -84.51161402191363,
              39.10769776671475
            ],
            [
              -84.51142613712864,
              39.10772802718839
            ],
            [
              -84.51124178778174,
              39.10775771708719
            ],
            [
              -84.51106132569547,
              39.10778677984597
            ],
            [
              -84.51088510269246,
              39.10781515889956
            ],
            [
              -84.51071347059538,
              39.107842797682764
            ],
            [
              -84.51054678122702,
              39.107869639630366
            ],
            [
              -84.51038538641025,
              39.107895628177126
            ],
            [
              -84.510229637968,
              39.10792070675782
            ],
            [
              -84.51007988772324,
              39.10794481880721
            ],
            [
              -84.509936487499,
              39.10796790776004
            ],
            [
              -84.50979978911838,
              39.10798991705104
            ],
            [
              -84.50967014440454,
              39.10801079011497
            ],
            [
              -84.50954790518058,
              39.10803047038652
            ],
            [
              -84.50943342326978,
              39.10804890130042
            ],
            [
              -84.50932705049533,
              39.1080660262914
            ],
            [
              -84.50922913868054,
              39.10808178879415
            ],
            [
              -84.50914003964873,
              39.108096132243375
            ],
            [
              -84.50906010522321,
              39.10810900007378
            ],
            [
              -84.50898968722737,
              39.108120335720066
            ],
            [
              -84.50892913748467,
              39.10813008261689
            ],
            [
              -84.50887880781852,
              39.10813818419896
            ],
            [
              -84.50883905005263,
              39.108144583900895
            ],
            [
              -84.50881021601144,
              39.10814922515723
            ],
            [
              -84.50879265752542,
              39.108152051401504
            ],
            [
              -84.50878672649141,
              39.1081530060566
            ],
            [
              -84.50879456243867,
              39.10818255743307
            ],
            [
              -84.50880049352936,
              39.10818160276885
            ],
            [
              -84.50881805213612,
              39.10817877650514
            ],
            [
              -84.50884688630843,
              39.1081741352277
            ],
            [
              -84.50888664421048,
              39.10816773550385
            ],
            [
              -84.50893697401762,
              39.108159633899085
            ],
            [
              -84.50899752390599,
              39.10814988697881
            ],
            [
              -84.50906794205248,
              39.10813855130828
            ],
            [
              -84.50914787663366,
              39.10812568345281
            ],
            [
              -84.50923697582641,
              39.108111339977675
            ],
            [
              -84.50933488780782,
              39.1080955774481
            ],
            [
              -84.50944126075468,
              39.10807845242937
            ],
            [
              -84.5095557428441,
              39.10806002148671
            ],
            [
              -84.50967798225317,
              39.10804034118536
            ],
            [
              -84.50980762715893,
              39.10801946809054
            ],
            [
              -84.50994432573877,
              39.10799745876746
            ],
            [
              -84.51008772616984,
              39.107974369781324
            ],
            [
              -84.51023747662956,
              39.10795025769732
            ],
            [
              -84.51039322529535,
              39.10792517908063
            ],
            [
              -84.51055462034478,
              39.107899190496404
            ],
            [
              -84.51072130995549,
              39.10787234850978
            ],
            [
              -84.51089294230519,
              39.1078447096859
            ],
            [
              -84.51106916557181,
              39.107816330589856
            ],
            [
              -84.51124962793338,
              39.10778726778673
            ],
            [
              -84.51143397756807,
              39.10775757784158
            ],
            [
              -84.51162186265422,
              39.107727317319444
            ],
            [
              -84.51181293137041,
              39.107696542785305
            ],
            [
              -84.5120068318954,
              39.107665310804116
            ],
            [
              -84.51220321240818,
              39.107633677940825
            ],
            [
              -84.51240172108808,
              39.10760170076029
            ],
            [
              -84.51260200611469,
              39.10756943582734
            ],
            [
              -84.51280371566797,
              39.10753693970675
            ],
            [
              -84.5130064979283,
              39.10750426896321
            ],
            [
              -84.5132100010765,
              39.10747148016136
            ],
            [
              -84.51341387329396,
              39.107438629865726
            ],
            [
              -84.51361776276264,
              39.107405774640775
            ],
            [
              -84.5138213176652,
              39.107372971050815
            ],
            [
              -84.51402418618521,
              39.10734027566006
            ],
            [
              -84.51422601650708,
              39.10730774503253
            ],
            [
              -84.51442645681642,
              39.1072754357321
            ],
            [
              -84.51462515530015,
              39.1072434043224
            ],
            [
              -84.51482176014672,
              39.10721170736684
            ],
            [
              -84.51501591954649,
              39.107180401428494
            ],
            [
              -84.51520728169206,
              39.107149543070086
            ],
            [
              -84.51539549477873,
              39.107119188853915
            ],
            [
              -84.5155802070051,
              39.10708939534173
            ],
            [
              -84.51576106657377,
              39.10706021909462
            ],
            [
              -84.51593772169242,
              39.10703171667289
            ],
            [
              -84.51610982057494,
              39.10700394463579
            ],
            [
              -84.51627701144311,
              39.106976959541335
            ],
            [
              -84.51643894252881,
              39.10695081794585
            ],
            [
              -84.51659526207698,
              39.106925576403604
            ],
            [
              -84.51674561834965,
              39.10690129146603
            ],
            [
              -84.51688965963172,
              39.10687801968088
            ],
            [
              -84.51702703423899,
              39.10685581759085
            ],
            [
              -84.5171573905302,
              39.10683474173167
            ],
            [
              -84.51728037692479,
              39.10681484862918
            ],
            [
              -84.51739564193058,
              39.106796194794775
            ],
            [
              -84.51750283418801,
              39.10677883671822
            ],
            [
              -84.51760160254412,
              39.10676283085549
            ],
            [
              -84.51769159618219,
              39.106748233607455
            ],
            [
              -84.51777246486397,
              39.10673510128005
            ],
            [
              -84.51784385941764,
              39.10672349000373
            ],
            [
              -84.5179054328252,
              39.10671345555334
            ],
            [
              -84.51795683516455,
              39.1067050541667
            ],
            [
              -84.51797888605032,
              39.10670143688918
            ],
            [
              -84.51799956335698,
              39.10669803324756
            ],
            [
              -84.51801895639063,
              39.10669482978077
            ],
            [
              -84.51803715148313,
              39.10669181351715
            ],
            [
              -84.51805423474985,
              39.106688971522736
            ],
            [
              -84.5180702920608,
              39.10668629090674
            ],
            [
              -84.51808540902077,
              39.10668375882548
            ],
            [
              -84.51809967096503,
              39.10668136248356
            ],
            [
              -84.51811316297994,
              39.10667908913049
            ],
            [
              -84.51812596995805,
              39.10667692605099
            ],
            [
              -84.51813817669418,
              39.1066748605476
            ],
            [
              -84.51814986802641,
              39.106672879914925
            ],
            [
              -84.5181611290162,
              39.10667097140659
            ],
            [
              -84.51817204515106,
              39.106669122198156
            ],
            [
              -84.51818270254256,
              39.10666731935145
            ],
            [
              -84.51819318808508,
              39.1066655497868
            ],
            [
              -84.51820358953987,
              39.10666380026994
            ],
            [
              -84.51821399552179,
              39.10666205741758
            ],
            [
              -84.51822449538294,
              39.106660307721754
            ],
            [
              -84.51823517901069,
              39.106658537589134
            ],
            [
              -84.51824613657608,
              39.10665673338781
            ],
            [
              -84.51825745827455,
              39.10665488149339
            ],
            [
              -84.51826923409918,
              39.10665296832751
            ],
            [
              -84.51828155367265,
              39.10665098038435
            ],
            [
              -84.51829454035499,
              39.10664889876139
            ],
            [
              -84.51830821954813,
              39.10664671177884
            ],
            [
              -84.51832191764127,
              39.106644519715964
            ],
            [
              -84.51833559784376,
              39.10664232980129
            ],
            [
              -84.51834925976064,
              39.106640143441346
            ],
            [
              -84.51836290299252,
              39.10663796204017
            ],
            [
              -84.51837652713584,
              39.10663578699926
            ],
            [
              -84.51839013178274,
              39.10663361971754
            ],
            [
              -84.51840371652096,
              39.10663146159138
            ],
            [
              -84.51841728093406,
              39.10662931401449
            ],
            [
              -84.51843082460117,
              39.106627178377934
            ],
            [
              -84.51844434709714,
              39.106625056070065
            ],
            [
              -84.51845784799252,
              39.10662294847645
            ],
            [
              -84.5184713268535,
              39.106620856979845
            ],
            [
              -84.51848478324195,
              39.106618782960105
            ],
            [
              -84.51849821671541,
              39.10661672779413
            ],
            [
              -84.51851162682733,
              39.10661469285576
            ],
            [
              -84.51852501312672,
              39.106612679515706
            ],
            [
              -84.51853837515839,
              39.10661068914147
            ],
            [
              -84.51855171246306,
              39.10660872309724
            ],
            [
              -84.51856502457731,
              39.106606782743754
            ],
            [
              -84.51857831103351,
              39.10660486943824
            ],
            [
              -84.51859157136015,
              39.10660298453428
            ],
            [
              -84.51860480508172,
              39.10660112938166
            ],
            [
              -84.51861812921028,
              39.10659928909876
            ],
            [
              -84.51863185463547,
              39.10659739440341
            ],
            [
              -84.51864567662746,
              39.10659546317841
            ],
            [
              -84.51865946591522,
              39.10659351976308
            ],
            [
              -84.51867321732823,
              39.10659157129213
            ],
            [
              -84.51868692552195,
              39.106589624853285
            ],
            [
              -84.51870058497911,
              39.10658768748867
            ],
            [
              -84.51871419001041,
              39.106585766195025
            ],
            [
              -84.51872773475446,
              39.106583867923035
            ],
            [
              -84.51874121317698,
              39.106581999575674
            ],
            [
              -84.5187546190694,
              39.10658016800553
            ],
            [
              -84.51876794604681,
              39.106578380011086
            ],
            [
              -84.51878118754541,
              39.106576642331866
            ],
            [
              -84.51879433681924,
              39.10657496164246
            ],
            [
              -84.51880738693687,
              39.10657334454514
            ],
            [
              -84.51882033077742,
              39.10657179756125
            ],
            [
              -84.51883316102682,
              39.106570327120856
            ],
            [
              -84.51884587017413,
              39.10656893955083
            ],
            [
              -84.51885845050772,
              39.10656764106109
            ],
            [
              -84.5188708941128,
              39.106566437728695
            ],
            [
              -84.51888319286972,
              39.10656533547981
            ],
            [
              -84.51889533845393,
              39.10656434006919
            ],
            [
              -84.51890732233821,
              39.106563457057035
            ],
            [
              -84.51891964167119,
              39.106562659012724
            ],
            [
              -84.51893398249345,
              39.10656174217942
            ],
            [
              -84.51894870132264,
              39.106560712061864
            ],
            [
              -84.51896323505858,
              39.10655964040527
            ],
            [
              -84.51897755664392,
              39.10655856278708
            ],
            [
              -84.51899163473023,
              39.10655751335187
            ],
            [
              -84.51900543376011,
              39.106556524857325
            ],
            [
              -84.51901891396962,
              39.10655562859221
            ],
            [
              -84.51903203131988,
              39.106554854162226
            ],
            [
              -84.51904473737734,
              39.10655422912832
            ],
            [
              -84.51905697917582,
              39.10655377847238
            ],
            [
              -84.51906869911784,
              39.10655352385524
            ],
            [
              -84.51907983500864,
              39.106553482625365
            ],
            [
              -84.51909032037284,
              39.106553666536925
            ],
            [
              -84.51910008528537,
              39.106554080152435
            ],
            [
              -84.51910905805968,
              39.106554718953454
            ],
            [
              -84.51911716826977,
              39.106555567288844
            ],
            [
              -84.51912435170182,
              39.106556596488815
            ],
            [
              -84.5191305578507,
              39.106557763799906
            ],
            [
              -84.51913638079994,
              39.10655916226945
            ],
            [
              -84.51914461002113,
              39.10656153472574
            ],
            [
              -84.51915277689477,
              39.10656422473183
            ],
            [
              -84.51916039464618,
              39.10656707894474
            ],
            [
              -84.51916753439463,
              39.10657010982151
            ],
            [
              -84.5191742739002,
              39.106573339347676
            ],
            [
              -84.51918069372134,
              39.106576800131904
            ],
            [
              -84.519186872647,
              39.1065805353774
            ],
            [
              -84.51919288307737,
              39.10658459759419
            ],
            [
              -84.51919878709373,
              39.10658904618634
            ],
            [
              -84.51920463382321,
              39.106593944300826
            ],
            [
              -84.5192104584036,
              39.106599355468866
            ],
            [
              -84.51921628250037,
              39.106605340563874
            ],
            [
              -84.51922192986333,
              39.10661174434869
            ],
            [
              -84.51922501922976,
              39.10661566304053
            ],
            [
              -84.51922814741508,
              39.10662014282903
            ],
            [
              -84.5192314295983,
              39.10662540697728
            ],
            [
              -84.51923479270259,
              39.10663140537367
            ],
            [
              -84.51923818149066,
              39.106638084205876
            ],
            [
              -84.51924155551912,
              39.10664538900074
            ],
            [
              -84.51924488624398,
              39.106653266340224
            ],
            [
              -84.51924815452779,
              39.10666166473836
            ],
            [
              -84.51925134860139,
              39.106670535012654
            ],
            [
              -84.51925446244647,
              39.106679830365245
            ],
            [
              -84.51925749453461,
              39.10668950630983
            ],
            [
              -84.51926044685511,
              39.10669952052537
            ],
            [
              -84.51926332417045,
              39.10670983268453
            ],
            [
              -84.5192661334498,
              39.10672040428454
            ],
            [
              -84.51926888344063,
              39.10673119849441
            ],
            [
              -84.51927158434857,
              39.10674218002731
            ],
            [
              -84.51927424760277,
              39.106753315041296
            ],
            [
              -84.51927688569076,
              39.10676457107033
            ],
            [
              -84.51927951205158,
              39.10677591698701
            ],
            [
              -84.51928214102077,
              39.10678732299848
            ],
            [
              -84.51928478782433,
              39.106798760676725
            ],
            [
              -84.51928746862293,
              39.10681020302657
            ],
            [
              -84.51929020061148,
              39.10682162459499
            ],
            [
              -84.51929300218461,
              39.10683300162735
            ],
            [
              -84.51929589318449,
              39.10684431227693
            ],
            [
              -84.51929889525573,
              39.10685553687594
            ],
            [
              -84.51930193170386,
              39.10686630149398
            ],
            [
              -84.51930490216942,
              39.10687668988837
            ],
            [
              -84.51930769784157,
              39.10688676721359
            ],
            [
              -84.5193104216267,
              39.106896870343114
            ],
            [
              -84.51931308017453,
              39.10690699930553
            ],
            [
              -84.51931568018739,
              39.10691715408917
            ],
            [
              -84.51931822842404,
              39.10692733464534
            ],
            [
              -84.51932073170295,
              39.10693754089102
            ],
            [
              -84.51932319690513,
              39.10694777271169
            ],
            [
              -84.5193256309771,
              39.10695802996378
            ],
            [
              -84.5193280409329,
              39.10696831247651
            ],
            [
              -84.51933043385647,
              39.10697862005382
            ],
            [
              -84.51933281690329,
              39.1069889524756
            ],
            [
              -84.5193351973021,
              39.10699930949831
            ],
            [
              -84.51933758235609,
              39.10700969085575
            ],
            [
              -84.51933997944425,
              39.10702009625888
            ],
            [
              -84.51934239602205,
              39.10703052539538
            ],
            [
              -84.51934483962229,
              39.107040977928804
            ],
            [
              -84.51934731785533,
              39.10705145349679
            ],
            [
              -84.51934983840933,
              39.10706195170946
            ],
            [
              -84.51935240905001,
              39.10707247214696
            ],
            [
              -84.51935503762019,
              39.1070830143563
            ],
            [
              -84.51935773203874,
              39.10709357784814
            ],
            [
              -84.5193605002994,
              39.10710416209293
            ],
            [
              -84.51936335046877,
              39.107114766516446
            ],
            [
              -84.51936627798243,
              39.10712534460001
            ],
            [
              -84.51936926144046,
              39.107135860229555
            ],
            [
              -84.51937221448047,
              39.10714607395302
            ],
            [
              -84.51937515305606,
              39.10715605549783
            ],
            [
              -84.51937808211987,
              39.10716583605291
            ],
            [
              -84.51938100657061,
              39.10717544682813
            ],
            [
              -84.51938393130112,
              39.10718491917779
            ],
            [
              -84.51938686125254,
              39.10719428472745
            ],
            [
              -84.5193898014705,
              39.107203575494374
            ],
            [
              -84.51939275715817,
              39.10721282399232
            ],
            [
              -84.51939573372138,
              39.107222063311774
            ],
            [
              -84.51939873680118,
              39.10723132716966
            ],
            [
              -84.51940177229159,
              39.10724064992526
            ],
            [
              -84.51940484634046,
              39.10725006656166
            ],
            [
              -84.51940796533484,
              39.10725961263664
            ],
            [
              -84.51941113587301,
              39.107269324208794
            ],
            [
              -84.51941436472683,
              39.10727923774599
            ],
            [
              -84.51941765879837,
              39.10728939002472
            ],
            [
              -84.51942102507516,
              39.107299818027535
            ],
            [
              -84.51942447058732,
              39.1073105588457
            ],
            [
              -84.51942800236955,
              39.107321649592095
            ],
            [
              -84.51943162742947,
              39.10733312732706
            ],
            [
              -84.51943535272311,
              39.10734502899946
            ],
            [
              -84.51943918513773,
              39.10735739140293
            ],
            [
              -84.51944313991896,
              39.10737027864198
            ],
            [
              -84.51944608031621,
              39.10737992777378
            ],
            [
              -84.51944922145249,
              39.10739026907816
            ],
            [
              -84.51945254759433,
              39.10740124991092
            ],
            [
              -84.5194560507455,
              39.10741284299518
            ],
            [
              -84.51945972301063,
              39.107425021370766
            ],
            [
              -84.5194635565654,
              39.10743775830235
            ],
            [
              -84.519467543637,
              39.10745102721791
            ],
            [
              -84.51947167649048,
              39.107464801666104
            ],
            [
              -84.51947594741927,
              39.10747905528654
            ],
            [
              -84.5194803487385,
              39.10749376178843
            ],
            [
              -84.51948487278001,
              39.10750889493483
            ],
            [
              -84.51948951188876,
              39.10752442853119
            ],
            [
              -84.5194942584201,
              39.10754033641658
            ],
            [
              -84.51949910473766,
              39.10755659245699
            ],
            [
              -84.51950404321184,
              39.10757317054022
            ],
            [
              -84.5195090662184,
              39.1075900445719
            ],
            [
              -84.5195141661377,
              39.10760718847238
            ],
            [
              -84.51951933535375,
              39.107624576174125
            ],
            [
              -84.51952456625372,
              39.10764218161977
            ],
            [
              -84.51952985122732,
              39.10765997876048
            ],
            [
              -84.51953518266649,
              39.1076779415546
            ],
            [
              -84.519540552965,
              39.107696043966634
            ],
            [
              -84.51954595451828,
              39.10771425996639
            ],
            [
              -84.51955137972304,
              39.10773256352801
            ],
            [
              -84.51955682097721,
              39.10775092862964
            ],
            [
              -84.51956227067974,
              39.10776932925272
            ],
            [
              -84.51956772123042,
              39.10778773938161
            ],
            [
              -84.51957316502985,
              39.10780613300325
            ],
            [
              -84.51957859447928,
              39.107824484106736
            ],
            [
              -84.51958400198056,
              39.10784276668322
            ],
            [
              -84.51958937993606,
              39.10786095472551
            ],
            [
              -84.51959472074863,
              39.107879022227976
            ],
            [
              -84.51960001682147,
              39.10789694318631
            ],
            [
              -84.51960526055821,
              39.10791469159743
            ],
            [
              -84.51961044436274,
              39.10793224145931
            ],
            [
              -84.5196155606393,
              39.10794956677094
            ],
            [
              -84.51962060179234,
              39.10796664153216
            ],
            [
              -84.51962556022659,
              39.107983439743506
            ],
            [
              -84.51963042834691,
              39.107999935406255
            ],
            [
              -84.51963519855846,
              39.108016102522406
            ],
            [
              -84.51963986326649,
              39.1080319150944
            ],
            [
              -84.51964441487641,
              39.10804734712525
            ],
            [
              -84.51964884579381,
              39.108062372618406
            ],
            [
              -84.51965314842437,
              39.10807696557783
            ],
            [
              -84.51965731517389,
              39.10809110000772
            ],
            [
              -84.5196613384483,
              39.10810474991282
            ],
            [
              -84.51966521065363,
              39.10811788929806
            ],
            [
              -84.51966892419595,
              39.10813049216868
            ],
            [
              -84.51967247148146,
              39.10814253253027
            ],
            [
              -84.51967584491643,
              39.10815398438863
            ],
            [
              -84.51967903690718,
              39.108164821749725
            ],
            [
              -84.51968203986009,
              39.10817501861987
            ],
            [
              -84.51968484618165,
              39.10818454900552
            ],
            [
              -84.5196874482783,
              39.108193386913186
            ],
            [
              -84.51968983855669,
              39.10820150634988
            ],
            [
              -84.51969200942342,
              39.10820888132254
            ],
            [
              -84.51969395328513,
              39.10821548583828
            ],
            [
              -84.51969566254861,
              39.108221293904684
            ],
            [
              -84.51969712962068,
              39.108226279529376
            ],
            [
              -84.51969834690833,
              39.108230416720716
            ],
            [
              -84.51969930681898,
              39.10823367948832
            ],
            [
              -84.5197000017616,
              39.10823604184728
            ],
            [
              -84.51970042415992,
              39.108237477862644
            ],
            [
              -84.519700566594,
              39.10823796213118
            ],
            [
              -84.51973831848386,
              39.10823122199519
            ]
          ]
        ]
      }
    },
    {
      "type": "Feature",
      "id": "st-df65d7c9:7",
      "properties": {
        "featureClass": "band",
        "streetId": "st-df65d7c9",
        "componentId": "cmp-d4362355",
        "componentIndex": 7,
        "componentType": "travelLane",
        "direction": "forward",
        "widthMeters": 3.35,
        "color": "#4A5157",
        "geostripe": "band",
        "streetName": "Street 5"
      },
      "geometry": {
        "type": "Polygon",
        "coordinates": [
          [
            [
              -84.519700566594,
              39.10823796213118
            ],
            [
              -84.51970042415992,
              39.108237477862644
            ],
            [
              -84.5197000017616,
              39.10823604184728
            ],
            [
              -84.51969930681898,
              39.10823367948832
            ],
            [
              -84.51969834690833,
              39.108230416720716
            ],
            [
              -84.51969712962068,
              39.108226279529376
            ],
            [
              -84.51969566254861,
              39.108221293904684
            ],
            [
              -84.51969395328513,
              39.10821548583828
            ],
            [
              -84.51969200942342,
              39.10820888132254
            ],
            [
              -84.51968983855669,
              39.10820150634988
            ],
            [
              -84.5196874482783,
              39.108193386913186
            ],
            [
              -84.51968484618165,
              39.10818454900552
            ],
            [
              -84.51968203986009,
              39.10817501861987
            ],
            [
              -84.51967903690718,
              39.108164821749725
            ],
            [
              -84.51967584491643,
              39.10815398438863
            ],
            [
              -84.51967247148146,
              39.10814253253027
            ],
            [
              -84.51966892419595,
              39.10813049216868
            ],
            [
              -84.51966521065363,
              39.10811788929806
            ],
            [
              -84.5196613384483,
              39.10810474991282
            ],
            [
              -84.51965731517389,
              39.10809110000772
            ],
            [
              -84.51965314842437,
              39.10807696557783
            ],
            [
              -84.51964884579381,
              39.108062372618406
            ],
            [
              -84.51964441487641,
              39.10804734712525
            ],
            [
              -84.51963986326649,
              39.1080319150944
            ],
            [
              -84.51963519855846,
              39.108016102522406
            ],
            [
              -84.51963042834691,
              39.107999935406255
            ],
            [
              -84.51962556022659,
              39.107983439743506
            ],
            [
              -84.51962060179234,
              39.10796664153216
            ],
            [
              -84.5196155606393,
              39.10794956677094
            ],
            [
              -84.51961044436274,
              39.10793224145931
            ],
            [
              -84.51960526055821,
              39.10791469159743
            ],
            [
              -84.51960001682147,
              39.10789694318631
            ],
            [
              -84.51959472074863,
              39.107879022227976
            ],
            [
              -84.51958937993606,
              39.10786095472551
            ],
            [
              -84.51958400198056,
              39.10784276668322
            ],
            [
              -84.51957859447928,
              39.107824484106736
            ],
            [
              -84.51957316502985,
              39.10780613300325
            ],
            [
              -84.51956772123042,
              39.10778773938161
            ],
            [
              -84.51956227067974,
              39.10776932925272
            ],
            [
              -84.51955682097721,
              39.10775092862964
            ],
            [
              -84.51955137972304,
              39.10773256352801
            ],
            [
              -84.51954595451828,
              39.10771425996639
            ],
            [
              -84.519540552965,
              39.107696043966634
            ],
            [
              -84.51953518266649,
              39.1076779415546
            ],
            [
              -84.51952985122732,
              39.10765997876048
            ],
            [
              -84.51952456625372,
              39.10764218161977
            ],
            [
              -84.51951933535375,
              39.107624576174125
            ],
            [
              -84.5195141661377,
              39.10760718847238
            ],
            [
              -84.5195090662184,
              39.1075900445719
            ],
            [
              -84.51950404321184,
              39.10757317054022
            ],
            [
              -84.51949910473766,
              39.10755659245699
            ],
            [
              -84.5194942584201,
              39.10754033641658
            ],
            [
              -84.51948951188876,
              39.10752442853119
            ],
            [
              -84.51948487278001,
              39.10750889493483
            ],
            [
              -84.5194803487385,
              39.10749376178843
            ],
            [
              -84.51947594741927,
              39.10747905528654
            ],
            [
              -84.51947167649048,
              39.107464801666104
            ],
            [
              -84.519467543637,
              39.10745102721791
            ],
            [
              -84.5194635565654,
              39.10743775830235
            ],
            [
              -84.51945972301063,
              39.107425021370766
            ],
            [
              -84.5194560507455,
              39.10741284299518
            ],
            [
              -84.51945254759433,
              39.10740124991092
            ],
            [
              -84.51944922145249,
              39.10739026907816
            ],
            [
              -84.51944608031621,
              39.10737992777378
            ],
            [
              -84.51944313991896,
              39.10737027864198
            ],
            [
              -84.51943918513773,
              39.10735739140293
            ],
            [
              -84.51943535272311,
              39.10734502899946
            ],
            [
              -84.51943162742947,
              39.10733312732706
            ],
            [
              -84.51942800236955,
              39.107321649592095
            ],
            [
              -84.51942447058732,
              39.1073105588457
            ],
            [
              -84.51942102507516,
              39.107299818027535
            ],
            [
              -84.51941765879837,
              39.10728939002472
            ],
            [
              -84.51941436472683,
              39.10727923774599
            ],
            [
              -84.51941113587301,
              39.107269324208794
            ],
            [
              -84.51940796533484,
              39.10725961263664
            ],
            [
              -84.51940484634046,
              39.10725006656166
            ],
            [
              -84.51940177229159,
              39.10724064992526
            ],
            [
              -84.51939873680118,
              39.10723132716966
            ],
            [
              -84.51939573372138,
              39.107222063311774
            ],
            [
              -84.51939275715817,
              39.10721282399232
            ],
            [
              -84.5193898014705,
              39.107203575494374
            ],
            [
              -84.51938686125254,
              39.10719428472745
            ],
            [
              -84.51938393130112,
              39.10718491917779
            ],
            [
              -84.51938100657061,
              39.10717544682813
            ],
            [
              -84.51937808211987,
              39.10716583605291
            ],
            [
              -84.51937515305606,
              39.10715605549783
            ],
            [
              -84.51937221448047,
              39.10714607395302
            ],
            [
              -84.51936926144046,
              39.107135860229555
            ],
            [
              -84.51936627798243,
              39.10712534460001
            ],
            [
              -84.51936335046877,
              39.107114766516446
            ],
            [
              -84.5193605002994,
              39.10710416209293
            ],
            [
              -84.51935773203874,
              39.10709357784814
            ],
            [
              -84.51935503762019,
              39.1070830143563
            ],
            [
              -84.51935240905001,
              39.10707247214696
            ],
            [
              -84.51934983840933,
              39.10706195170946
            ],
            [
              -84.51934731785533,
              39.10705145349679
            ],
            [
              -84.51934483962229,
              39.107040977928804
            ],
            [
              -84.51934239602205,
              39.10703052539538
            ],
            [
              -84.51933997944425,
              39.10702009625888
            ],
            [
              -84.51933758235609,
              39.10700969085575
            ],
            [
              -84.5193351973021,
              39.10699930949831
            ],
            [
              -84.51933281690329,
              39.1069889524756
            ],
            [
              -84.51933043385647,
              39.10697862005382
            ],
            [
              -84.5193280409329,
              39.10696831247651
            ],
            [
              -84.5193256309771,
              39.10695802996378
            ],
            [
              -84.51932319690513,
              39.10694777271169
            ],
            [
              -84.51932073170295,
              39.10693754089102
            ],
            [
              -84.51931822842404,
              39.10692733464534
            ],
            [
              -84.51931568018739,
              39.10691715408917
            ],
            [
              -84.51931308017453,
              39.10690699930553
            ],
            [
              -84.5193104216267,
              39.106896870343114
            ],
            [
              -84.51930769784157,
              39.10688676721359
            ],
            [
              -84.51930490216942,
              39.10687668988837
            ],
            [
              -84.51930193170386,
              39.10686630149398
            ],
            [
              -84.51929889525573,
              39.10685553687594
            ],
            [
              -84.51929589318449,
              39.10684431227693
            ],
            [
              -84.51929300218461,
              39.10683300162735
            ],
            [
              -84.51929020061148,
              39.10682162459499
            ],
            [
              -84.51928746862293,
              39.10681020302657
            ],
            [
              -84.51928478782433,
              39.106798760676725
            ],
            [
              -84.51928214102077,
              39.10678732299848
            ],
            [
              -84.51927951205158,
              39.10677591698701
            ],
            [
              -84.51927688569076,
              39.10676457107033
            ],
            [
              -84.51927424760277,
              39.106753315041296
            ],
            [
              -84.51927158434857,
              39.10674218002731
            ],
            [
              -84.51926888344063,
              39.10673119849441
            ],
            [
              -84.5192661334498,
              39.10672040428454
            ],
            [
              -84.51926332417045,
              39.10670983268453
            ],
            [
              -84.51926044685511,
              39.10669952052537
            ],
            [
              -84.51925749453461,
              39.10668950630983
            ],
            [
              -84.51925446244647,
              39.106679830365245
            ],
            [
              -84.51925134860139,
              39.106670535012654
            ],
            [
              -84.51924815452779,
              39.10666166473836
            ],
            [
              -84.51924488624398,
              39.106653266340224
            ],
            [
              -84.51924155551912,
              39.10664538900074
            ],
            [
              -84.51923818149066,
              39.106638084205876
            ],
            [
              -84.51923479270259,
              39.10663140537367
            ],
            [
              -84.5192314295983,
              39.10662540697728
            ],
            [
              -84.51922814741508,
              39.10662014282903
            ],
            [
              -84.51922501922976,
              39.10661566304053
            ],
            [
              -84.51922192986333,
              39.10661174434869
            ],
            [
              -84.51921628250037,
              39.106605340563874
            ],
            [
              -84.5192104584036,
              39.106599355468866
            ],
            [
              -84.51920463382321,
              39.106593944300826
            ],
            [
              -84.51919878709373,
              39.10658904618634
            ],
            [
              -84.51919288307737,
              39.10658459759419
            ],
            [
              -84.519186872647,
              39.1065805353774
            ],
            [
              -84.51918069372134,
              39.106576800131904
            ],
            [
              -84.5191742739002,
              39.106573339347676
            ],
            [
              -84.51916753439463,
              39.10657010982151
            ],
            [
              -84.51916039464618,
              39.10656707894474
            ],
            [
              -84.51915277689477,
              39.10656422473183
            ],
            [
              -84.51914461002113,
              39.10656153472574
            ],
            [
              -84.51913638079994,
              39.10655916226945
            ],
            [
              -84.5191305578507,
              39.106557763799906
            ],
            [
              -84.51912435170182,
              39.106556596488815
            ],
            [
              -84.51911716826977,
              39.106555567288844
            ],
            [
              -84.51910905805968,
              39.106554718953454
            ],
            [
              -84.51910008528537,
              39.106554080152435
            ],
            [
              -84.51909032037284,
              39.106553666536925
            ],
            [
              -84.51907983500864,
              39.106553482625365
            ],
            [
              -84.51906869911784,
              39.10655352385524
            ],
            [
              -84.51905697917582,
              39.10655377847238
            ],
            [
              -84.51904473737734,
              39.10655422912832
            ],
            [
              -84.51903203131988,
              39.106554854162226
            ],
            [
              -84.51901891396962,
              39.10655562859221
            ],
            [
              -84.51900543376011,
              39.106556524857325
            ],
            [
              -84.51899163473023,
              39.10655751335187
            ],
            [
              -84.51897755664392,
              39.10655856278708
            ],
            [
              -84.51896323505858,
              39.10655964040527
            ],
            [
              -84.51894870132264,
              39.106560712061864
            ],
            [
              -84.51893398249345,
              39.10656174217942
            ],
            [
              -84.51891964167119,
              39.106562659012724
            ],
            [
              -84.51890732233821,
              39.106563457057035
            ],
            [
              -84.51889533845393,
              39.10656434006919
            ],
            [
              -84.51888319286972,
              39.10656533547981
            ],
            [
              -84.5188708941128,
              39.106566437728695
            ],
            [
              -84.51885845050772,
              39.10656764106109
            ],
            [
              -84.51884587017413,
              39.10656893955083
            ],
            [
              -84.51883316102682,
              39.106570327120856
            ],
            [
              -84.51882033077742,
              39.10657179756125
            ],
            [
              -84.51880738693687,
              39.10657334454514
            ],
            [
              -84.51879433681924,
              39.10657496164246
            ],
            [
              -84.51878118754541,
              39.106576642331866
            ],
            [
              -84.51876794604681,
              39.106578380011086
            ],
            [
              -84.5187546190694,
              39.10658016800553
            ],
            [
              -84.51874121317698,
              39.106581999575674
            ],
            [
              -84.51872773475446,
              39.106583867923035
            ],
            [
              -84.51871419001041,
              39.106585766195025
            ],
            [
              -84.51870058497911,
              39.10658768748867
            ],
            [
              -84.51868692552195,
              39.106589624853285
            ],
            [
              -84.51867321732823,
              39.10659157129213
            ],
            [
              -84.51865946591522,
              39.10659351976308
            ],
            [
              -84.51864567662746,
              39.10659546317841
            ],
            [
              -84.51863185463547,
              39.10659739440341
            ],
            [
              -84.51861812921028,
              39.10659928909876
            ],
            [
              -84.51860480508172,
              39.10660112938166
            ],
            [
              -84.51859157136015,
              39.10660298453428
            ],
            [
              -84.51857831103351,
              39.10660486943824
            ],
            [
              -84.51856502457731,
              39.106606782743754
            ],
            [
              -84.51855171246306,
              39.10660872309724
            ],
            [
              -84.51853837515839,
              39.10661068914147
            ],
            [
              -84.51852501312672,
              39.106612679515706
            ],
            [
              -84.51851162682733,
              39.10661469285576
            ],
            [
              -84.51849821671541,
              39.10661672779413
            ],
            [
              -84.51848478324195,
              39.106618782960105
            ],
            [
              -84.5184713268535,
              39.106620856979845
            ],
            [
              -84.51845784799252,
              39.10662294847645
            ],
            [
              -84.51844434709714,
              39.106625056070065
            ],
            [
              -84.51843082460117,
              39.106627178377934
            ],
            [
              -84.51841728093406,
              39.10662931401449
            ],
            [
              -84.51840371652096,
              39.10663146159138
            ],
            [
              -84.51839013178274,
              39.10663361971754
            ],
            [
              -84.51837652713584,
              39.10663578699926
            ],
            [
              -84.51836290299252,
              39.10663796204017
            ],
            [
              -84.51834925976064,
              39.106640143441346
            ],
            [
              -84.51833559784376,
              39.10664232980129
            ],
            [
              -84.51832191764127,
              39.106644519715964
            ],
            [
              -84.51830821954813,
              39.10664671177884
            ],
            [
              -84.51829454035499,
              39.10664889876139
            ],
            [
              -84.51828155367265,
              39.10665098038435
            ],
            [
              -84.51826923409918,
              39.10665296832751
            ],
            [
              -84.51825745827455,
              39.10665488149339
            ],
            [
              -84.51824613657608,
              39.10665673338781
            ],
            [
              -84.51823517901069,
              39.106658537589134
            ],
            [
              -84.51822449538294,
              39.106660307721754
            ],
            [
              -84.51821399552179,
              39.10666205741758
            ],
            [
              -84.51820358953987,
              39.10666380026994
            ],
            [
              -84.51819318808508,
              39.1066655497868
            ],
            [
              -84.51818270254256,
              39.10666731935145
            ],
            [
              -84.51817204515106,
              39.106669122198156
            ],
            [
              -84.5181611290162,
              39.10667097140659
            ],
            [
              -84.51814986802641,
              39.106672879914925
            ],
            [
              -84.51813817669418,
              39.1066748605476
            ],
            [
              -84.51812596995805,
              39.10667692605099
            ],
            [
              -84.51811316297994,
              39.10667908913049
            ],
            [
              -84.51809967096503,
              39.10668136248356
            ],
            [
              -84.51808540902077,
              39.10668375882548
            ],
            [
              -84.5180702920608,
              39.10668629090674
            ],
            [
              -84.51805423474985,
              39.106688971522736
            ],
            [
              -84.51803715148313,
              39.10669181351715
            ],
            [
              -84.51801895639063,
              39.10669482978077
            ],
            [
              -84.51799956335698,
              39.10669803324756
            ],
            [
              -84.51797888605032,
              39.10670143688918
            ],
            [
              -84.51795683516455,
              39.1067050541667
            ],
            [
              -84.5179054328252,
              39.10671345555334
            ],
            [
              -84.51784385941764,
              39.10672349000373
            ],
            [
              -84.51777246486397,
              39.10673510128005
            ],
            [
              -84.51769159618219,
              39.106748233607455
            ],
            [
              -84.51760160254412,
              39.10676283085549
            ],
            [
              -84.51750283418801,
              39.10677883671822
            ],
            [
              -84.51739564193058,
              39.106796194794775
            ],
            [
              -84.51728037692479,
              39.10681484862918
            ],
            [
              -84.5171573905302,
              39.10683474173167
            ],
            [
              -84.51702703423899,
              39.10685581759085
            ],
            [
              -84.51688965963172,
              39.10687801968088
            ],
            [
              -84.51674561834965,
              39.10690129146603
            ],
            [
              -84.51659526207698,
              39.106925576403604
            ],
            [
              -84.51643894252881,
              39.10695081794585
            ],
            [
              -84.51627701144311,
              39.106976959541335
            ],
            [
              -84.51610982057494,
              39.10700394463579
            ],
            [
              -84.51593772169242,
              39.10703171667289
            ],
            [
              -84.51576106657377,
              39.10706021909462
            ],
            [
              -84.5155802070051,
              39.10708939534173
            ],
            [
              -84.51539549477873,
              39.107119188853915
            ],
            [
              -84.51520728169206,
              39.107149543070086
            ],
            [
              -84.51501591954649,
              39.107180401428494
            ],
            [
              -84.51482176014672,
              39.10721170736684
            ],
            [
              -84.51462515530015,
              39.1072434043224
            ],
            [
              -84.51442645681642,
              39.1072754357321
            ],
            [
              -84.51422601650708,
              39.10730774503253
            ],
            [
              -84.51402418618521,
              39.10734027566006
            ],
            [
              -84.5138213176652,
              39.107372971050815
            ],
            [
              -84.51361776276264,
              39.107405774640775
            ],
            [
              -84.51341387329396,
              39.107438629865726
            ],
            [
              -84.5132100010765,
              39.10747148016136
            ],
            [
              -84.5130064979283,
              39.10750426896321
            ],
            [
              -84.51280371566797,
              39.10753693970675
            ],
            [
              -84.51260200611469,
              39.10756943582734
            ],
            [
              -84.51240172108808,
              39.10760170076029
            ],
            [
              -84.51220321240818,
              39.107633677940825
            ],
            [
              -84.5120068318954,
              39.107665310804116
            ],
            [
              -84.51181293137041,
              39.107696542785305
            ],
            [
              -84.51162186265422,
              39.107727317319444
            ],
            [
              -84.51143397756807,
              39.10775757784158
            ],
            [
              -84.51124962793338,
              39.10778726778673
            ],
            [
              -84.51106916557181,
              39.107816330589856
            ],
            [
              -84.51089294230519,
              39.1078447096859
            ],
            [
              -84.51072130995549,
              39.10787234850978
            ],
            [
              -84.51055462034478,
              39.107899190496404
            ],
            [
              -84.51039322529535,
              39.10792517908063
            ],
            [
              -84.51023747662956,
              39.10795025769732
            ],
            [
              -84.51008772616984,
              39.107974369781324
            ],
            [
              -84.50994432573877,
              39.10799745876746
            ],
            [
              -84.50980762715893,
              39.10801946809054
            ],
            [
              -84.50967798225317,
              39.10804034118536
            ],
            [
              -84.5095557428441,
              39.10806002148671
            ],
            [
              -84.50944126075468,
              39.10807845242937
            ],
            [
              -84.50933488780782,
              39.1080955774481
            ],
            [
              -84.50923697582641,
              39.108111339977675
            ],
            [
              -84.50914787663366,
              39.10812568345281
            ],
            [
              -84.50906794205248,
              39.10813855130828
            ],
            [
              -84.50899752390599,
              39.10814988697881
            ],
            [
              -84.50893697401762,
              39.108159633899085
            ],
            [
              -84.50888664421048,
              39.10816773550385
            ],
            [
              -84.50884688630843,
              39.1081741352277
            ],
            [
              -84.50881805213612,
              39.10817877650514
            ],
            [
              -84.50880049352936,
              39.10818160276885
            ],
            [
              -84.50879456243867,
              39.10818255743307
            ],
            [
              -84.50880239838591,
              39.108212108809546
            ],
            [
              -84.50880832953327,
              39.10821115413621
            ],
            [
              -84.50882588826076,
              39.108208327853056
            ],
            [
              -84.50885472256415,
              39.10820368655452
            ],
            [
              -84.5088944806025,
              39.108197286808725
            ],
            [
              -84.50894481055056,
              39.108189185181274
            ],
            [
              -84.50900536058465,
              39.10817943823755
            ],
            [
              -84.50907577888171,
              39.10816810254278
            ],
            [
              -84.50915571361853,
              39.10815523466226
            ],
            [
              -84.50924481297243,
              39.108140891161185
            ],
            [
              -84.50934272512029,
              39.10812512860481
            ],
            [
              -84.50944909823956,
              39.10810800355832
            ],
            [
              -84.50956358050766,
              39.1080895725869
            ],
            [
              -84.50968582010172,
              39.108069892255756
            ],
            [
              -84.50981546519954,
              39.10804901913002
            ],
            [
              -84.5099521639785,
              39.10802700977488
            ],
            [
              -84.51009556461644,
              39.108003920755436
            ],
            [
              -84.51024531529114,
              39.10797980863682
            ],
            [
              -84.51040106418047,
              39.10795472998414
            ],
            [
              -84.51056245946258,
              39.10792874136244
            ],
            [
              -84.5107291493156,
              39.1079018993368
            ],
            [
              -84.51090078191794,
              39.10787426047224
            ],
            [
              -84.51107700544817,
              39.10784588133374
            ],
            [
              -84.51125746808503,
              39.107816818486285
            ],
            [
              -84.51144181800753,
              39.107787128494785
            ],
            [
              -84.51162970339483,
              39.10775686792414
            ],
            [
              -84.51182077242649,
              39.10772609333919
            ],
            [
              -84.5120146732823,
              39.107694861304715
            ],
            [
              -84.51221105414241,
              39.10766322838547
            ],
            [
              -84.51240956318743,
              39.10763125114612
            ],
            [
              -84.51260984859833,
              39.10759898615126
            ],
            [
              -84.51281155855662,
              39.10756648996542
            ],
            [
              -84.51301434124441,
              39.10753381915301
            ],
            [
              -84.51321784484449,
              39.10750103027836
            ],
            [
              -84.5134217175403,
              39.10746817990565
            ],
            [
              -84.51362560751625,
              39.10743532459895
            ],
            [
              -84.51382916295773,
              39.10740252092214
            ],
            [
              -84.51403203205135,
              39.107369825438944
            ],
            [
              -84.51423386298494,
              39.10733729471282
            ],
            [
              -84.51443430394811,
              39.107304985306996
            ],
            [
              -84.51463300313223,
              39.10727295378439
            ],
            [
              -84.51482960873092,
              39.10724125670757
            ],
            [
              -84.51502376894052,
              39.10720995063864
            ],
            [
              -84.51521513196053,
              39.10717909213923
            ],
            [
              -84.51540334599429,
              39.107148737770316
            ],
            [
              -84.51558805924984,
              39.10711894409213
            ],
            [
              -84.51576891994097,
              39.10708976766394
            ],
            [
              -84.51594557628864,
              39.10706126504392
            ],
            [
              -84.51611767652268,
              39.10703349278872
            ],
            [
              -84.51628486888417,
              39.10700650745324
            ],
            [
              -84.51644680162853,
              39.10698036558999
            ],
            [
              -84.51660312302982,
              39.106955123748506
            ],
            [
              -84.51675348138643,
              39.10693083847435
            ],
            [
              -84.51689752502928,
              39.106907566307775
            ],
            [
              -84.51703490233338,
              39.1068853637819
            ],
            [
              -84.51716526173477,
              39.10686428741987
            ],
            [
              -84.517288251756,
              39.10684439373076
            ],
            [
              -84.51740352104551,
              39.1068257392031
            ],
            [
              -84.51751071844052,
              39.1068083802946
            ],
            [
              -84.51760949307251,
              39.106792373414834
            ],
            [
              -84.51769949455178,
              39.10677777489494
            ],
            [
              -84.51778037331236,
              39.10676464093083
            ],
            [
              -84.51785178130699,
              39.106753027468535
            ],
            [
              -84.51791337355549,
              39.10674298994768
            ],
            [
              -84.51796480094217,
              39.106734584467226
            ],
            [
              -84.51798687893566,
              39.10673096274289
            ],
            [
              -84.51800758287843,
              39.10672755471676
            ],
            [
              -84.51802700304081,
              39.106724346768665
            ],
            [
              -84.51804522545771,
              39.106721325975386
            ],
            [
              -84.51806233585575,
              39.106718479467375
            ],
            [
              -84.51807841961211,
              39.10671579443656
            ],
            [
              -84.51809356172632,
              39.106713258141994
            ],
            [
              -84.51810784681406,
              39.10671085791142
            ],
            [
              -84.5181213591366,
              39.106708581136594
            ],
            [
              -84.51813418267916,
              39.10670641525938
            ],
            [
              -84.51814640128785,
              39.10670434774703
            ],
            [
              -84.5181580988703,
              39.1067023660555
            ],
            [
              -84.51816935965236,
              39.10670045758238
            ],
            [
              -84.51818026846645,
              39.10669860961409
            ],
            [
              -84.51819091103383,
              39.1066968092751
            ],
            [
              -84.51820137419041,
              39.10669504348834
            ],
            [
              -84.51821174600667,
              39.106693298956664
            ],
            [
              -84.51822211576857,
              39.10669156217064
            ],
            [
              -84.51823257381196,
              39.10668981944332
            ],
            [
              -84.51824321123502,
              39.10668805696619
            ],
            [
              -84.5182541195398,
              39.1066862608758
            ],
            [
              -84.51826539026315,
              39.1066844173194
            ],
            [
              -84.51827711465371,
              39.106682512509785
            ],
            [
              -84.51828938343269,
              39.10668053276305
            ],
            [
              -84.51830233536495,
              39.106678456710156
            ],
            [
              -84.51831600843322,
              39.10667627070683
            ],
            [
              -84.51832971125808,
              39.106674077886744
            ],
            [
              -84.51834339160801,
              39.106671887948465
            ],
            [
              -84.51835704908086,
              39.10666970229972
            ],
            [
              -84.51837068326812,
              39.10666752234468
            ],
            [
              -84.51838429375535,
              39.10666534948391
            ],
            [
              -84.518397880122,
              39.10666318511432
            ],
            [
              -84.51841144194121,
              39.10666103062916
            ],
            [
              -84.51842497878023,
              39.10665888741792
            ],
            [
              -84.51843849019998,
              39.10665675686629
            ],
            [
              -84.51845197575526,
              39.10665464035614
            ],
            [
              -84.51846543499475,
              39.106652539265326
            ],
            [
              -84.51847886746097,
              39.106650454967735
            ],
            [
              -84.51849227269022,
              39.10664838883311
            ],
            [
              -84.5185056502127,
              39.10664634222699
            ],
            [
              -84.51851899955273,
              39.10664431651055
            ],
            [
              -84.5185323202283,
              39.10664231304051
            ],
            [
              -84.5185456117515,
              39.10664033316904
            ],
            [
              -84.51855887362856,
              39.106638378243545
            ],
            [
              -84.51857210535972,
              39.106636449606576
            ],
            [
              -84.51858530643938,
              39.10663454859564
            ],
            [
              -84.5185984763563,
              39.10663267654307
            ],
            [
              -84.5186116145936,
              39.1066308347758
            ],
            [
              -84.5186248879426,
              39.10662900150639
            ],
            [
              -84.51863865142934,
              39.106627101556924
            ],
            [
              -84.51865254202094,
              39.1066251607471
            ],
            [
              -84.51866637799935,
              39.10662321075136
            ],
            [
              -84.51868015437182,
              39.106621258743836
            ],
            [
              -84.51869386589789,
              39.106619311831835
            ],
            [
              -84.51870750709108,
              39.10661737705765
            ],
            [
              -84.5187210722199,
              39.10661546139901
            ],
            [
              -84.51873455530789,
              39.10661357176801
            ],
            [
              -84.51874795013227,
              39.10661171500883
            ],
            [
              -84.51876125022214,
              39.106609897893875
            ],
            [
              -84.51877444885548,
              39.10660812711853
            ],
            [
              -84.5187875390555,
              39.106606409294194
            ],
            [
              -84.51880051358597,
              39.1066047509398
            ],
            [
              -84.51881336494661,
              39.10660315847134
            ],
            [
              -84.51882608536731,
              39.10660163818948
            ],
            [
              -84.51883866680289,
              39.10660019626497
            ],
            [
              -84.51885110092775,
              39.10659883872159
            ],
            [
              -84.51886337913055,
              39.10659757141652
            ],
            [
              -84.51887549251062,
              39.106596400017835
            ],
            [
              -84.51888743187557,
              39.10659532997866
            ],
            [
              -84.51889918774121,
              39.10659436650805
            ],
            [
              -84.51891075033477,
              39.106593514537984
            ],
            [
              -84.51892282999144,
              39.10659273201986
            ],
            [
              -84.5189372988338,
              39.10659180700201
            ],
            [
              -84.51895225848845,
              39.10659076002995
            ],
            [
              -84.518966921211,
              39.106589678862434
            ],
            [
              -84.51898126260923,
              39.10658859975344
            ],
            [
              -84.5189952521802,
              39.10658755691651
            ],
            [
              -84.51900885342717,
              39.10658658259015
            ],
            [
              -84.51902202386304,
              39.1065857069211
            ],
            [
              -84.5190347149131,
              39.10658495765929
            ],
            [
              -84.51904687174427,
              39.10658435964282
            ],
            [
              -84.51905843306882,
              39.10658393403708
            ],
            [
              -84.51906933100386,
              39.10658369727815
            ],
            [
              -84.5190794911197,
              39.106583659661005
            ],
            [
              -84.51908883289084,
              39.106583823514136
            ],
            [
              -84.51909727087924,
              39.10658418092469
            ],
            [
              -84.51910471713843,
              39.10658471104813
            ],
            [
              -84.51911108551703,
              39.106585377186356
            ],
            [
              -84.51911629871007,
              39.106586124102044
            ],
            [
              -84.51912029893455,
              39.10658687650204
            ],
            [
              -84.51912394633426,
              39.10658775248039
            ],
            [
              -84.5191303415174,
              39.106589596189785
            ],
            [
              -84.51913683415681,
              39.10659173473635
            ],
            [
              -84.5191427253077,
              39.106593942027985
            ],
            [
              -84.51914811049447,
              39.10659622808016
            ],
            [
              -84.5191530946984,
              39.10659861647746
            ],
            [
              -84.51915778688573,
              39.10660114593235
            ],
            [
              -84.51916229350294,
              39.1066038702444
            ],
            [
              -84.51916671189852,
              39.10660685646662
            ],
            [
              -84.51917112472631,
              39.10661018146945
            ],
            [
              -84.51917559619284,
              39.106613927453424
            ],
            [
              -84.51918017058306,
              39.10661817716627
            ],
            [
              -84.51918487299662,
              39.10662300957087
            ],
            [
              -84.51918944669139,
              39.1066281958777
            ],
            [
              -84.51919148433285,
              39.106630780514095
            ],
            [
              -84.5191936997167,
              39.10663395310462
            ],
            [
              -84.51919625054788,
              39.10663804426975
            ],
            [
              -84.51919902644542,
              39.10664299533055
            ],
            [
              -84.51920194243283,
              39.10664874233808
            ],
            [
              -84.51920493460078,
              39.10665522040233
            ],
            [
              -84.5192079559854,
              39.10666236613585
            ],
            [
              -84.5192109730181,
              39.106670118902564
            ],
            [
              -84.51921396262323,
              39.10667842134663
            ],
            [
              -84.5192169099145,
              39.106687219508046
            ],
            [
              -84.51921980639959,
              39.106696462718624
            ],
            [
              -84.51922264859549,
              39.10670610339358
            ],
            [
              -84.51922543696838,
              39.106716096787295
            ],
            [
              -84.51922817512687,
              39.10672640075239
            ],
            [
              -84.51923086921198,
              39.106736975522224
            ],
            [
              -84.51923352744119,
              39.10674778352909
            ],
            [
              -84.51923615977437,
              39.106758789262884
            ],
            [
              -84.51923877767854,
              39.106769959172844
            ],
            [
              -84.51924139397573,
              39.106781261614536
            ],
            [
              -84.51924402276465,
              39.10679266684393
            ],
            [
              -84.51924667941209,
              39.10680414706064
            ],
            [
              -84.51924938061578,
              39.106815676504716
            ],
            [
              -84.5192521445463,
              39.10682723161229
            ],
            [
              -84.51925499108272,
              39.10683879123807
            ],
            [
              -84.51925794216545,
              39.106850336953784
            ],
            [
              -84.51926102230169,
              39.10686185343403
            ],
            [
              -84.51926411595878,
              39.10687282086552
            ],
            [
              -84.51926707184568,
              39.10688315827502
            ],
            [
              -84.51926981775665,
              39.10689305623029
            ],
            [
              -84.519272497133,
              39.106902994637686
            ],
            [
              -84.51927511634166,
              39.10691297371945
            ],
            [
              -84.51927768182453,
              39.106922993640474
            ],
            [
              -84.51928020010385,
              39.10693305451294
            ],
            [
              -84.5192826777868,
              39.10694315640011
            ],
            [
              -84.51928512156981,
              39.106953299320445
            ],
            [
              -84.51928753824238,
              39.10696348325098
            ],
            [
              -84.51928993469035,
              39.10697370813005
            ],
            [
              -84.51929231789896,
              39.10698397385996
            ],
            [
              -84.51929469495543,
              39.10699428030877
            ],
            [
              -84.51929707305123,
              39.10700462731119
            ],
            [
              -84.51929945948392,
              39.10701501466964
            ],
            [
              -84.51930186165893,
              39.10702544215404
            ],
            [
              -84.51930428709066,
              39.10703590950114
            ],
            [
              -84.5193067434036,
              39.10704641641332
            ],
            [
              -84.51930923833271,
              39.10705696255608
            ],
            [
              -84.51931177972371,
              39.10706754755575
            ],
            [
              -84.51931437553283,
              39.107078170995905
            ],
            [
              -84.51931703382598,
              39.10708883241301
            ],
            [
              -84.51931976277753,
              39.10709953129174
            ],
            [
              -84.51932257066831,
              39.10711026705947
            ],
            [
              -84.51932546588303,
              39.10712103908001
            ],
            [
              -84.5193284388191,
              39.107131781289915
            ],
            [
              -84.51933146069914,
              39.107142432343345
            ],
            [
              -84.51933444745399,
              39.10715276267685
            ],
            [
              -84.51933741920865,
              39.10716285692198
            ],
            [
              -84.5193403804222,
              39.1071727448295
            ],
            [
              -84.51934333547686,
              39.10718245618
            ],
            [
              -84.51934628874655,
              39.10719202095975
            ],
            [
              -84.51934924467395,
              39.107201469541295
            ],
            [
              -84.51935220785055,
              39.10721083285502
            ],
            [
              -84.51935518309219,
              39.1072201425383
            ],
            [
              -84.51935817550323,
              39.10722943104983
            ],
            [
              -84.51936119052314,
              39.10723873174036
            ],
            [
              -84.5193642339515,
              39.107248078875436
            ],
            [
              -84.51936731194944,
              39.10725750760887
            ],
            [
              -84.51937043101866,
              39.107267053912906
            ],
            [
              -84.51937359796172,
              39.10727675447296
            ],
            [
              -84.5193768198283,
              39.107286646557306
            ],
            [
              -84.51938010385359,
              39.10729676787365
            ],
            [
              -84.51938345739443,
              39.107307156423204
            ],
            [
              -84.51938688786828,
              39.107317850361945
            ],
            [
              -84.5193904026992,
              39.107328887876655
            ],
            [
              -84.51939400927262,
              39.1073403070793
            ],
            [
              -84.51939771490052,
              39.10735214592309
            ],
            [
              -84.519401526797,
              39.10736444214017
            ],
            [
              -84.51940546407882,
              39.10737727235478
            ],
            [
              -84.51940839415428,
              39.10738688761487
            ],
            [
              -84.51941152927779,
              39.10739720912392
            ],
            [
              -84.51941485026376,
              39.107408172935266
            ],
            [
              -84.51941834894487,
              39.10741975122657
            ],
            [
              -84.51942201729733,
              39.10743191662655
            ],
            [
              -84.51942584739865,
              39.1074446420841
            ],
            [
              -84.51942983139962,
              39.107457900780624
            ],
            [
              -84.51943396150494,
              39.107471666069436
            ],
            [
              -84.51943822995976,
              39.10748591143336
            ],
            [
              -84.51944262904011,
              39.10750061045431
            ],
            [
              -84.51944715104584,
              39.107515736790894
            ],
            [
              -84.51945178829544,
              39.107531264162105
            ],
            [
              -84.51945653312225,
              39.1075471663348
            ],
            [
              -84.51946137787138,
              39.10756341711415
            ],
            [
              -84.51946631489751,
              39.10757999033644
            ],
            [
              -84.51947133656309,
              39.107596859863264
            ],
            [
              -84.519476435237,
              39.10761399957727
            ],
            [
              -84.5194816032934,
              39.10763138337828
            ],
            [
              -84.51948683311089,
              39.10764898518065
            ],
            [
              -84.51949211707172,
              39.107666778910875
            ],
            [
              -84.5194974475613,
              39.10768473850565
            ],
            [
              -84.51950281696769,
              39.10770283791045
            ],
            [
              -84.51950821768123,
              39.107721051078315
            ],
            [
              -84.51951364209417,
              39.107739351968455
            ],
            [
              -84.51951908260043,
              39.10775771454577
            ],
            [
              -84.51952453159541,
              39.10777611277987
            ],
            [
              -84.51952998147573,
              39.10779452064449
            ],
            [
              -84.51953542463913,
              39.10781291211709
            ],
            [
              -84.51954085348427,
              39.10783126117814
            ],
            [
              -84.5195462604107,
              39.1078495418111
            ],
            [
              -84.51955163781871,
              39.10786772800175
            ],
            [
              -84.5195569781092,
              39.10788579373807
            ],
            [
              -84.51956227368366,
              39.107903713009996
            ],
            [
              -84.51956751694414,
              39.10792145980913
            ],
            [
              -84.51957270029308,
              39.10793900812865
            ],
            [
              -84.51957781613343,
              39.10795633196313
            ],
            [
              -84.51958285686841,
              39.10797340530835
            ],
            [
              -84.51958781490166,
              39.107990202161155
            ],
            [
              -84.519592682637,
              39.10800669651936
            ],
            [
              -84.51959745247862,
              39.1080228623818
            ],
            [
              -84.51960211683095,
              39.10803867374806
            ],
            [
              -84.5196066680986,
              39.10805410461839
            ],
            [
              -84.51961109868637,
              39.10806912899379
            ],
            [
              -84.51961540099929,
              39.10808372087589
            ],
            [
              -84.5196195674425,
              39.10809785426672
            ],
            [
              -84.51962359042135,
              39.108111503169035
            ],
            [
              -84.5196274623413,
              39.108124641585924
            ],
            [
              -84.5196311756079,
              39.10813724352084
            ],
            [
              -84.5196347226269,
              39.10814928297781
            ],
            [
              -84.5196380958041,
              39.10816073396108
            ],
            [
              -84.51964128754537,
              39.10817157047521
            ],
            [
              -84.51964429025675,
              39.1081817665252
            ],
            [
              -84.51964709634434,
              39.108191296116274
            ],
            [
              -84.51964969821424,
              39.10820013325373
            ],
            [
              -84.51965208827275,
              39.10820825194359
            ],
            [
              -84.51965425892624,
              39.108215626191786
            ],
            [
              -84.519656202581,
              39.10822223000444
            ],
            [
              -84.51965791164365,
              39.108228037388386
            ],
            [
              -84.51965937852076,
              39.10823302235054
            ],
            [
              -84.51966059561919,
              39.108237158898774
            ],
            [
              -84.5196615553464,
              39.10824042104289
            ],
            [
              -84.51966225011208,
              39.10824278280034
            ],
            [
              -84.51966267234688,
              39.108244218259806
            ],
            [
              -84.51966281470415,
              39.108244702267164
            ],
            [
              -84.519700566594,
              39.10823796213118
            ]
          ]
        ]
      }
    },
    {
      "type": "Feature",
      "id": "st-df65d7c9:8",
      "properties": {
        "featureClass": "band",
        "streetId": "st-df65d7c9",
        "componentId": "cmp-70412a66",
        "componentIndex": 8,
        "componentType": "sidewalk",
        "direction": "none",
        "widthMeters": 3,
        "color": "#8C8578",
        "geostripe": "band",
        "streetName": "Street 5"
      },
      "geometry": {
        "type": "Polygon",
        "coordinates": [
          [
            [
              -84.51966281470415,
              39.108244702267164
            ],
            [
              -84.51966267234688,
              39.108244218259806
            ],
            [
              -84.51966225011208,
              39.10824278280034
            ],
            [
              -84.5196615553464,
              39.10824042104289
            ],
            [
              -84.51966059561919,
              39.108237158898774
            ],
            [
              -84.51965937852076,
              39.10823302235054
            ],
            [
              -84.51965791164365,
              39.108228037388386
            ],
            [
              -84.519656202581,
              39.10822223000444
            ],
            [
              -84.51965425892624,
              39.108215626191786
            ],
            [
              -84.51965208827275,
              39.10820825194359
            ],
            [
              -84.51964969821424,
              39.10820013325373
            ],
            [
              -84.51964709634434,
              39.108191296116274
            ],
            [
              -84.51964429025675,
              39.1081817665252
            ],
            [
              -84.51964128754537,
              39.10817157047521
            ],
            [
              -84.5196380958041,
              39.10816073396108
            ],
            [
              -84.5196347226269,
              39.10814928297781
            ],
            [
              -84.5196311756079,
              39.10813724352084
            ],
            [
              -84.5196274623413,
              39.108124641585924
            ],
            [
              -84.51962359042135,
              39.108111503169035
            ],
            [
              -84.5196195674425,
              39.10809785426672
            ],
            [
              -84.51961540099929,
              39.10808372087589
            ],
            [
              -84.51961109868637,
              39.10806912899379
            ],
            [
              -84.5196066680986,
              39.10805410461839
            ],
            [
              -84.51960211683095,
              39.10803867374806
            ],
            [
              -84.51959745247862,
              39.1080228623818
            ],
            [
              -84.519592682637,
              39.10800669651936
            ],
            [
              -84.51958781490166,
              39.107990202161155
            ],
            [
              -84.51958285686841,
              39.10797340530835
            ],
            [
              -84.51957781613343,
              39.10795633196313
            ],
            [
              -84.51957270029308,
              39.10793900812865
            ],
            [
              -84.51956751694414,
              39.10792145980913
            ],
            [
              -84.51956227368366,
              39.107903713009996
            ],
            [
              -84.5195569781092,
              39.10788579373807
            ],
            [
              -84.51955163781871,
              39.10786772800175
            ],
            [
              -84.5195462604107,
              39.1078495418111
            ],
            [
              -84.51954085348427,
              39.10783126117814
            ],
            [
              -84.51953542463913,
              39.10781291211709
            ],
            [
              -84.51952998147573,
              39.10779452064449
            ],
            [
              -84.51952453159541,
              39.10777611277987
            ],
            [
              -84.51951908260043,
              39.10775771454577
            ],
            [
              -84.51951364209417,
              39.107739351968455
            ],
            [
              -84.51950821768123,
              39.107721051078315
            ],
            [
              -84.51950281696769,
              39.10770283791045
            ],
            [
              -84.5194974475613,
              39.10768473850565
            ],
            [
              -84.51949211707172,
              39.107666778910875
            ],
            [
              -84.51948683311089,
              39.10764898518065
            ],
            [
              -84.5194816032934,
              39.10763138337828
            ],
            [
              -84.519476435237,
              39.10761399957727
            ],
            [
              -84.51947133656309,
              39.107596859863264
            ],
            [
              -84.51946631489751,
              39.10757999033644
            ],
            [
              -84.51946137787138,
              39.10756341711415
            ],
            [
              -84.51945653312225,
              39.1075471663348
            ],
            [
              -84.51945178829544,
              39.107531264162105
            ],
            [
              -84.51944715104584,
              39.107515736790894
            ],
            [
              -84.51944262904011,
              39.10750061045431
            ],
            [
              -84.51943822995976,
              39.10748591143336
            ],
            [
              -84.51943396150494,
              39.107471666069436
            ],
            [
              -84.51942983139962,
              39.107457900780624
            ],
            [
              -84.51942584739865,
              39.1074446420841
            ],
            [
              -84.51942201729733,
              39.10743191662655
            ],
            [
              -84.51941834894487,
              39.10741975122657
            ],
            [
              -84.51941485026376,
              39.107408172935266
            ],
            [
              -84.51941152927779,
              39.10739720912392
            ],
            [
              -84.51940839415428,
              39.10738688761487
            ],
            [
              -84.51940546407882,
              39.10737727235478
            ],
            [
              -84.519401526797,
              39.10736444214017
            ],
            [
              -84.51939771490052,
              39.10735214592309
            ],
            [
              -84.51939400927262,
              39.1073403070793
            ],
            [
              -84.5193904026992,
              39.107328887876655
            ],
            [
              -84.51938688786828,
              39.107317850361945
            ],
            [
              -84.51938345739443,
              39.107307156423204
            ],
            [
              -84.51938010385359,
              39.10729676787365
            ],
            [
              -84.5193768198283,
              39.107286646557306
            ],
            [
              -84.51937359796172,
              39.10727675447296
            ],
            [
              -84.51937043101866,
              39.107267053912906
            ],
            [
              -84.51936731194944,
              39.10725750760887
            ],
            [
              -84.5193642339515,
              39.107248078875436
            ],
            [
              -84.51936119052314,
              39.10723873174036
            ],
            [
              -84.51935817550323,
              39.10722943104983
            ],
            [
              -84.51935518309219,
              39.1072201425383
            ],
            [
              -84.51935220785055,
              39.10721083285502
            ],
            [
              -84.51934924467395,
              39.107201469541295
            ],
            [
              -84.51934628874655,
              39.10719202095975
            ],
            [
              -84.51934333547686,
              39.10718245618
            ],
            [
              -84.5193403804222,
              39.1071727448295
            ],
            [
              -84.51933741920865,
              39.10716285692198
            ],
            [
              -84.51933444745399,
              39.10715276267685
            ],
            [
              -84.51933146069914,
              39.107142432343345
            ],
            [
              -84.5193284388191,
              39.107131781289915
            ],
            [
              -84.51932546588303,
              39.10712103908001
            ],
            [
              -84.51932257066831,
              39.10711026705947
            ],
            [
              -84.51931976277753,
              39.10709953129174
            ],
            [
              -84.51931703382598,
              39.10708883241301
            ],
            [
              -84.51931437553283,
              39.107078170995905
            ],
            [
              -84.51931177972371,
              39.10706754755575
            ],
            [
              -84.51930923833271,
              39.10705696255608
            ],
            [
              -84.5193067434036,
              39.10704641641332
            ],
            [
              -84.51930428709066,
              39.10703590950114
            ],
            [
              -84.51930186165893,
              39.10702544215404
            ],
            [
              -84.51929945948392,
              39.10701501466964
            ],
            [
              -84.51929707305123,
              39.10700462731119
            ],
            [
              -84.51929469495543,
              39.10699428030877
            ],
            [
              -84.51929231789896,
              39.10698397385996
            ],
            [
              -84.51928993469035,
              39.10697370813005
            ],
            [
              -84.51928753824238,
              39.10696348325098
            ],
            [
              -84.51928512156981,
              39.106953299320445
            ],
            [
              -84.5192826777868,
              39.10694315640011
            ],
            [
              -84.51928020010385,
              39.10693305451294
            ],
            [
              -84.51927768182453,
              39.106922993640474
            ],
            [
              -84.51927511634166,
              39.10691297371945
            ],
            [
              -84.519272497133,
              39.106902994637686
            ],
            [
              -84.51926981775665,
              39.10689305623029
            ],
            [
              -84.51926707184568,
              39.10688315827502
            ],
            [
              -84.51926411595878,
              39.10687282086552
            ],
            [
              -84.51926102230169,
              39.10686185343403
            ],
            [
              -84.51925794216545,
              39.106850336953784
            ],
            [
              -84.51925499108272,
              39.10683879123807
            ],
            [
              -84.5192521445463,
              39.10682723161229
            ],
            [
              -84.51924938061578,
              39.106815676504716
            ],
            [
              -84.51924667941209,
              39.10680414706064
            ],
            [
              -84.51924402276465,
              39.10679266684393
            ],
            [
              -84.51924139397573,
              39.106781261614536
            ],
            [
              -84.51923877767854,
              39.106769959172844
            ],
            [
              -84.51923615977437,
              39.106758789262884
            ],
            [
              -84.51923352744119,
              39.10674778352909
            ],
            [
              -84.51923086921198,
              39.106736975522224
            ],
            [
              -84.51922817512687,
              39.10672640075239
            ],
            [
              -84.51922543696838,
              39.106716096787295
            ],
            [
              -84.51922264859549,
              39.10670610339358
            ],
            [
              -84.51921980639959,
              39.106696462718624
            ],
            [
              -84.5192169099145,
              39.106687219508046
            ],
            [
              -84.51921396262323,
              39.10667842134663
            ],
            [
              -84.5192109730181,
              39.106670118902564
            ],
            [
              -84.5192079559854,
              39.10666236613585
            ],
            [
              -84.51920493460078,
              39.10665522040233
            ],
            [
              -84.51920194243283,
              39.10664874233808
            ],
            [
              -84.51919902644542,
              39.10664299533055
            ],
            [
              -84.51919625054788,
              39.10663804426975
            ],
            [
              -84.5191936997167,
              39.10663395310462
            ],
            [
              -84.51919148433285,
              39.106630780514095
            ],
            [
              -84.51918944669139,
              39.1066281958777
            ],
            [
              -84.51918487299662,
              39.10662300957087
            ],
            [
              -84.51918017058306,
              39.10661817716627
            ],
            [
              -84.51917559619284,
              39.106613927453424
            ],
            [
              -84.51917112472631,
              39.10661018146945
            ],
            [
              -84.51916671189852,
              39.10660685646662
            ],
            [
              -84.51916229350294,
              39.1066038702444
            ],
            [
              -84.51915778688573,
              39.10660114593235
            ],
            [
              -84.5191530946984,
              39.10659861647746
            ],
            [
              -84.51914811049447,
              39.10659622808016
            ],
            [
              -84.5191427253077,
              39.106593942027985
            ],
            [
              -84.51913683415681,
              39.10659173473635
            ],
            [
              -84.5191303415174,
              39.106589596189785
            ],
            [
              -84.51912394633426,
              39.10658775248039
            ],
            [
              -84.51912029893455,
              39.10658687650204
            ],
            [
              -84.51911629871007,
              39.106586124102044
            ],
            [
              -84.51911108551703,
              39.106585377186356
            ],
            [
              -84.51910471713843,
              39.10658471104813
            ],
            [
              -84.51909727087924,
              39.10658418092469
            ],
            [
              -84.51908883289084,
              39.106583823514136
            ],
            [
              -84.5190794911197,
              39.106583659661005
            ],
            [
              -84.51906933100386,
              39.10658369727815
            ],
            [
              -84.51905843306882,
              39.10658393403708
            ],
            [
              -84.51904687174427,
              39.10658435964282
            ],
            [
              -84.5190347149131,
              39.10658495765929
            ],
            [
              -84.51902202386304,
              39.1065857069211
            ],
            [
              -84.51900885342717,
              39.10658658259015
            ],
            [
              -84.5189952521802,
              39.10658755691651
            ],
            [
              -84.51898126260923,
              39.10658859975344
            ],
            [
              -84.518966921211,
              39.106589678862434
            ],
            [
              -84.51895225848845,
              39.10659076002995
            ],
            [
              -84.5189372988338,
              39.10659180700201
            ],
            [
              -84.51892282999144,
              39.10659273201986
            ],
            [
              -84.51891075033477,
              39.106593514537984
            ],
            [
              -84.51889918774121,
              39.10659436650805
            ],
            [
              -84.51888743187557,
              39.10659532997866
            ],
            [
              -84.51887549251062,
              39.106596400017835
            ],
            [
              -84.51886337913055,
              39.10659757141652
            ],
            [
              -84.51885110092775,
              39.10659883872159
            ],
            [
              -84.51883866680289,
              39.10660019626497
            ],
            [
              -84.51882608536731,
              39.10660163818948
            ],
            [
              -84.51881336494661,
              39.10660315847134
            ],
            [
              -84.51880051358597,
              39.1066047509398
            ],
            [
              -84.5187875390555,
              39.106606409294194
            ],
            [
              -84.51877444885548,
              39.10660812711853
            ],
            [
              -84.51876125022214,
              39.106609897893875
            ],
            [
              -84.51874795013227,
              39.10661171500883
            ],
            [
              -84.51873455530789,
              39.10661357176801
            ],
            [
              -84.5187210722199,
              39.10661546139901
            ],
            [
              -84.51870750709108,
              39.10661737705765
            ],
            [
              -84.51869386589789,
              39.106619311831835
            ],
            [
              -84.51868015437182,
              39.106621258743836
            ],
            [
              -84.51866637799935,
              39.10662321075136
            ],
            [
              -84.51865254202094,
              39.1066251607471
            ],
            [
              -84.51863865142934,
              39.106627101556924
            ],
            [
              -84.5186248879426,
              39.10662900150639
            ],
            [
              -84.5186116145936,
              39.1066308347758
            ],
            [
              -84.5185984763563,
              39.10663267654307
            ],
            [
              -84.51858530643938,
              39.10663454859564
            ],
            [
              -84.51857210535972,
              39.106636449606576
            ],
            [
              -84.51855887362856,
              39.106638378243545
            ],
            [
              -84.5185456117515,
              39.10664033316904
            ],
            [
              -84.5185323202283,
              39.10664231304051
            ],
            [
              -84.51851899955273,
              39.10664431651055
            ],
            [
              -84.5185056502127,
              39.10664634222699
            ],
            [
              -84.51849227269022,
              39.10664838883311
            ],
            [
              -84.51847886746097,
              39.106650454967735
            ],
            [
              -84.51846543499475,
              39.106652539265326
            ],
            [
              -84.51845197575526,
              39.10665464035614
            ],
            [
              -84.51843849019998,
              39.10665675686629
            ],
            [
              -84.51842497878023,
              39.10665888741792
            ],
            [
              -84.51841144194121,
              39.10666103062916
            ],
            [
              -84.518397880122,
              39.10666318511432
            ],
            [
              -84.51838429375535,
              39.10666534948391
            ],
            [
              -84.51837068326812,
              39.10666752234468
            ],
            [
              -84.51835704908086,
              39.10666970229972
            ],
            [
              -84.51834339160801,
              39.106671887948465
            ],
            [
              -84.51832971125808,
              39.106674077886744
            ],
            [
              -84.51831600843322,
              39.10667627070683
            ],
            [
              -84.51830233536495,
              39.106678456710156
            ],
            [
              -84.51828938343269,
              39.10668053276305
            ],
            [
              -84.51827711465371,
              39.106682512509785
            ],
            [
              -84.51826539026315,
              39.1066844173194
            ],
            [
              -84.5182541195398,
              39.1066862608758
            ],
            [
              -84.51824321123502,
              39.10668805696619
            ],
            [
              -84.51823257381196,
              39.10668981944332
            ],
            [
              -84.51822211576857,
              39.10669156217064
            ],
            [
              -84.51821174600667,
              39.106693298956664
            ],
            [
              -84.51820137419041,
              39.10669504348834
            ],
            [
              -84.51819091103383,
              39.1066968092751
            ],
            [
              -84.51818026846645,
              39.10669860961409
            ],
            [
              -84.51816935965236,
              39.10670045758238
            ],
            [
              -84.5181580988703,
              39.1067023660555
            ],
            [
              -84.51814640128785,
              39.10670434774703
            ],
            [
              -84.51813418267916,
              39.10670641525938
            ],
            [
              -84.5181213591366,
              39.106708581136594
            ],
            [
              -84.51810784681406,
              39.10671085791142
            ],
            [
              -84.51809356172632,
              39.106713258141994
            ],
            [
              -84.51807841961211,
              39.10671579443656
            ],
            [
              -84.51806233585575,
              39.106718479467375
            ],
            [
              -84.51804522545771,
              39.106721325975386
            ],
            [
              -84.51802700304081,
              39.106724346768665
            ],
            [
              -84.51800758287843,
              39.10672755471676
            ],
            [
              -84.51798687893566,
              39.10673096274289
            ],
            [
              -84.51796480094217,
              39.106734584467226
            ],
            [
              -84.51791337355549,
              39.10674298994768
            ],
            [
              -84.51785178130699,
              39.106753027468535
            ],
            [
              -84.51778037331236,
              39.10676464093083
            ],
            [
              -84.51769949455178,
              39.10677777489494
            ],
            [
              -84.51760949307251,
              39.106792373414834
            ],
            [
              -84.51751071844052,
              39.1068083802946
            ],
            [
              -84.51740352104551,
              39.1068257392031
            ],
            [
              -84.517288251756,
              39.10684439373076
            ],
            [
              -84.51716526173477,
              39.10686428741987
            ],
            [
              -84.51703490233338,
              39.1068853637819
            ],
            [
              -84.51689752502928,
              39.106907566307775
            ],
            [
              -84.51675348138643,
              39.10693083847435
            ],
            [
              -84.51660312302982,
              39.106955123748506
            ],
            [
              -84.51644680162853,
              39.10698036558999
            ],
            [
              -84.51628486888417,
              39.10700650745324
            ],
            [
              -84.51611767652268,
              39.10703349278872
            ],
            [
              -84.51594557628864,
              39.10706126504392
            ],
            [
              -84.51576891994097,
              39.10708976766394
            ],
            [
              -84.51558805924984,
              39.10711894409213
            ],
            [
              -84.51540334599429,
              39.107148737770316
            ],
            [
              -84.51521513196053,
              39.10717909213923
            ],
            [
              -84.51502376894052,
              39.10720995063864
            ],
            [
              -84.51482960873092,
              39.10724125670757
            ],
            [
              -84.51463300313223,
              39.10727295378439
            ],
            [
              -84.51443430394811,
              39.107304985306996
            ],
            [
              -84.51423386298494,
              39.10733729471282
            ],
            [
              -84.51403203205135,
              39.107369825438944
            ],
            [
              -84.51382916295773,
              39.10740252092214
            ],
            [
              -84.51362560751625,
              39.10743532459895
            ],
            [
              -84.5134217175403,
              39.10746817990565
            ],
            [
              -84.51321784484449,
              39.10750103027836
            ],
            [
              -84.51301434124441,
              39.10753381915301
            ],
            [
              -84.51281155855662,
              39.10756648996542
            ],
            [
              -84.51260984859833,
              39.10759898615126
            ],
            [
              -84.51240956318743,
              39.10763125114612
            ],
            [
              -84.51221105414241,
              39.10766322838547
            ],
            [
              -84.5120146732823,
              39.107694861304715
            ],
            [
              -84.51182077242649,
              39.10772609333919
            ],
            [
              -84.51162970339483,
              39.10775686792414
            ],
            [
              -84.51144181800753,
              39.107787128494785
            ],
            [
              -84.51125746808503,
              39.107816818486285
            ],
            [
              -84.51107700544817,
              39.10784588133374
            ],
            [
              -84.51090078191794,
              39.10787426047224
            ],
            [
              -84.5107291493156,
              39.1079018993368
            ],
            [
              -84.51056245946258,
              39.10792874136244
            ],
            [
              -84.51040106418047,
              39.10795472998414
            ],
            [
              -84.51024531529114,
              39.10797980863682
            ],
            [
              -84.51009556461644,
              39.108003920755436
            ],
            [
              -84.5099521639785,
              39.10802700977488
            ],
            [
              -84.50981546519954,
              39.10804901913002
            ],
            [
              -84.50968582010172,
              39.108069892255756
            ],
            [
              -84.50956358050766,
              39.1080895725869
            ],
            [
              -84.50944909823956,
              39.10810800355832
            ],
            [
              -84.50934272512029,
              39.10812512860481
            ],
            [
              -84.50924481297243,
              39.108140891161185
            ],
            [
              -84.50915571361853,
              39.10815523466226
            ],
            [
              -84.50907577888171,
              39.10816810254278
            ],
            [
              -84.50900536058465,
              39.10817943823755
            ],
            [
              -84.50894481055056,
              39.108189185181274
            ],
            [
              -84.5088944806025,
              39.108197286808725
            ],
            [
              -84.50885472256415,
              39.10820368655452
            ],
            [
              -84.50882588826076,
              39.108208327853056
            ],
            [
              -84.50880832953327,
              39.10821115413621
            ],
            [
              -84.50880239838591,
              39.108212108809546
            ],
            [
              -84.5088094156521,
              39.10823857272877
            ],
            [
              -84.50881534685014,
              39.108237618047276
            ],
            [
              -84.50883290568595,
              39.108234791746696
            ],
            [
              -84.50886174010661,
              39.108230150429286
            ],
            [
              -84.50890149826692,
              39.10822375066385
            ],
            [
              -84.50895182834122,
              39.10821564901609
            ],
            [
              -84.50901237850586,
              39.108205902051346
            ],
            [
              -84.50908279693776,
              39.108194566334866
            ],
            [
              -84.50916273181399,
              39.108181698431906
            ],
            [
              -84.50925183131201,
              39.10816735490763
            ],
            [
              -84.50934974360908,
              39.10815159232723
            ],
            [
              -84.5094561168828,
              39.10813446725588
            ],
            [
              -84.50957059931075,
              39.10811603625872
            ],
            [
              -84.50969283907067,
              39.10809635590088
            ],
            [
              -84.50982248434029,
              39.10807548274748
            ],
            [
              -84.5099591832977,
              39.108053473363604
            ],
            [
              -84.51010258412084,
              39.10803038431435
            ],
            [
              -84.51025233498807,
              39.10800627216473
            ],
            [
              -84.51040808407755,
              39.107981193479816
            ],
            [
              -84.51056947956803,
              39.10795520482457
            ],
            [
              -84.51073616963807,
              39.10792836276398
            ],
            [
              -84.51090780246665,
              39.10790072386298
            ],
            [
              -84.51108402623296,
              39.10787234468647
            ],
            [
              -84.51126448911637,
              39.10784328179931
            ],
            [
              -84.51144883929658,
              39.1078135917663
            ],
            [
              -84.51163672495358,
              39.10778333115222
            ],
            [
              -84.51182779426775,
              39.10775255652177
            ],
            [
              -84.51202169541982,
              39.107721324439574
            ],
            [
              -84.51221807659098,
              39.10768969147023
            ],
            [
              -84.51241658596297,
              39.10765771417821
            ],
            [
              -84.51261687171801,
              39.10762544912791
            ],
            [
              -84.512818582039,
              39.107592952883635
            ],
            [
              -84.51302136510962,
              39.10756028200955
            ],
            [
              -84.51322486911431,
              39.1075274930697
            ],
            [
              -84.5134287422385,
              39.10749464262797
            ],
            [
              -84.51363263266875,
              39.10746178724806
            ],
            [
              -84.51383618859285,
              39.107428983493485
            ],
            [
              -84.51403905820011,
              39.1073962879275
            ],
            [
              -84.51424088968155,
              39.10736375711307
            ],
            [
              -84.51444133123022,
              39.10733144761287
            ],
            [
              -84.51464003104155,
              39.107299415989154
            ],
            [
              -84.5148366373138,
              39.10726771880374
            ],
            [
              -84.51503079824863,
              39.10723641261789
            ],
            [
              -84.5152221620517,
              39.107205553992195
            ],
            [
              -84.51541037693359,
              39.1071751994865
            ],
            [
              -84.5155950911108,
              39.10714540565965
            ],
            [
              -84.51577595280712,
              39.10711622906931
            ],
            [
              -84.51595261025541,
              39.10708772627171
            ],
            [
              -84.51612471169976,
              39.1070599538212
            ],
            [
              -84.51629190539855,
              39.10703296826987
            ],
            [
              -84.51645383962828,
              39.107006826166824
            ],
            [
              -84.51661016268909,
              39.10698158405738
            ],
            [
              -84.51676052291191,
              39.106957298481795
            ],
            [
              -84.5169045686689,
              39.10693402597366
            ],
            [
              -84.51704194838804,
              39.10691182305746
            ],
            [
              -84.51717231057468,
              39.106890746245114
            ],
            [
              -84.51729530384367,
              39.10687085203069
            ],
            [
              -84.51741057696933,
              39.10685219688221
            ],
            [
              -84.51751777896517,
              39.106834837228675
            ],
            [
              -84.51761655921734,
              39.10681882943813
            ],
            [
              -84.51770656771856,
              39.10680422977924
            ],
            [
              -84.51778745550496,
              39.10679109434943
            ],
            [
              -84.51785887553625,
              39.10677947892955
            ],
            [
              -84.51792048465724,
              39.106769438659036
            ],
            [
              -84.51797193447436,
              39.10676102951246
            ],
            [
              -84.51799403674342,
              39.1067574038059
            ],
            [
              -84.51801476453942,
              39.10675399185336
            ],
            [
              -84.5180342089962,
              39.10675077989216
            ],
            [
              -84.51805245588271,
              39.10674775504247
            ],
            [
              -84.51806959057745,
              39.10674490449242
            ],
            [
              -84.51808569801628,
              39.10674221550805
            ],
            [
              -84.51810086265667,
              39.10673967544036
            ],
            [
              -84.5181151684699,
              39.10673727172742
            ],
            [
              -84.51812869897837,
              39.106734991888324
            ],
            [
              -84.51814153735478,
              39.106732823505695
            ],
            [
              -84.5181537665956,
              39.10673075419429
            ],
            [
              -84.51816546977528,
              39.10672877155453
            ],
            [
              -84.5181767303713,
              39.10672686311293
            ],
            [
              -84.51818763262949,
              39.106725016255226
            ],
            [
              -84.51819826192153,
              39.10672321816194
            ],
            [
              -84.51820870503103,
              39.106721455758375
            ],
            [
              -84.51821905030529,
              39.10671971569104
            ],
            [
              -84.51822938763134,
              39.10671798433756
            ],
            [
              -84.518239808226,
              39.10671624785069
            ],
            [
              -84.51825040427173,
              39.10671449222922
            ],
            [
              -84.51826126846254,
              39.10671270340235
            ],
            [
              -84.51827249353651,
              39.10671086731284
            ],
            [
              -84.51828417186672,
              39.10670896998644
            ],
            [
              -84.5182963951581,
              39.106706997579806
            ],
            [
              -84.5183093159709,
              39.106704926515015
            ],
            [
              -84.51832298355419,
              39.10670274138861
            ],
            [
              -84.5183366906164,
              39.10670054789043
            ],
            [
              -84.51835037109838,
              39.106698357931016
            ],
            [
              -84.5183640245915,
              39.10669617291916
            ],
            [
              -84.51837765067911,
              39.10669399425916
            ],
            [
              -84.518391248937,
              39.106691823350765
            ],
            [
              -84.51840481893326,
              39.106689661589044
            ],
            [
              -84.51841836022801,
              39.10668751036449
            ],
            [
              -84.51843187237382,
              39.10668537106278
            ],
            [
              -84.51844535491534,
              39.10668324506483
            ],
            [
              -84.5184588073894,
              39.106681133746655
            ],
            [
              -84.51847222932511,
              39.10667903847924
            ],
            [
              -84.51848562024378,
              39.10667696062853
            ],
            [
              -84.51849897965883,
              39.1066749015552
            ],
            [
              -84.51851230707595,
              39.10667286261462
            ],
            [
              -84.51852560199336,
              39.10667084515662
            ],
            [
              -84.51853886390137,
              39.10666885052541
            ],
            [
              -84.51855209228268,
              39.10666688005939
            ],
            [
              -84.51856528661258,
              39.10666493509099
            ],
            [
              -84.51857844635892,
              39.10666301694641
            ],
            [
              -84.51859157098195,
              39.10666112694556
            ],
            [
              -84.51860465993494,
              39.1066592664017
            ],
            [
              -84.51861771266393,
              39.10665743662129
            ],
            [
              -84.5186309405387,
              39.10665560963263
            ],
            [
              -84.51864473811042,
              39.10665370497799
            ],
            [
              -84.51865869013452,
              39.10665175558474
            ],
            [
              -84.51867256792544,
              39.106649799696086
            ],
            [
              -84.51868636664966,
              39.10664784452149
            ],
            [
              -84.51870008115992,
              39.10664589718576
            ],
            [
              -84.5187137059973,
              39.106643964731376
            ],
            [
              -84.51872723539259,
              39.106642054119
            ],
            [
              -84.51874066326616,
              39.10664017222619
            ],
            [
              -84.51875398322655,
              39.106638325844486
            ],
            [
              -84.51876718856788,
              39.10663652167449
            ],
            [
              -84.51878027226624,
              39.106634766319225
            ],
            [
              -84.51879322697496,
              39.106633066275386
            ],
            [
              -84.51880604501886,
              39.1066314279225
            ],
            [
              -84.51881871838816,
              39.10662985750972
            ],
            [
              -84.5188312387314,
              39.10662836114014
            ],
            [
              -84.51884359734862,
              39.10662694475224
            ],
            [
              -84.51885578518473,
              39.10662561409838
            ],
            [
              -84.51886779282263,
              39.1066243747199
            ],
            [
              -84.5188796104788,
              39.10662323191856
            ],
            [
              -84.51889122800021,
              39.106622190723904
            ],
            [
              -84.51890263486416,
              39.106621255856275
            ],
            [
              -84.51891382018243,
              39.1066204316851
            ],
            [
              -84.5189256852036,
              39.10661966307103
            ],
            [
              -84.51894026869084,
              39.10661873072374
            ],
            [
              -84.51895544401007,
              39.106617668658096
            ],
            [
              -84.51897022224301,
              39.10661657897333
            ],
            [
              -84.51898458138415,
              39.10661549852927
            ],
            [
              -84.51899849168764,
              39.10661446160125
            ],
            [
              -84.51901191581558,
              39.106613499962826
            ],
            [
              -84.51902480884223,
              39.10661264273802
            ],
            [
              -84.51903711813091,
              39.10661191601486
            ],
            [
              -84.51904878311763,
              39.106611342193105
            ],
            [
              -84.51905973506256,
              39.1066109390204
            ],
            [
              -84.51906989687194,
              39.106610718253876
            ],
            [
              -84.51907918315946,
              39.10661068387203
            ],
            [
              -84.51908750081742,
              39.10661082976238
            ],
            [
              -84.51909475051555,
              39.10661113684015
            ],
            [
              -84.51910082974626,
              39.10661156964038
            ],
            [
              -84.51910563827575,
              39.10661207261696
            ],
            [
              -84.51910908707566,
              39.106612566740765
            ],
            [
              -84.51911111184546,
              39.10661294757859
            ],
            [
              -84.51911281099187,
              39.10661335565436
            ],
            [
              -84.51911756375287,
              39.10661472585908
            ],
            [
              -84.51912255707805,
              39.10661637056129
            ],
            [
              -84.51912690201951,
              39.106617998520434
            ],
            [
              -84.51913071595702,
              39.106619617565514
            ],
            [
              -84.51913412824901,
              39.1066212527131
            ],
            [
              -84.5191372733016,
              39.106622948141705
            ],
            [
              -84.51914028232916,
              39.106624767140225
            ],
            [
              -84.51914327502193,
              39.10662678978521
            ],
            [
              -84.51914635245699,
              39.10662910858865
            ],
            [
              -84.51914959234475,
              39.10663182281396
            ],
            [
              -84.51915304716167,
              39.10663503241768
            ],
            [
              -84.51915674508282,
              39.10663883256221
            ],
            [
              -84.51916035728367,
              39.10664292859023
            ],
            [
              -84.51916145308186,
              39.106644318550124
            ],
            [
              -84.51916285103157,
              39.1066463205156
            ],
            [
              -84.51916474692064,
              39.10664936124808
            ],
            [
              -84.51916699696139,
              39.106653374396416
            ],
            [
              -84.5191694895452,
              39.10665828693408
            ],
            [
              -84.51917213974853,
              39.10666402464256
            ],
            [
              -84.51917488411203,
              39.10667051520657
            ],
            [
              -84.51917767614377,
              39.10667768979588
            ],
            [
              -84.51918048264277,
              39.106685483735255
            ],
            [
              -84.5191832807814,
              39.106693836650855
            ],
            [
              -84.51918605583091,
              39.10670269233844
            ],
            [
              -84.51918879940777,
              39.10671199849944
            ],
            [
              -84.5191915081307,
              39.106721706431564
            ],
            [
              -84.51919418259887,
              39.106731770723606
            ],
            [
              -84.51919682661917,
              39.10674214897997
            ],
            [
              -84.5191994466286,
              39.10675280159038
            ],
            [
              -84.51920205127132,
              39.10676369155087
            ],
            [
              -84.51920465110042,
              39.10677478433928
            ],
            [
              -84.51920725838542,
              39.10678604784814
            ],
            [
              -84.51920988701292,
              39.106797452377165
            ],
            [
              -84.51921255247576,
              39.10680897068804
            ],
            [
              -84.51921527195265,
              39.10682057812694
            ],
            [
              -84.51921806448792,
              39.10683225282181
            ],
            [
              -84.51922095128998,
              39.10684397596409
            ],
            [
              -84.51922395617827,
              39.10685573218679
            ],
            [
              -84.51922710622345,
              39.10686751005321
            ],
            [
              -84.51923025111243,
              39.10687865910868
            ],
            [
              -84.51923319394382,
              39.10688895086008
            ],
            [
              -84.51923589529254,
              39.10689868818554
            ],
            [
              -84.51923853489983,
              39.10690847908059
            ],
            [
              -84.51924111887939,
              39.10691832394088
            ],
            [
              -84.51924365343989,
              39.10692822308941
            ],
            [
              -84.51924614489174,
              39.106938176782435
            ],
            [
              -84.51924859965295,
              39.10694818521422
            ],
            [
              -84.5192510242546,
              39.10695824852231
            ],
            [
              -84.51925342534562,
              39.106968366791754
            ],
            [
              -84.519255809697,
              39.10697854005859
            ],
            [
              -84.51925818420565,
              39.10698876831322
            ],
            [
              -84.51926055589765,
              39.106999051502655
            ],
            [
              -84.51926293193105,
              39.10700938953168
            ],
            [
              -84.5192653195984,
              39.107019782264175
            ],
            [
              -84.5192677263288,
              39.10703022952284
            ],
            [
              -84.51927015968943,
              39.10704073108839
            ],
            [
              -84.51927262738688,
              39.10705128669796
            ],
            [
              -84.51927513726768,
              39.10706189604201
            ],
            [
              -84.51927769731869,
              39.107072558761374
            ],
            [
              -84.51928031566669,
              39.10708327444273
            ],
            [
              -84.51928300057745,
              39.107094042613056
            ],
            [
              -84.51928576045405,
              39.10710486273376
            ],
            [
              -84.5192886038345,
              39.107115734193684
            ],
            [
              -84.51929153938833,
              39.10712665630112
            ],
            [
              -84.5192945530012,
              39.10713754548984
            ],
            [
              -84.51929760928898,
              39.10714831781838
            ],
            [
              -84.51930062623624,
              39.10715875257878
            ],
            [
              -84.51930362770351,
              39.10716894774957
            ],
            [
              -84.51930661770784,
              39.1071789317936
            ],
            [
              -84.51930960016901,
              39.107188733211515
            ],
            [
              -84.51931257899618,
              39.10719838076448
            ],
            [
              -84.51931555818565,
              39.10720790370294
            ],
            [
              -84.51931854192223,
              39.107217331983954
            ],
            [
              -84.51932153467489,
              39.107226696460074
            ],
            [
              -84.51932454127802,
              39.10723602902421
            ],
            [
              -84.51932756699057,
              39.1072453626992
            ],
            [
              -84.51933061752754,
              39.10725473166664
            ],
            [
              -84.51933369906196,
              39.10726417123323
            ],
            [
              -84.51933681819818,
              39.107273717742395
            ],
            [
              -84.51933998192173,
              39.10728340844088
            ],
            [
              -84.5193431975311,
              39.10729328131371
            ],
            [
              -84.51934647255976,
              39.10730337490254
            ],
            [
              -84.51934981469526,
              39.107313728120815
            ],
            [
              -84.51935323170198,
              39.10732438007798
            ],
            [
              -84.51935673135262,
              39.10733536992253
            ],
            [
              -84.51936032137095,
              39.107346736708166
            ],
            [
              -84.51936400938777,
              39.10735851928753
            ],
            [
              -84.51936780290978,
              39.107370756233216
            ],
            [
              -84.51937172452048,
              39.10738353538117
            ],
            [
              -84.51937464535254,
              39.10739312030839
            ],
            [
              -84.5193777750915,
              39.10740342409027
            ],
            [
              -84.51938109146028,
              39.10741437265855
            ],
            [
              -84.51938458613833,
              39.107425937702445
            ],
            [
              -84.5193882509869,
              39.107438091482486
            ],
            [
              -84.5193920779956,
              39.107450806664765
            ],
            [
              -84.51939605924674,
              39.10746405620991
            ],
            [
              -84.51940018689102,
              39.1074778132963
            ],
            [
              -84.51940445313035,
              39.10749205126633
            ],
            [
              -84.51940885020575,
              39.107506743587926
            ],
            [
              -84.51941337038838,
              39.10752186382618
            ],
            [
              -84.51941800597308,
              39.10753738562263
            ],
            [
              -84.51942274927343,
              39.10755328267946
            ],
            [
              -84.51942759261799,
              39.10756952874743
            ],
            [
              -84.51943252834737,
              39.107586097616625
            ],
            [
              -84.51943754881206,
              39.107602963109265
            ],
            [
              -84.5194426463707,
              39.107620099074175
            ],
            [
              -84.51944781338861,
              39.10763747938202
            ],
            [
              -84.5194530422367,
              39.10765507792174
            ],
            [
              -84.51945832529057,
              39.107672868597795
            ],
            [
              -84.5194636549298,
              39.107690825327474
            ],
            [
              -84.51946902353725,
              39.10770892203924
            ],
            [
              -84.51947442349879,
              39.10772713267108
            ],
            [
              -84.51947984720263,
              39.10774543116885
            ],
            [
              -84.51948528703913,
              39.107763791485596
            ],
            [
              -84.5194907354005,
              39.1077821875803
            ],
            [
              -84.51949618468048,
              39.107800593417224
            ],
            [
              -84.5195016272743,
              39.107818982965306
            ],
            [
              -84.51950705557829,
              39.10783733019733
            ],
            [
              -84.51951246198995,
              39.10785560908981
            ],
            [
              -84.51951783890763,
              39.10787379362227
            ],
            [
              -84.51952317873058,
              39.10789185777697
            ],
            [
              -84.51952847385874,
              39.107909775538666
            ],
            [
              -84.51953371669273,
              39.107927520894236
            ],
            [
              -84.5195388996337,
              39.107945067832524
            ],
            [
              -84.51954401508341,
              39.1079623903442
            ],
            [
              -84.51954905544402,
              39.10797946242136
            ],
            [
              -84.51955401311814,
              39.107996258057554
            ],
            [
              -84.5195588805087,
              39.10801275124749
            ],
            [
              -84.51956365001907,
              39.10802891598723
            ],
            [
              -84.51956831405288,
              39.10804472627372
            ],
            [
              -84.51957286501398,
              39.1080601561048
            ],
            [
              -84.51957729530658,
              39.1080751794792
            ],
            [
              -84.51958159733503,
              39.10808977039654
            ],
            [
              -84.51958576350395,
              39.10810390285688
            ],
            [
              -84.5195897862181,
              39.10811755086116
            ],
            [
              -84.5195936578825,
              39.108130688410874
            ],
            [
              -84.51959737090219,
              39.108143289507844
            ],
            [
              -84.51960091768251,
              39.1081553281547
            ],
            [
              -84.51960429062886,
              39.10816677835433
            ],
            [
              -84.51960748214674,
              39.10817761410996
            ],
            [
              -84.51961048464182,
              39.10818780942548
            ],
            [
              -84.51961329051989,
              39.108197338305004
            ],
            [
              -84.5196158921867,
              39.10820617475275
            ],
            [
              -84.51961828204834,
              39.108214292773795
            ],
            [
              -84.51962045251085,
              39.108221666373204
            ],
            [
              -84.5196223959803,
              39.10822826955625
            ],
            [
              -84.51962410486308,
              39.10823407632901
            ],
            [
              -84.5196255715656,
              39.10823906069783
            ],
            [
              -84.51962678849459,
              39.10824319667019
            ],
            [
              -84.51962774805753,
              39.10824645825592
            ],
            [
              -84.51962844266475,
              39.1082488194747
            ],
            [
              -84.51962886475313,
              39.108250254436385
            ],
            [
              -84.5196290070416,
              39.10825073820984
            ],
            [
              -84.51966281470415,
              39.108244702267164
            ]
          ]
        ]
      }
    },
    {
      "type": "Feature",
      "id": "st-818e5a2b:0",
      "properties": {
        "featureClass": "band",
        "streetId": "st-818e5a2b",
        "componentId": "cmp-a16f2d33",
        "componentIndex": 0,
        "componentType": "sidewalk",
        "direction": "none",
        "widthMeters": 1.8,
        "color": "#8C8578",
        "geostripe": "band",
        "streetName": "Street 6"
      },
      "geometry": {
        "type": "Polygon",
        "coordinates": [
          [
            [
              -84.52121498964956,
              39.0962947628171
            ],
            [
              -84.52120947707735,
              39.096279128495866
            ],
            [
              -84.51995091956081,
              39.09654857660691
            ],
            [
              -84.51800281533068,
              39.096981015300884
            ],
            [
              -84.51702291516254,
              39.09723045266033
            ],
            [
              -84.51593222869703,
              39.09740705141598
            ],
            [
              -84.5138685089503,
              39.09774166076444
            ],
            [
              -84.50897881583091,
              39.098474188402946
            ],
            [
              -84.50898274423294,
              39.09849011050227
            ],
            [
              -84.51387259276623,
              39.097757559581126
            ],
            [
              -84.51593646465135,
              39.0974229255651
            ],
            [
              -84.51702827882855,
              39.097246144215745
            ],
            [
              -84.51800889849922,
              39.09699652370416
            ],
            [
              -84.51995652629299,
              39.09656419076917
            ],
            [
              -84.52121498964956,
              39.0962947628171
            ]
          ]
        ]
      }
    },
    {
      "type": "Feature",
      "id": "st-818e5a2b:1",
      "properties": {
        "featureClass": "band",
        "streetId": "st-818e5a2b",
        "componentId": "cmp-8729428c",
        "componentIndex": 1,
        "componentType": "bikeLaneProtected",
        "direction": "backward",
        "widthMeters": 2.7,
        "color": "#2F8A72",
        "geostripe": "band",
        "streetName": "Street 6"
      },
      "geometry": {
        "type": "Polygon",
        "coordinates": [
          [
            [
              -84.52120947707735,
              39.096279128495866
            ],
            [
              -84.52120120821904,
              39.09625567701402
            ],
            [
              -84.51994250946255,
              39.096525155363516
            ],
            [
              -84.51799369057785,
              39.096957752695964
            ],
            [
              -84.51701486966351,
              39.0972069153272
            ],
            [
              -84.51592587476553,
              39.09738324019229
            ],
            [
              -84.5138623832264,
              39.09771781253942
            ],
            [
              -84.50897292322789,
              39.09845030525396
            ],
            [
              -84.50897881583091,
              39.098474188402946
            ],
            [
              -84.5138685089503,
              39.09774166076444
            ],
            [
              -84.51593222869703,
              39.09740705141598
            ],
            [
              -84.51702291516254,
              39.09723045266033
            ],
            [
              -84.51800281533068,
              39.096981015300884
            ],
            [
              -84.51995091956081,
              39.09654857660691
            ],
            [
              -84.52120947707735,
              39.096279128495866
            ]
          ]
        ]
      }
    },
    {
      "type": "Feature",
      "id": "st-818e5a2b:2",
      "properties": {
        "featureClass": "band",
        "streetId": "st-818e5a2b",
        "componentId": "cmp-6e2f68f4",
        "componentIndex": 2,
        "componentType": "travelLane",
        "direction": "backward",
        "widthMeters": 3,
        "color": "#4A5157",
        "geostripe": "band",
        "streetName": "Street 6"
      },
      "geometry": {
        "type": "Polygon",
        "coordinates": [
          [
            [
              -84.52120120821904,
              39.09625567701402
            ],
            [
              -84.52119202059868,
              39.096229619811965
            ],
            [
              -84.51993316490893,
              39.09649913175974
            ],
            [
              -84.51798355196361,
              39.09693190535717
            ],
            [
              -84.51700593022017,
              39.09718076273484
            ],
            [
              -84.51591881484165,
              39.09735678327709
            ],
            [
              -84.51385557686652,
              39.09769131451162
            ],
            [
              -84.50896637589118,
              39.09842376842175
            ],
            [
              -84.50897292322789,
              39.09845030525396
            ],
            [
              -84.5138623832264,
              39.09771781253942
            ],
            [
              -84.51592587476553,
              39.09738324019229
            ],
            [
              -84.51701486966351,
              39.0972069153272
            ],
            [
              -84.51799369057785,
              39.096957752695964
            ],
            [
              -84.51994250946255,
              39.096525155363516
            ],
            [
              -84.52120120821904,
              39.09625567701402
            ]
          ]
        ]
      }
    },
    {
      "type": "Feature",
      "id": "st-818e5a2b:3",
      "properties": {
        "featureClass": "band",
        "streetId": "st-818e5a2b",
        "componentId": "cmp-fadf644a",
        "componentIndex": 3,
        "componentType": "travelLane",
        "direction": "forward",
        "widthMeters": 3,
        "color": "#4A5157",
        "geostripe": "band",
        "streetName": "Street 6"
      },
      "geometry": {
        "type": "Polygon",
        "coordinates": [
          [
            [
              -84.52119202059868,
              39.096229619811965
            ],
            [
              -84.52118283297831,
              39.09620356260991
            ],
            [
              -84.51992382035532,
              39.09647310815597
            ],
            [
              -84.51797341334937,
              39.09690605801837
            ],
            [
              -84.51699699077682,
              39.097154610142475
            ],
            [
              -84.51591175491778,
              39.09733032636189
            ],
            [
              -84.51384877050664,
              39.09766481648382
            ],
            [
              -84.50895982855447,
              39.098397231589544
            ],
            [
              -84.50896637589118,
              39.09842376842175
            ],
            [
              -84.51385557686652,
              39.09769131451162
            ],
            [
              -84.51591881484165,
              39.09735678327709
            ],
            [
              -84.51700593022017,
              39.09718076273484
            ],
            [
              -84.51798355196361,
              39.09693190535717
            ],
            [
              -84.51993316490893,
              39.09649913175974
            ],
            [
              -84.52119202059868,
              39.096229619811965
            ]
          ]
        ]
      }
    },
    {
      "type": "Feature",
      "id": "st-818e5a2b:4",
      "properties": {
        "featureClass": "band",
        "streetId": "st-818e5a2b",
        "componentId": "cmp-ce084220",
        "componentIndex": 4,
        "componentType": "bikeLaneProtected",
        "direction": "forward",
        "widthMeters": 2.7,
        "color": "#2F8A72",
        "geostripe": "band",
        "streetName": "Street 6"
      },
      "geometry": {
        "type": "Polygon",
        "coordinates": [
          [
            [
              -84.52118283297831,
              39.09620356260991
            ],
            [
              -84.52117456412,
              39.096180111128064
            ],
            [
              -84.51991541025706,
              39.09644968691258
            ],
            [
              -84.51796428859654,
              39.09688279541345
            ],
            [
              -84.51698894527779,
              39.09713107280935
            ],
            [
              -84.51590540098628,
              39.09730651513821
            ],
            [
              -84.51384264478274,
              39.0976409682588
            ],
            [
              -84.50895393595144,
              39.09837334844056
            ],
            [
              -84.50895982855447,
              39.098397231589544
            ],
            [
              -84.51384877050664,
              39.09766481648382
            ],
            [
              -84.51591175491778,
              39.09733032636189
            ],
            [
              -84.51699699077682,
              39.097154610142475
            ],
            [
              -84.51797341334937,
              39.09690605801837
            ],
            [
              -84.51992382035532,
              39.09647310815597
            ],
            [
              -84.52118283297831,
              39.09620356260991
            ]
          ]
        ]
      }
    },
    {
      "type": "Feature",
      "id": "st-818e5a2b:5",
      "properties": {
        "featureClass": "band",
        "streetId": "st-818e5a2b",
        "componentId": "cmp-45d447c9",
        "componentIndex": 5,
        "componentType": "sidewalk",
        "direction": "none",
        "widthMeters": 1.8,
        "color": "#8C8578",
        "geostripe": "band",
        "streetName": "Street 6"
      },
      "geometry": {
        "type": "Polygon",
        "coordinates": [
          [
            [
              -84.52117456412,
              39.096180111128064
            ],
            [
              -84.52116905154779,
              39.09616447680683
            ],
            [
              -84.51990980352488,
              39.09643407275031
            ],
            [
              -84.517958205428,
              39.09686728701017
            ],
            [
              -84.51698358161178,
              39.09711538125393
            ],
            [
              -84.51590116503196,
              39.09729064098909
            ],
            [
              -84.5138385609668,
              39.09762506944212
            ],
            [
              -84.50895000754942,
              39.09835742634124
            ],
            [
              -84.50895393595144,
              39.09837334844056
            ],
            [
              -84.51384264478274,
              39.0976409682588
            ],
            [
              -84.51590540098628,
              39.09730651513821
            ],
            [
              -84.51698894527779,
              39.09713107280935
            ],
            [
              -84.51796428859654,
              39.09688279541345
            ],
            [
              -84.51991541025706,
              39.09644968691258
            ],
            [
              -84.52117456412,
              39.096180111128064
            ]
          ]
        ]
      }
    },
    {
      "type": "Feature",
      "id": "st-fbd4ca26:0",
      "properties": {
        "featureClass": "band",
        "streetId": "st-fbd4ca26",
        "componentId": "cmp-640be2c1",
        "componentIndex": 0,
        "componentType": "sidewalk",
        "direction": "none",
        "widthMeters": 3,
        "color": "#8C8578",
        "geostripe": "band",
        "streetName": "Street 7"
      },
      "geometry": {
        "type": "Polygon",
        "coordinates": [
          [
            [
              -84.51697403593914,
              39.10925767307101
            ],
            [
              -84.51696759935692,
              39.10923111968413
            ],
            [
              -84.5144120032973,
              39.10960713224739
            ],
            [
              -84.51184138832838,
              39.10999659844938
            ],
            [
              -84.51184800938297,
              39.110023124291054
            ],
            [
              -84.51441853216359,
              39.10963367205624
            ],
            [
              -84.51697403593914,
              39.10925767307101
            ]
          ]
        ]
      }
    },
    {
      "type": "Feature",
      "id": "st-fbd4ca26:1",
      "properties": {
        "featureClass": "band",
        "streetId": "st-fbd4ca26",
        "componentId": "cmp-728dd758",
        "componentIndex": 1,
        "componentType": "travelLane",
        "direction": "backward",
        "widthMeters": 3.35,
        "color": "#4A5157",
        "geostripe": "band",
        "streetName": "Street 7"
      },
      "geometry": {
        "type": "Polygon",
        "coordinates": [
          [
            [
              -84.51696759935692,
              39.10923111968413
            ],
            [
              -84.51696041184009,
              39.10920146840211
            ],
            [
              -84.51440471272994,
              39.10957749612751
            ],
            [
              -84.5118339948174,
              39.10996697792618
            ],
            [
              -84.51184138832838,
              39.10999659844938
            ],
            [
              -84.5144120032973,
              39.10960713224739
            ],
            [
              -84.51696759935692,
              39.10923111968413
            ]
          ]
        ]
      }
    },
    {
      "type": "Feature",
      "id": "st-fbd4ca26:2",
      "properties": {
        "featureClass": "band",
        "streetId": "st-fbd4ca26",
        "componentId": "cmp-266e658d",
        "componentIndex": 2,
        "componentType": "turnLane",
        "direction": "both",
        "widthMeters": 3.35,
        "color": "#525A61",
        "geostripe": "band",
        "streetName": "Street 7"
      },
      "geometry": {
        "type": "Polygon",
        "coordinates": [
          [
            [
              -84.51696041184009,
              39.10920146840211
            ],
            [
              -84.51695322432325,
              39.10917181712009
            ],
            [
              -84.5143974221626,
              39.109547860007616
            ],
            [
              -84.51182660130642,
              39.10993735740297
            ],
            [
              -84.5118339948174,
              39.10996697792618
            ],
            [
              -84.51440471272994,
              39.10957749612751
            ],
            [
              -84.51696041184009,
              39.10920146840211
            ]
          ]
        ]
      }
    },
    {
      "type": "Feature",
      "id": "st-fbd4ca26:3",
      "properties": {
        "featureClass": "band",
        "streetId": "st-fbd4ca26",
        "componentId": "cmp-ae3a2071",
        "componentIndex": 3,
        "componentType": "travelLane",
        "direction": "forward",
        "widthMeters": 3.35,
        "color": "#4A5157",
        "geostripe": "band",
        "streetName": "Street 7"
      },
      "geometry": {
        "type": "Polygon",
        "coordinates": [
          [
            [
              -84.51695322432325,
              39.10917181712009
            ],
            [
              -84.51694603680642,
              39.10914216583807
            ],
            [
              -84.51439013159525,
              39.10951822388773
            ],
            [
              -84.51181920779544,
              39.10990773687977
            ],
            [
              -84.51182660130642,
              39.10993735740297
            ],
            [
              -84.5143974221626,
              39.109547860007616
            ],
            [
              -84.51695322432325,
              39.10917181712009
            ]
          ]
        ]
      }
    },
    {
      "type": "Feature",
      "id": "st-fbd4ca26:4",
      "properties": {
        "featureClass": "band",
        "streetId": "st-fbd4ca26",
        "componentId": "cmp-dd14ee12",
        "componentIndex": 4,
        "componentType": "sidewalk",
        "direction": "none",
        "widthMeters": 3,
        "color": "#8C8578",
        "geostripe": "band",
        "streetName": "Street 7"
      },
      "geometry": {
        "type": "Polygon",
        "coordinates": [
          [
            [
              -84.51694603680642,
              39.10914216583807
            ],
            [
              -84.51693960022419,
              39.10911561245119
            ],
            [
              -84.51438360272896,
              39.10949168407888
            ],
            [
              -84.51181258674085,
              39.10988121103809
            ],
            [
              -84.51181920779544,
              39.10990773687977
            ],
            [
              -84.51439013159525,
              39.10951822388773
            ],
            [
              -84.51694603680642,
              39.10914216583807
            ]
          ]
        ]
      }
    },
    {
      "type": "Feature",
      "id": "st-03c9663e:0",
      "properties": {
        "featureClass": "band",
        "streetId": "st-03c9663e",
        "componentId": "cmp-30b3a488",
        "componentIndex": 0,
        "componentType": "sidewalk",
        "direction": "none",
        "widthMeters": 3,
        "color": "#8C8578",
        "geostripe": "band",
        "streetName": "Street 10"
      },
      "geometry": {
        "type": "Polygon",
        "coordinates": [
          [
            [
              -84.5120363638383,
              39.111153614239456
            ],
            [
              -84.5109052190004,
              39.106954515362716
            ],
            [
              -84.5108712737348,
              39.10696006574185
            ],
            [
              -84.51200241857269,
              39.11115916461859
            ],
            [
              -84.5120363638383,
              39.111153614239456
            ]
          ]
        ]
      }
    },
    {
      "type": "Feature",
      "id": "st-03c9663e:1",
      "properties": {
        "featureClass": "band",
        "streetId": "st-03c9663e",
        "componentId": "cmp-ccfb4b8a",
        "componentIndex": 1,
        "componentType": "bikeLaneProtected",
        "direction": "backward",
        "widthMeters": 3,
        "color": "#2F8A72",
        "geostripe": "band",
        "streetName": "Street 10"
      },
      "geometry": {
        "type": "Polygon",
        "coordinates": [
          [
            [
              -84.51207030910392,
              39.11114806386033
            ],
            [
              -84.51093916426602,
              39.10694896498359
            ],
            [
              -84.5109052190004,
              39.106954515362716
            ],
            [
              -84.5120363638383,
              39.111153614239456
            ],
            [
              -84.51207030910392,
              39.11114806386033
            ]
          ]
        ]
      }
    },
    {
      "type": "Feature",
      "id": "st-03c9663e:2",
      "properties": {
        "featureClass": "band",
        "streetId": "st-03c9663e",
        "componentId": "cmp-fe65f952",
        "componentIndex": 2,
        "componentType": "travelLane",
        "direction": "backward",
        "widthMeters": 3,
        "color": "#4A5157",
        "geostripe": "band",
        "streetName": "Street 10"
      },
      "geometry": {
        "type": "Polygon",
        "coordinates": [
          [
            [
              -84.51210425436953,
              39.11114251348119
            ],
            [
              -84.51097310953163,
              39.10694341460445
            ],
            [
              -84.51093916426602,
              39.10694896498359
            ],
            [
              -84.51207030910392,
              39.11114806386033
            ],
            [
              -84.51210425436953,
              39.11114251348119
            ]
          ]
        ]
      }
    },
    {
      "type": "Feature",
      "id": "st-03c9663e:3",
      "properties": {
        "featureClass": "band",
        "streetId": "st-03c9663e",
        "componentId": "cmp-37a867f9",
        "componentIndex": 3,
        "componentType": "turnLane",
        "direction": "both",
        "widthMeters": 3,
        "color": "#525A61",
        "geostripe": "band",
        "streetName": "Street 10"
      },
      "geometry": {
        "type": "Polygon",
        "coordinates": [
          [
            [
              -84.51213819963515,
              39.11113696310206
            ],
            [
              -84.51100705479725,
              39.10693786422532
            ],
            [
              -84.51097310953163,
              39.10694341460445
            ],
            [
              -84.51210425436953,
              39.11114251348119
            ],
            [
              -84.51213819963515,
              39.11113696310206
            ]
          ]
        ]
      }
    },
    {
      "type": "Feature",
      "id": "st-03c9663e:4",
      "properties": {
        "featureClass": "band",
        "streetId": "st-03c9663e",
        "componentId": "cmp-630c6740",
        "componentIndex": 4,
        "componentType": "travelLane",
        "direction": "forward",
        "widthMeters": 3,
        "color": "#4A5157",
        "geostripe": "band",
        "streetName": "Street 10"
      },
      "geometry": {
        "type": "Polygon",
        "coordinates": [
          [
            [
              -84.51217214490076,
              39.111131412722926
            ],
            [
              -84.51104100006286,
              39.10693231384619
            ],
            [
              -84.51100705479725,
              39.10693786422532
            ],
            [
              -84.51213819963515,
              39.11113696310206
            ],
            [
              -84.51217214490076,
              39.111131412722926
            ]
          ]
        ]
      }
    },
    {
      "type": "Feature",
      "id": "st-03c9663e:5",
      "properties": {
        "featureClass": "band",
        "streetId": "st-03c9663e",
        "componentId": "cmp-c1dcd686",
        "componentIndex": 5,
        "componentType": "bikeLaneProtected",
        "direction": "forward",
        "widthMeters": 3,
        "color": "#2F8A72",
        "geostripe": "band",
        "streetName": "Street 10"
      },
      "geometry": {
        "type": "Polygon",
        "coordinates": [
          [
            [
              -84.51220609016637,
              39.1111258623438
            ],
            [
              -84.51107494532847,
              39.10692676346706
            ],
            [
              -84.51104100006286,
              39.10693231384619
            ],
            [
              -84.51217214490076,
              39.111131412722926
            ],
            [
              -84.51220609016637,
              39.1111258623438
            ]
          ]
        ]
      }
    },
    {
      "type": "Feature",
      "id": "st-03c9663e:6",
      "properties": {
        "featureClass": "band",
        "streetId": "st-03c9663e",
        "componentId": "cmp-5ed1cf83",
        "componentIndex": 6,
        "componentType": "sidewalk",
        "direction": "none",
        "widthMeters": 3,
        "color": "#8C8578",
        "geostripe": "band",
        "streetName": "Street 10"
      },
      "geometry": {
        "type": "Polygon",
        "coordinates": [
          [
            [
              -84.51224003543199,
              39.11112031196466
            ],
            [
              -84.51110889059409,
              39.10692121308792
            ],
            [
              -84.51107494532847,
              39.10692676346706
            ],
            [
              -84.51220609016637,
              39.1111258623438
            ],
            [
              -84.51224003543199,
              39.11112031196466
            ]
          ]
        ]
      }
    },
    {
      "type": "Feature",
      "id": "st-8cc855ff:0",
      "properties": {
        "featureClass": "band",
        "streetId": "st-8cc855ff",
        "componentId": "cmp-4364db33",
        "componentIndex": 0,
        "componentType": "sidewalk",
        "direction": "none",
        "widthMeters": 3,
        "color": "#8C8578",
        "geostripe": "band",
        "streetName": "Street 11"
      },
      "geometry": {
        "type": "Polygon",
        "coordinates": [
          [
            [
              -84.51179736229871,
              39.10991171388851
            ],
            [
              -84.51179091660195,
              39.109885161873976
            ],
            [
              -84.51083364240375,
              39.11002622906965
            ],
            [
              -84.50849143927287,
              39.110372771542345
            ],
            [
              -84.50827474024541,
              39.109556653898835
            ],
            [
              -84.50799216436906,
              39.10856563839408
            ],
            [
              -84.5086862580486,
              39.10844171651707
            ],
            [
              -84.50849052815397,
              39.107797320318426
            ],
            [
              -84.50833961932301,
              39.10760571945912
            ],
            [
              -84.50790138293752,
              39.10732651559334
            ],
            [
              -84.50719180909212,
              39.106893371332156
            ],
            [
              -84.50307798760328,
              39.10448503695395
            ],
            [
              -84.49882593261817,
              39.102050784293134
            ],
            [
              -84.49880539582617,
              39.10207256054392
            ],
            [
              -84.50305730131777,
              39.10450672762143
            ],
            [
              -84.50717069446812,
              39.10691481123951
            ],
            [
              -84.50787970771395,
              39.10734761329462
            ],
            [
              -84.50831312489987,
              39.10762374681026
            ],
            [
              -84.50845805791536,
              39.10780776049674
            ],
            [
              -84.50864446255417,
              39.1084214554098
            ],
            [
              -84.50795083451077,
              39.1085452941532
            ],
            [
              -84.50824082739277,
              39.10956232167175
            ],
            [
              -84.50846438766479,
              39.11040427968389
            ],
            [
              -84.51084010060622,
              39.11005277924131
            ],
            [
              -84.51179736229871,
              39.10991171388851
            ]
          ]
        ]
      }
    },
    {
      "type": "Feature",
      "id": "st-8cc855ff:1",
      "properties": {
        "featureClass": "band",
        "streetId": "st-8cc855ff",
        "componentId": "cmp-77b50091",
        "componentIndex": 1,
        "componentType": "bikeLaneProtected",
        "direction": "backward",
        "widthMeters": 3,
        "color": "#2F8A72",
        "geostripe": "band",
        "streetName": "Street 11"
      },
      "geometry": {
        "type": "Polygon",
        "coordinates": [
          [
            [
              -84.51179091660195,
              39.109885161873976
            ],
            [
              -84.51178447090518,
              39.109858609859444
            ],
            [
              -84.51082718420129,
              39.109999678898006
            ],
            [
              -84.50851849088095,
              39.110341263400805
            ],
            [
              -84.50830865309806,
              39.10955098612592
            ],
            [
              -84.50803349422735,
              39.108585982634956
            ],
            [
              -84.50872805354302,
              39.10846197762435
            ],
            [
              -84.50852299839259,
              39.107786880140104
            ],
            [
              -84.50836611374615,
              39.10758769210799
            ],
            [
              -84.5079230581611,
              39.107305417892064
            ],
            [
              -84.50721292371612,
              39.10687193142479
            ],
            [
              -84.50309867388877,
              39.10446334628648
            ],
            [
              -84.49884646941018,
              39.10202900804235
            ],
            [
              -84.49882593261817,
              39.102050784293134
            ],
            [
              -84.50307798760328,
              39.10448503695395
            ],
            [
              -84.50719180909212,
              39.106893371332156
            ],
            [
              -84.50790138293752,
              39.10732651559334
            ],
            [
              -84.50833961932301,
              39.10760571945912
            ],
            [
              -84.50849052815397,
              39.107797320318426
            ],
            [
              -84.5086862580486,
              39.10844171651707
            ],
            [
              -84.50799216436906,
              39.10856563839408
            ],
            [
              -84.50827474024541,
              39.109556653898835
            ],
            [
              -84.50849143927287,
              39.110372771542345
            ],
            [
              -84.51083364240375,
              39.11002622906965
            ],
            [
              -84.51179091660195,
              39.109885161873976
            ]
          ]
        ]
      }
    },
    {
      "type": "Feature",
      "id": "st-8cc855ff:2",
      "properties": {
        "featureClass": "band",
        "streetId": "st-8cc855ff",
        "componentId": "cmp-9d4993f8",
        "componentIndex": 2,
        "componentType": "travelLane",
        "direction": "backward",
        "widthMeters": 3,
        "color": "#4A5157",
        "geostripe": "band",
        "streetName": "Street 11"
      },
      "geometry": {
        "type": "Polygon",
        "coordinates": [
          [
            [
              -84.51178447090518,
              39.109858609859444
            ],
            [
              -84.51177802520841,
              39.10983205784491
            ],
            [
              -84.51082072599883,
              39.10997312872636
            ],
            [
              -84.50854554248903,
              39.110309755259266
            ],
            [
              -84.50834256595071,
              39.109545318353
            ],
            [
              -84.50807482408564,
              39.10860632687583
            ],
            [
              -84.50876984903745,
              39.10848223873163
            ],
            [
              -84.50855546863122,
              39.10777643996179
            ],
            [
              -84.50839260816929,
              39.10756966475685
            ],
            [
              -84.50794473338468,
              39.107284320190786
            ],
            [
              -84.50723403834013,
              39.106850491517434
            ],
            [
              -84.50311936017428,
              39.104441655619006
            ],
            [
              -84.49886700620219,
              39.10200723179157
            ],
            [
              -84.49884646941018,
              39.10202900804235
            ],
            [
              -84.50309867388877,
              39.10446334628648
            ],
            [
              -84.50721292371612,
              39.10687193142479
            ],
            [
              -84.5079230581611,
              39.107305417892064
            ],
            [
              -84.50836611374615,
              39.10758769210799
            ],
            [
              -84.50852299839259,
              39.107786880140104
            ],
            [
              -84.50872805354302,
              39.10846197762435
            ],
            [
              -84.50803349422735,
              39.108585982634956
            ],
            [
              -84.50830865309806,
              39.10955098612592
            ],
            [
              -84.50851849088095,
              39.110341263400805
            ],
            [
              -84.51082718420129,
              39.109999678898006
            ],
            [
              -84.51178447090518,
              39.109858609859444
            ]
          ]
        ]
      }
    },
    {
      "type": "Feature",
      "id": "st-8cc855ff:3",
      "properties": {
        "featureClass": "band",
        "streetId": "st-8cc855ff",
        "componentId": "cmp-35b5e5ad",
        "componentIndex": 3,
        "componentType": "turnLane",
        "direction": "both",
        "widthMeters": 3,
        "color": "#525A61",
        "geostripe": "band",
        "streetName": "Street 11"
      },
      "geometry": {
        "type": "Polygon",
        "coordinates": [
          [
            [
              -84.51177802520841,
              39.10983205784491
            ],
            [
              -84.51177157951166,
              39.10980550583038
            ],
            [
              -84.51081426779635,
              39.109946578554705
            ],
            [
              -84.5085725940971,
              39.11027824711772
            ],
            [
              -84.50837647880336,
              39.10953965058009
            ],
            [
              -84.50811615394394,
              39.10862667111671
            ],
            [
              -84.50881164453189,
              39.10850249983891
            ],
            [
              -84.50858793886982,
              39.107765999783474
            ],
            [
              -84.50841910259243,
              39.10755163740572
            ],
            [
              -84.50796640860824,
              39.10726322248951
            ],
            [
              -84.50725515296415,
              39.10682905161008
            ],
            [
              -84.50314004645978,
              39.104419964951525
            ],
            [
              -84.49888754299418,
              39.10198545554078
            ],
            [
              -84.49886700620219,
              39.10200723179157
            ],
            [
              -84.50311936017428,
              39.104441655619006
            ],
            [
              -84.50723403834013,
              39.106850491517434
            ],
            [
              -84.50794473338468,
              39.107284320190786
            ],
            [
              -84.50839260816929,
              39.10756966475685
            ],
            [
              -84.50855546863122,
              39.10777643996179
            ],
            [
              -84.50876984903745,
              39.10848223873163
            ],
            [
              -84.50807482408564,
              39.10860632687583
            ],
            [
              -84.50834256595071,
              39.109545318353
            ],
            [
              -84.50854554248903,
              39.110309755259266
            ],
            [
              -84.51082072599883,
              39.10997312872636
            ],
            [
              -84.51177802520841,
              39.10983205784491
            ]
          ]
        ]
      }
    },
    {
      "type": "Feature",
      "id": "st-8cc855ff:4",
      "properties": {
        "featureClass": "band",
        "streetId": "st-8cc855ff",
        "componentId": "cmp-19fe3853",
        "componentIndex": 4,
        "componentType": "travelLane",
        "direction": "forward",
        "widthMeters": 3,
        "color": "#4A5157",
        "geostripe": "band",
        "streetName": "Street 11"
      },
      "geometry": {
        "type": "Polygon",
        "coordinates": [
          [
            [
              -84.51177157951166,
              39.10980550583038
            ],
            [
              -84.51176513381489,
              39.10977895381585
            ],
            [
              -84.51080780959389,
              39.10992002838306
            ],
            [
              -84.50859964570519,
              39.11024673897618
            ],
            [
              -84.50841039165601,
              39.10953398280717
            ],
            [
              -84.50815748380224,
              39.10864701535758
            ],
            [
              -84.50885344002631,
              39.108522760946194
            ],
            [
              -84.50862040910845,
              39.10775555960516
            ],
            [
              -84.50844559701557,
              39.10753361005458
            ],
            [
              -84.50798808383182,
              39.10724212478823
            ],
            [
              -84.50727626758815,
              39.10680761170272
            ],
            [
              -84.50316073274529,
              39.10439827428405
            ],
            [
              -84.49890807978619,
              39.101963679289995
            ],
            [
              -84.49888754299418,
              39.10198545554078
            ],
            [
              -84.50314004645978,
              39.104419964951525
            ],
            [
              -84.50725515296415,
              39.10682905161008
            ],
            [
              -84.50796640860824,
              39.10726322248951
            ],
            [
              -84.50841910259243,
              39.10755163740572
            ],
            [
              -84.50858793886982,
              39.107765999783474
            ],
            [
              -84.50881164453189,
              39.10850249983891
            ],
            [
              -84.50811615394394,
              39.10862667111671
            ],
            [
              -84.50837647880336,
              39.10953965058009
            ],
            [
              -84.5085725940971,
              39.11027824711772
            ],
            [
              -84.51081426779635,
              39.109946578554705
            ],
            [
              -84.51177157951166,
              39.10980550583038
            ]
          ]
        ]
      }
    },
    {
      "type": "Feature",
      "id": "st-8cc855ff:5",
      "properties": {
        "featureClass": "band",
        "streetId": "st-8cc855ff",
        "componentId": "cmp-a97e9b1b",
        "componentIndex": 5,
        "componentType": "bikeLaneProtected",
        "direction": "forward",
        "widthMeters": 3,
        "color": "#2F8A72",
        "geostripe": "band",
        "streetName": "Street 11"
      },
      "geometry": {
        "type": "Polygon",
        "coordinates": [
          [
            [
              -84.51176513381489,
              39.10977895381585
            ],
            [
              -84.51175868811812,
              39.109752401801316
            ],
            [
              -84.51080135139142,
              39.10989347821141
            ],
            [
              -84.50862669731326,
              39.11021523083464
            ],
            [
              -84.50844430450866,
              39.109528315034254
            ],
            [
              -84.50819881366053,
              39.108667359598456
            ],
            [
              -84.50889523552074,
              39.108543022053475
            ],
            [
              -84.50865287934707,
              39.10774511942684
            ],
            [
              -84.5084720914387,
              39.10751558270345
            ],
            [
              -84.5080097590554,
              39.10722102708695
            ],
            [
              -84.50729738221216,
              39.106786171795356
            ],
            [
              -84.50318141903078,
              39.10437658361658
            ],
            [
              -84.4989286165782,
              39.10194190303921
            ],
            [
              -84.49890807978619,
              39.101963679289995
            ],
            [
              -84.50316073274529,
              39.10439827428405
            ],
            [
              -84.50727626758815,
              39.10680761170272
            ],
            [
              -84.50798808383182,
              39.10724212478823
            ],
            [
              -84.50844559701557,
              39.10753361005458
            ],
            [
              -84.50862040910845,
              39.10775555960516
            ],
            [
              -84.50885344002631,
              39.108522760946194
            ],
            [
              -84.50815748380224,
              39.10864701535758
            ],
            [
              -84.50841039165601,
              39.10953398280717
            ],
            [
              -84.50859964570519,
              39.11024673897618
            ],
            [
              -84.51080780959389,
              39.10992002838306
            ],
            [
              -84.51176513381489,
              39.10977895381585
            ]
          ]
        ]
      }
    },
    {
      "type": "Feature",
      "id": "st-8cc855ff:6",
      "properties": {
        "featureClass": "band",
        "streetId": "st-8cc855ff",
        "componentId": "cmp-d67b4d27",
        "componentIndex": 6,
        "componentType": "sidewalk",
        "direction": "none",
        "widthMeters": 3,
        "color": "#8C8578",
        "geostripe": "band",
        "streetName": "Street 11"
      },
      "geometry": {
        "type": "Polygon",
        "coordinates": [
          [
            [
              -84.51175868811812,
              39.109752401801316
            ],
            [
              -84.51175224242137,
              39.109725849786784
            ],
            [
              -84.51079489318896,
              39.10986692803976
            ],
            [
              -84.50865374892135,
              39.110183722693094
            ],
            [
              -84.5084782173613,
              39.109522647261336
            ],
            [
              -84.50824014351882,
              39.10868770383934
            ],
            [
              -84.50893703101517,
              39.10856328316075
            ],
            [
              -84.50868534958568,
              39.10773467924852
            ],
            [
              -84.50849858586184,
              39.10749755535231
            ],
            [
              -84.50803143427896,
              39.10719992938567
            ],
            [
              -84.50731849683616,
              39.106764731888
            ],
            [
              -84.50320210531629,
              39.104354892949104
            ],
            [
              -84.4989491533702,
              39.10192012678843
            ],
            [
              -84.4989286165782,
              39.10194190303921
            ],
            [
              -84.50318141903078,
              39.10437658361658
            ],
            [
              -84.50729738221216,
              39.106786171795356
            ],
            [
              -84.5080097590554,
              39.10722102708695
            ],
            [
              -84.5084720914387,
              39.10751558270345
            ],
            [
              -84.50865287934707,
              39.10774511942684
            ],
            [
              -84.50889523552074,
              39.108543022053475
            ],
            [
              -84.50819881366053,
              39.108667359598456
            ],
            [
              -84.50844430450866,
              39.109528315034254
            ],
            [
              -84.50862669731326,
              39.11021523083464
            ],
            [
              -84.51080135139142,
              39.10989347821141
            ],
            [
              -84.51175868811812,
              39.109752401801316
            ]
          ]
        ]
      }
    },
    {
      "type": "Feature",
      "id": "st-23c54ad0:0",
      "properties": {
        "featureClass": "band",
        "streetId": "st-23c54ad0",
        "componentId": "cmp-41302b8e",
        "componentIndex": 0,
        "componentType": "sidewalk",
        "direction": "none",
        "widthMeters": 3,
        "color": "#8C8578",
        "geostripe": "band",
        "streetName": "Street 10"
      },
      "geometry": {
        "type": "Polygon",
        "coordinates": [
          [
            [
              -84.50867024349841,
              39.10826866621681
            ],
            [
              -84.5086571350511,
              39.108243647603516
            ],
            [
              -84.50823730356544,
              39.108377164963414
            ],
            [
              -84.50787694070223,
              39.10855271261597
            ],
            [
              -84.50724207572652,
              39.10884744521881
            ],
            [
              -84.50566107642109,
              39.10947010837184
            ],
            [
              -84.5049008598787,
              39.10985212158846
            ],
            [
              -84.50462898445426,
              39.11006678096218
            ],
            [
              -84.50433668316471,
              39.110451198810864
            ],
            [
              -84.50397750491035,
              39.111038254890005
            ],
            [
              -84.50400881483885,
              39.111049882413695
            ],
            [
              -84.50436732102189,
              39.11046392479625
            ],
            [
              -84.50465665946487,
              39.11008340351301
            ],
            [
              -84.50492286785237,
              39.109873218551066
            ],
            [
              -84.50567834791775,
              39.10949358544158
            ],
            [
              -84.50725879732998,
              39.10887113885932
            ],
            [
              -84.50789501463805,
              39.10857577844355
            ],
            [
              -84.50825316817459,
              39.108401307045376
            ],
            [
              -84.50867024349841,
              39.10826866621681
            ]
          ]
        ]
      }
    },
    {
      "type": "Feature",
      "id": "st-23c54ad0:1",
      "properties": {
        "featureClass": "band",
        "streetId": "st-23c54ad0",
        "componentId": "cmp-693e3edf",
        "componentIndex": 1,
        "componentType": "travelLane",
        "direction": "backward",
        "widthMeters": 3.35,
        "color": "#4A5157",
        "geostripe": "band",
        "streetName": "Street 10"
      },
      "geometry": {
        "type": "Polygon",
        "coordinates": [
          [
            [
              -84.5086571350511,
              39.108243647603516
            ],
            [
              -84.50864249728491,
              39.108215710152
            ],
            [
              -84.50821958808521,
              39.108350206305225
            ],
            [
              -84.50785675814058,
              39.10852695577516
            ],
            [
              -84.50722340326934,
              39.10882098732024
            ],
            [
              -84.50564178991648,
              39.10944389231063
            ],
            [
              -84.5048762843081,
              39.109828563313556
            ],
            [
              -84.50459808069242,
              39.11004821911374
            ],
            [
              -84.50430247089086,
              39.11043698812718
            ],
            [
              -84.50394254215686,
              39.11102527082188
            ],
            [
              -84.50397750491035,
              39.111038254890005
            ],
            [
              -84.50433668316471,
              39.110451198810864
            ],
            [
              -84.50462898445426,
              39.11006678096218
            ],
            [
              -84.5049008598787,
              39.10985212158846
            ],
            [
              -84.50566107642109,
              39.10947010837184
            ],
            [
              -84.50724207572652,
              39.10884744521881
            ],
            [
              -84.50787694070223,
              39.10855271261597
            ],
            [
              -84.50823730356544,
              39.108377164963414
            ],
            [
              -84.5086571350511,
              39.108243647603516
            ]
          ]
        ]
      }
    },
    {
      "type": "Feature",
      "id": "st-23c54ad0:2",
      "properties": {
        "featureClass": "band",
        "streetId": "st-23c54ad0",
        "componentId": "cmp-aa6b73bc",
        "componentIndex": 2,
        "componentType": "travelLane",
        "direction": "backward",
        "widthMeters": 3.35,
        "color": "#4A5157",
        "geostripe": "band",
        "streetName": "Street 10"
      },
      "geometry": {
        "type": "Polygon",
        "coordinates": [
          [
            [
              -84.50864249728491,
              39.108215710152
            ],
            [
              -84.50862785951873,
              39.10818777270049
            ],
            [
              -84.50820187260497,
              39.10832324764703
            ],
            [
              -84.5078365755789,
              39.108501198934356
            ],
            [
              -84.50720473081213,
              39.10879452942167
            ],
            [
              -84.50562250341186,
              39.10941767624942
            ],
            [
              -84.50485170873749,
              39.10980500503865
            ],
            [
              -84.50456717693058,
              39.110029657265315
            ],
            [
              -84.50426825861702,
              39.110422777443496
            ],
            [
              -84.50390757940337,
              39.111012286753756
            ],
            [
              -84.50394254215686,
              39.11102527082188
            ],
            [
              -84.50430247089086,
              39.11043698812718
            ],
            [
              -84.50459808069242,
              39.11004821911374
            ],
            [
              -84.5048762843081,
              39.109828563313556
            ],
            [
              -84.50564178991648,
              39.10944389231063
            ],
            [
              -84.50722340326934,
              39.10882098732024
            ],
            [
              -84.50785675814058,
              39.10852695577516
            ],
            [
              -84.50821958808521,
              39.108350206305225
            ],
            [
              -84.50864249728491,
              39.108215710152
            ]
          ]
        ]
      }
    },
    {
      "type": "Feature",
      "id": "st-23c54ad0:3",
      "properties": {
        "featureClass": "band",
        "streetId": "st-23c54ad0",
        "componentId": "cmp-98c81427",
        "componentIndex": 3,
        "componentType": "travelLane",
        "direction": "backward",
        "widthMeters": 3.35,
        "color": "#4A5157",
        "geostripe": "band",
        "streetName": "Street 10"
      },
      "geometry": {
        "type": "Polygon",
        "coordinates": [
          [
            [
              -84.50862785951873,
              39.10818777270049
            ],
            [
              -84.50861322175255,
              39.108159835248976
            ],
            [
              -84.50818415712475,
              39.10829628898884
            ],
            [
              -84.50781639301724,
              39.10847544209356
            ],
            [
              -84.50718605835493,
              39.1087680715231
            ],
            [
              -84.50560321690725,
              39.10939146018822
            ],
            [
              -84.50482713316688,
              39.10978144676374
            ],
            [
              -84.50453627316874,
              39.11001109541688
            ],
            [
              -84.50423404634317,
              39.110408566759816
            ],
            [
              -84.50387261664989,
              39.11099930268563
            ],
            [
              -84.50390757940337,
              39.111012286753756
            ],
            [
              -84.50426825861702,
              39.110422777443496
            ],
            [
              -84.50456717693058,
              39.110029657265315
            ],
            [
              -84.50485170873749,
              39.10980500503865
            ],
            [
              -84.50562250341186,
              39.10941767624942
            ],
            [
              -84.50720473081213,
              39.10879452942167
            ],
            [
              -84.5078365755789,
              39.108501198934356
            ],
            [
              -84.50820187260497,
              39.10832324764703
            ],
            [
              -84.50862785951873,
              39.10818777270049
            ]
          ]
        ]
      }
    },
    {
      "type": "Feature",
      "id": "st-23c54ad0:4",
      "properties": {
        "featureClass": "band",
        "streetId": "st-23c54ad0",
        "componentId": "cmp-55040960",
        "componentIndex": 4,
        "componentType": "median",
        "direction": "none",
        "widthMeters": 2.4,
        "color": "#5E7A4A",
        "geostripe": "band",
        "streetName": "Street 10"
      },
      "geometry": {
        "type": "Polygon",
        "coordinates": [
          [
            [
              -84.50861322175255,
              39.108159835248976
            ],
            [
              -84.50860273499468,
              39.10813982035834
            ],
            [
              -84.50817146543743,
              39.108276975323264
            ],
            [
              -84.50780193386859,
              39.10845698943148
            ],
            [
              -84.50717268107218,
              39.108749116610696
            ],
            [
              -84.50558939970992,
              39.109372678532424
            ],
            [
              -84.50480952678794,
              39.109764569193665
            ],
            [
              -84.50451413316024,
              39.10999779737621
            ],
            [
              -84.50420953605742,
              39.11039838597151
            ],
            [
              -84.5038475687071,
              39.110990000666675
            ],
            [
              -84.50387261664989,
              39.11099930268563
            ],
            [
              -84.50423404634317,
              39.110408566759816
            ],
            [
              -84.50453627316874,
              39.11001109541688
            ],
            [
              -84.50482713316688,
              39.10978144676374
            ],
            [
              -84.50560321690725,
              39.10939146018822
            ],
            [
              -84.50718605835493,
              39.1087680715231
            ],
            [
              -84.50781639301724,
              39.10847544209356
            ],
            [
              -84.50818415712475,
              39.10829628898884
            ],
            [
              -84.50861322175255,
              39.108159835248976
            ]
          ]
        ]
      }
    },
    {
      "type": "Feature",
      "id": "st-23c54ad0:5",
      "properties": {
        "featureClass": "band",
        "streetId": "st-23c54ad0",
        "componentId": "cmp-660fcae5",
        "componentIndex": 5,
        "componentType": "travelLane",
        "direction": "forward",
        "widthMeters": 3.35,
        "color": "#4A5157",
        "geostripe": "band",
        "streetName": "Street 10"
      },
      "geometry": {
        "type": "Polygon",
        "coordinates": [
          [
            [
              -84.50860273499468,
              39.10813982035834
            ],
            [
              -84.50858809722851,
              39.108111882906826
            ],
            [
              -84.5081537499572,
              39.108250016665075
            ],
            [
              -84.50778175130692,
              39.10843123259068
            ],
            [
              -84.50715400861498,
              39.108722658712125
            ],
            [
              -84.50557011320531,
              39.10934646247122
            ],
            [
              -84.50478495121733,
              39.10974101091875
            ],
            [
              -84.5044832293984,
              39.109979235527774
            ],
            [
              -84.50417532378357,
              39.11038417528783
            ],
            [
              -84.50381260595361,
              39.11097701659855
            ],
            [
              -84.5038475687071,
              39.110990000666675
            ],
            [
              -84.50420953605742,
              39.11039838597151
            ],
            [
              -84.50451413316024,
              39.10999779737621
            ],
            [
              -84.50480952678794,
              39.109764569193665
            ],
            [
              -84.50558939970992,
              39.109372678532424
            ],
            [
              -84.50717268107218,
              39.108749116610696
            ],
            [
              -84.50780193386859,
              39.10845698943148
            ],
            [
              -84.50817146543743,
              39.108276975323264
            ],
            [
              -84.50860273499468,
              39.10813982035834
            ]
          ]
        ]
      }
    },
    {
      "type": "Feature",
      "id": "st-23c54ad0:6",
      "properties": {
        "featureClass": "band",
        "streetId": "st-23c54ad0",
        "componentId": "cmp-386afb22",
        "componentIndex": 6,
        "componentType": "travelLane",
        "direction": "forward",
        "widthMeters": 3.35,
        "color": "#4A5157",
        "geostripe": "band",
        "streetName": "Street 10"
      },
      "geometry": {
        "type": "Polygon",
        "coordinates": [
          [
            [
              -84.50858809722851,
              39.108111882906826
            ],
            [
              -84.50857345946233,
              39.10808394545531
            ],
            [
              -84.50813603447696,
              39.10822305800688
            ],
            [
              -84.50776156874525,
              39.108405475749876
            ],
            [
              -84.50713533615777,
              39.108696200813554
            ],
            [
              -84.50555082670068,
              39.109320246410014
            ],
            [
              -84.50476037564673,
              39.10971745264385
            ],
            [
              -84.50445232563656,
              39.109960673679346
            ],
            [
              -84.50414111150972,
              39.110369964604146
            ],
            [
              -84.50377764320012,
              39.110964032530426
            ],
            [
              -84.50381260595361,
              39.11097701659855
            ],
            [
              -84.50417532378357,
              39.11038417528783
            ],
            [
              -84.5044832293984,
              39.109979235527774
            ],
            [
              -84.50478495121733,
              39.10974101091875
            ],
            [
              -84.50557011320531,
              39.10934646247122
            ],
            [
              -84.50715400861498,
              39.108722658712125
            ],
            [
              -84.50778175130692,
              39.10843123259068
            ],
            [
              -84.5081537499572,
              39.108250016665075
            ],
            [
              -84.50858809722851,
              39.108111882906826
            ]
          ]
        ]
      }
    },
    {
      "type": "Feature",
      "id": "st-23c54ad0:7",
      "properties": {
        "featureClass": "band",
        "streetId": "st-23c54ad0",
        "componentId": "cmp-d2dadb45",
        "componentIndex": 7,
        "componentType": "travelLane",
        "direction": "forward",
        "widthMeters": 3.35,
        "color": "#4A5157",
        "geostripe": "band",
        "streetName": "Street 10"
      },
      "geometry": {
        "type": "Polygon",
        "coordinates": [
          [
            [
              -84.50857345946233,
              39.10808394545531
            ],
            [
              -84.50855882169614,
              39.1080560080038
            ],
            [
              -84.50811831899674,
              39.10819609934869
            ],
            [
              -84.5077413861836,
              39.10837971890907
            ],
            [
              -84.50711666370059,
              39.10866974291499
            ],
            [
              -84.50553154019607,
              39.109294030348806
            ],
            [
              -84.50473580007612,
              39.109693894368945
            ],
            [
              -84.50442142187472,
              39.10994211183091
            ],
            [
              -84.50410689923588,
              39.11035575392046
            ],
            [
              -84.50374268044663,
              39.1109510484623
            ],
            [
              -84.50377764320012,
              39.110964032530426
            ],
            [
              -84.50414111150972,
              39.110369964604146
            ],
            [
              -84.50445232563656,
              39.109960673679346
            ],
            [
              -84.50476037564673,
              39.10971745264385
            ],
            [
              -84.50555082670068,
              39.109320246410014
            ],
            [
              -84.50713533615777,
              39.108696200813554
            ],
            [
              -84.50776156874525,
              39.108405475749876
            ],
            [
              -84.50813603447696,
              39.10822305800688
            ],
            [
              -84.50857345946233,
              39.10808394545531
            ]
          ]
        ]
      }
    },
    {
      "type": "Feature",
      "id": "st-23c54ad0:8",
      "properties": {
        "featureClass": "band",
        "streetId": "st-23c54ad0",
        "componentId": "cmp-c4240d2c",
        "componentIndex": 8,
        "componentType": "sidewalk",
        "direction": "none",
        "widthMeters": 3,
        "color": "#8C8578",
        "geostripe": "band",
        "streetName": "Street 10"
      },
      "geometry": {
        "type": "Polygon",
        "coordinates": [
          [
            [
              -84.50855882169614,
              39.1080560080038
            ],
            [
              -84.50854571324882,
              39.10803098939051
            ],
            [
              -84.50810245438758,
              39.10817195726673
            ],
            [
              -84.50772331224778,
              39.108356653081486
            ],
            [
              -84.50709994209713,
              39.108646049274476
            ],
            [
              -84.50551426869941,
              39.10927055327907
            ],
            [
              -84.50471379210245,
              39.10967279740634
            ],
            [
              -84.50439374686411,
              39.10992548928008
            ],
            [
              -84.5040762613787,
              39.11034302793507
            ],
            [
              -84.50371137051813,
              39.11093942093861
            ],
            [
              -84.50374268044663,
              39.1109510484623
            ],
            [
              -84.50410689923588,
              39.11035575392046
            ],
            [
              -84.50442142187472,
              39.10994211183091
            ],
            [
              -84.50473580007612,
              39.109693894368945
            ],
            [
              -84.50553154019607,
              39.109294030348806
            ],
            [
              -84.50711666370059,
              39.10866974291499
            ],
            [
              -84.5077413861836,
              39.10837971890907
            ],
            [
              -84.50811831899674,
              39.10819609934869
            ],
            [
              -84.50855882169614,
              39.1080560080038
            ]
          ]
        ]
      }
    }
  ],
  "metadata": {
    "geostripeProject": 1,
    "name": "cinci",
    "editorVersion": "0.1.0",
    "generated": "2026-08-26T16:10:16.451Z",
    "junctions": {
      "st-b0917039~st-e5ff3277#0": {
        "corners": [
          {
            "treatment": "plain",
            "bulbOutMeters": 2.4
          }
        ],
        "legs": [
          {
            "crosswalk": {
              "style": "continental",
              "widthMeters": 3,
              "setbackMeters": 0
            },
            "stopBar": true
          },
          {
            "crosswalk": {
              "style": "continental",
              "widthMeters": 3,
              "setbackMeters": 0
            }
          },
          {
            "crosswalk": {
              "style": "continental",
              "widthMeters": 3,
              "setbackMeters": 0
            }
          },
          {
            "crosswalk": {
              "style": "continental",
              "widthMeters": 3,
              "setbackMeters": 0
            }
          }
        ]
      },
      "st-654626d6~st-df65d7c9#0": {
        "legs": [
          {
            "crosswalk": {
              "style": "ladder",
              "widthMeters": 3,
              "setbackMeters": 0
            },
            "stopBar": true
          },
          null,
          {
            "stopBar": false
          }
        ]
      },
      "st-6ac8fbb5~st-ddbfa8d9~st-fbd4ca26#0": {
        "corners": [
          {
            "treatment": "plain",
            "bulbOutMeters": 2.4
          },
          {
            "treatment": "plain",
            "bulbOutMeters": 2.4
          },
          {
            "treatment": "plain",
            "bulbOutMeters": 2.4
          }
        ],
        "legs": [
          {
            "crosswalk": null
          },
          {
            "crosswalk": null
          },
          {
            "crosswalk": null
          },
          {
            "crosswalk": null
          }
        ]
      }
    }
  }
}
